,Info.title,Info.description,Info.version,Info.contact.name,Info.contact.url,Info.contact.email,QueryName,TimeTaken(s),Date/Time,Date/TimeConverted,IPA#,Service,Query#,filters.op,filters.content,QueryName(shortened),filters.content.field,filters.content.value,Info.Title,Info.Info.title,Info.Info.description,Info.Info.version,Info.Info.last_update,Info.Info.contact.name,Info.Info.contact.url,Info.Info.contact.email,Info.Info.license.name,Info.Info.api.title,Info.Info.api.version,Info.Info.api.contact.name,Info.Info.api.contact.url,Info.Info.api.contact.email,Info.Info.api.contact.description,Info.Info.schema.title,Info.Info.schema.description,Info.Info.schema.version,Info.Info.schema.contact.name,Info.Info.schema.contact.url
0,AIRR Data Commons API for VDJServer Community Data Portal,VDJServer ADC API response for repertoire query,1.3,VDJServer,http://vdjserver.org/,vdjserver@utsouthwestern.edu,/home/ubuntu/ireceptor-monitor/performance_scripts/queries/repertoires/pass-all.json,4.938863754272461,2023-01-04 11:33:37.805947,2023-01-04 03:33:37.805947-08:00,vdjserver,VDJServer (US),,,,pass-all.json,,,,,,,,,,,,,,,,,,,,,,
1,AIRR Data Commons API for VDJServer Community Data Portal,VDJServer ADC API response for repertoire query,1.3,VDJServer,http://vdjserver.org/,vdjserver@utsouthwestern.edu,/home/ubuntu/ireceptor-monitor/performance_scripts/queries/repertoires/pass-field-organism-id.json,1.942208766937256,2023-01-04 11:33:39.899743,2023-01-04 03:33:39.899743-08:00,vdjserver,VDJServer (US),,,,pass-field-organism-id.json,,,,,,,,,,,,,,,,,,,,,,
2,AIRR Data Commons API for VDJServer Community Data Portal,VDJServer ADC API response for repertoire query,1.3,VDJServer,http://vdjserver.org/,vdjserver@utsouthwestern.edu,/home/ubuntu/ireceptor-monitor/performance_scripts/queries/repertoires/pass-field-pcr_target_locus.json,1.3324682712554932,2023-01-04 11:33:41.315757,2023-01-04 03:33:41.315757-08:00,vdjserver,VDJServer (US),,,,pass-field-pcr_target_locus.json,,,,,,,,,,,,,,,,,,,,,,
3,AIRR Data Commons API for VDJServer Community Data Portal,VDJServer ADC API response for repertoire query,1.3,VDJServer,http://vdjserver.org/,vdjserver@utsouthwestern.edu,/home/ubuntu/ireceptor-monitor/performance_scripts/queries/repertoires/pass-field-age-range.json,3.5360107421875,2023-01-04 11:33:45.303673,2023-01-04 03:33:45.303673-08:00,vdjserver,VDJServer (US),,,,pass-field-age-range.json,,,,,,,,,,,,,,,,,,,,,,
4,AIRR Data Commons API for VDJServer Community Data Portal,VDJServer ADC API response for repertoire query,1.3,VDJServer,http://vdjserver.org/,vdjserver@utsouthwestern.edu,/home/ubuntu/ireceptor-monitor/performance_scripts/queries/repertoires/pass-query2_repertoire.json,0.4246664047241211,2023-01-04 11:33:45.750190,2023-01-04 03:33:45.750190-08:00,vdjserver,VDJServer (US),,,,pass-query2_repertoire.json,,,,,,,,,,,,,,,,,,,,,,
0,AIRR Data Commons API for VDJServer Community Data Portal,VDJServer ADC API response for repertoire query,1.3,VDJServer,http://vdjserver.org/,vdjserver@utsouthwestern.edu,/home/ubuntu/ireceptor-monitor/performance_scripts/queries/repertoires/pass-all.json,5.194220542907715,2023-01-04 15:33:38.318817,2023-01-04 07:33:38.318817-08:00,vdjserver,VDJServer (US),,,,pass-all.json,,,,,,,,,,,,,,,,,,,,,,
1,AIRR Data Commons API for VDJServer Community Data Portal,VDJServer ADC API response for repertoire query,1.3,VDJServer,http://vdjserver.org/,vdjserver@utsouthwestern.edu,/home/ubuntu/ireceptor-monitor/performance_scripts/queries/repertoires/pass-field-organism-id.json,1.7450978755950928,2023-01-04 15:33:40.226947,2023-01-04 07:33:40.226947-08:00,vdjserver,VDJServer (US),,,,pass-field-organism-id.json,,,,,,,,,,,,,,,,,,,,,,
2,AIRR Data Commons API for VDJServer Community Data Portal,VDJServer ADC API response for repertoire query,1.3,VDJServer,http://vdjserver.org/,vdjserver@utsouthwestern.edu,/home/ubuntu/ireceptor-monitor/performance_scripts/queries/repertoires/pass-field-pcr_target_locus.json,1.4889307022094729,2023-01-04 15:33:41.805440,2023-01-04 07:33:41.805440-08:00,vdjserver,VDJServer (US),,,,pass-field-pcr_target_locus.json,,,,,,,,,,,,,,,,,,,,,,
3,AIRR Data Commons API for VDJServer Community Data Portal,VDJServer ADC API response for repertoire query,1.3,VDJServer,http://vdjserver.org/,vdjserver@utsouthwestern.edu,/home/ubuntu/ireceptor-monitor/performance_scripts/queries/repertoires/pass-field-age-range.json,3.5192618370056152,2023-01-04 15:33:45.777332,2023-01-04 07:33:45.777332-08:00,vdjserver,VDJServer (US),,,,pass-field-age-range.json,,,,,,,,,,,,,,,,,,,,,,
4,AIRR Data Commons API for VDJServer Community Data Portal,VDJServer ADC API response for repertoire query,1.3,VDJServer,http://vdjserver.org/,vdjserver@utsouthwestern.edu,/home/ubuntu/ireceptor-monitor/performance_scripts/queries/repertoires/pass-query2_repertoire.json,0.4375820159912109,2023-01-04 15:33:46.232062,2023-01-04 07:33:46.232062-08:00,vdjserver,VDJServer (US),,,,pass-query2_repertoire.json,,,,,,,,,,,,,,,,,,,,,,
0,AIRR Data Commons API for VDJServer Community Data Portal,VDJServer ADC API response for repertoire query,1.3,VDJServer,http://vdjserver.org/,vdjserver@utsouthwestern.edu,/home/ubuntu/ireceptor-monitor/performance_scripts/queries/repertoires/pass-all.json,5.794860363006593,2023-01-04 19:33:37.220500,2023-01-04 11:33:37.220500-08:00,vdjserver,VDJServer (US),,,,pass-all.json,,,,,,,,,,,,,,,,,,,,,,
1,AIRR Data Commons API for VDJServer Community Data Portal,VDJServer ADC API response for repertoire query,1.3,VDJServer,http://vdjserver.org/,vdjserver@utsouthwestern.edu,/home/ubuntu/ireceptor-monitor/performance_scripts/queries/repertoires/pass-field-organism-id.json,1.7593708038330078,2023-01-04 19:33:39.145251,2023-01-04 11:33:39.145251-08:00,vdjserver,VDJServer (US),,,,pass-field-organism-id.json,,,,,,,,,,,,,,,,,,,,,,
2,AIRR Data Commons API for VDJServer Community Data Portal,VDJServer ADC API response for repertoire query,1.3,VDJServer,http://vdjserver.org/,vdjserver@utsouthwestern.edu,/home/ubuntu/ireceptor-monitor/performance_scripts/queries/repertoires/pass-field-pcr_target_locus.json,1.3833775520324707,2023-01-04 19:33:40.620864,2023-01-04 11:33:40.620864-08:00,vdjserver,VDJServer (US),,,,pass-field-pcr_target_locus.json,,,,,,,,,,,,,,,,,,,,,,
3,AIRR Data Commons API for VDJServer Community Data Portal,VDJServer ADC API response for repertoire query,1.3,VDJServer,http://vdjserver.org/,vdjserver@utsouthwestern.edu,/home/ubuntu/ireceptor-monitor/performance_scripts/queries/repertoires/pass-field-age-range.json,3.571357250213623,2023-01-04 19:33:44.652893,2023-01-04 11:33:44.652893-08:00,vdjserver,VDJServer (US),,,,pass-field-age-range.json,,,,,,,,,,,,,,,,,,,,,,
4,AIRR Data Commons API for VDJServer Community Data Portal,VDJServer ADC API response for repertoire query,1.3,VDJServer,http://vdjserver.org/,vdjserver@utsouthwestern.edu,/home/ubuntu/ireceptor-monitor/performance_scripts/queries/repertoires/pass-query2_repertoire.json,0.4313671588897705,2023-01-04 19:33:45.103814,2023-01-04 11:33:45.103814-08:00,vdjserver,VDJServer (US),,,,pass-query2_repertoire.json,,,,,,,,,,,,,,,,,,,,,,
0,AIRR Data Commons API for VDJServer Community Data Portal,VDJServer ADC API response for repertoire query,1.3,VDJServer,http://vdjserver.org/,vdjserver@utsouthwestern.edu,/home/ubuntu/ireceptor-monitor/performance_scripts/queries/repertoires/pass-all.json,4.511167287826538,2023-01-04 23:33:37.696047,2023-01-04 15:33:37.696047-08:00,vdjserver,VDJServer (US),,,,pass-all.json,,,,,,,,,,,,,,,,,,,,,,
1,AIRR Data Commons API for VDJServer Community Data Portal,VDJServer ADC API response for repertoire query,1.3,VDJServer,http://vdjserver.org/,vdjserver@utsouthwestern.edu,/home/ubuntu/ireceptor-monitor/performance_scripts/queries/repertoires/pass-field-organism-id.json,1.716702222824097,2023-01-04 23:33:39.585301,2023-01-04 15:33:39.585301-08:00,vdjserver,VDJServer (US),,,,pass-field-organism-id.json,,,,,,,,,,,,,,,,,,,,,,
2,AIRR Data Commons API for VDJServer Community Data Portal,VDJServer ADC API response for repertoire query,1.3,VDJServer,http://vdjserver.org/,vdjserver@utsouthwestern.edu,/home/ubuntu/ireceptor-monitor/performance_scripts/queries/repertoires/pass-field-pcr_target_locus.json,1.3644294738769531,2023-01-04 23:33:41.044730,2023-01-04 15:33:41.044730-08:00,vdjserver,VDJServer (US),,,,pass-field-pcr_target_locus.json,,,,,,,,,,,,,,,,,,,,,,
3,AIRR Data Commons API for VDJServer Community Data Portal,VDJServer ADC API response for repertoire query,1.3,VDJServer,http://vdjserver.org/,vdjserver@utsouthwestern.edu,/home/ubuntu/ireceptor-monitor/performance_scripts/queries/repertoires/pass-field-age-range.json,3.4575901031494136,2023-01-04 23:33:44.976129,2023-01-04 15:33:44.976129-08:00,vdjserver,VDJServer (US),,,,pass-field-age-range.json,,,,,,,,,,,,,,,,,,,,,,
4,AIRR Data Commons API for VDJServer Community Data Portal,VDJServer ADC API response for repertoire query,1.3,VDJServer,http://vdjserver.org/,vdjserver@utsouthwestern.edu,/home/ubuntu/ireceptor-monitor/performance_scripts/queries/repertoires/pass-query2_repertoire.json,0.4178547859191895,2023-01-04 23:33:45.414252,2023-01-04 15:33:45.414252-08:00,vdjserver,VDJServer (US),,,,pass-query2_repertoire.json,,,,,,,,,,,,,,,,,,,,,,
0,AIRR Data Commons API for VDJServer Community Data Portal,VDJServer ADC API response for repertoire query,1.3,VDJServer,http://vdjserver.org/,vdjserver@utsouthwestern.edu,/home/ubuntu/ireceptor-monitor/performance_scripts/queries/repertoires/pass-all.json,4.9361932277679434,2023-01-05 03:33:39.964773,2023-01-04 19:33:39.964773-08:00,vdjserver,VDJServer (US),,,,pass-all.json,,,,,,,,,,,,,,,,,,,,,,
1,AIRR Data Commons API for VDJServer Community Data Portal,VDJServer ADC API response for repertoire query,1.3,VDJServer,http://vdjserver.org/,vdjserver@utsouthwestern.edu,/home/ubuntu/ireceptor-monitor/performance_scripts/queries/repertoires/pass-field-organism-id.json,2.6101648807525635,2023-01-05 03:33:42.725697,2023-01-04 19:33:42.725697-08:00,vdjserver,VDJServer (US),,,,pass-field-organism-id.json,,,,,,,,,,,,,,,,,,,,,,
2,AIRR Data Commons API for VDJServer Community Data Portal,VDJServer ADC API response for repertoire query,1.3,VDJServer,http://vdjserver.org/,vdjserver@utsouthwestern.edu,/home/ubuntu/ireceptor-monitor/performance_scripts/queries/repertoires/pass-field-pcr_target_locus.json,1.3812854290008545,2023-01-05 03:33:44.196800,2023-01-04 19:33:44.196800-08:00,vdjserver,VDJServer (US),,,,pass-field-pcr_target_locus.json,,,,,,,,,,,,,,,,,,,,,,
3,AIRR Data Commons API for VDJServer Community Data Portal,VDJServer ADC API response for repertoire query,1.3,VDJServer,http://vdjserver.org/,vdjserver@utsouthwestern.edu,/home/ubuntu/ireceptor-monitor/performance_scripts/queries/repertoires/pass-field-age-range.json,3.8451261520385738,2023-01-05 03:33:48.487219,2023-01-04 19:33:48.487219-08:00,vdjserver,VDJServer (US),,,,pass-field-age-range.json,,,,,,,,,,,,,,,,,,,,,,
4,AIRR Data Commons API for VDJServer Community Data Portal,VDJServer ADC API response for repertoire query,1.3,VDJServer,http://vdjserver.org/,vdjserver@utsouthwestern.edu,/home/ubuntu/ireceptor-monitor/performance_scripts/queries/repertoires/pass-query2_repertoire.json,0.44454479217529297,2023-01-05 03:33:48.947860,2023-01-04 19:33:48.947860-08:00,vdjserver,VDJServer (US),,,,pass-query2_repertoire.json,,,,,,,,,,,,,,,,,,,,,,
0,AIRR Data Commons API for VDJServer Community Data Portal,VDJServer ADC API response for repertoire query,1.3,VDJServer,http://vdjserver.org/,vdjserver@utsouthwestern.edu,/home/ubuntu/ireceptor-monitor/performance_scripts/queries/repertoires/pass-all.json,5.746525526046753,2023-01-05 07:33:42.523494,2023-01-04 23:33:42.523494-08:00,vdjserver,VDJServer (US),,,,pass-all.json,,,,,,,,,,,,,,,,,,,,,,
1,AIRR Data Commons API for VDJServer Community Data Portal,VDJServer ADC API response for repertoire query,1.3,VDJServer,http://vdjserver.org/,vdjserver@utsouthwestern.edu,/home/ubuntu/ireceptor-monitor/performance_scripts/queries/repertoires/pass-field-organism-id.json,1.7618489265441897,2023-01-05 07:33:44.437587,2023-01-04 23:33:44.437587-08:00,vdjserver,VDJServer (US),,,,pass-field-organism-id.json,,,,,,,,,,,,,,,,,,,,,,
2,AIRR Data Commons API for VDJServer Community Data Portal,VDJServer ADC API response for repertoire query,1.3,VDJServer,http://vdjserver.org/,vdjserver@utsouthwestern.edu,/home/ubuntu/ireceptor-monitor/performance_scripts/queries/repertoires/pass-field-pcr_target_locus.json,1.3322713375091553,2023-01-05 07:33:45.854538,2023-01-04 23:33:45.854538-08:00,vdjserver,VDJServer (US),,,,pass-field-pcr_target_locus.json,,,,,,,,,,,,,,,,,,,,,,
3,AIRR Data Commons API for VDJServer Community Data Portal,VDJServer ADC API response for repertoire query,1.3,VDJServer,http://vdjserver.org/,vdjserver@utsouthwestern.edu,/home/ubuntu/ireceptor-monitor/performance_scripts/queries/repertoires/pass-field-age-range.json,3.556492328643799,2023-01-05 07:33:49.825732,2023-01-04 23:33:49.825732-08:00,vdjserver,VDJServer (US),,,,pass-field-age-range.json,,,,,,,,,,,,,,,,,,,,,,
4,AIRR Data Commons API for VDJServer Community Data Portal,VDJServer ADC API response for repertoire query,1.3,VDJServer,http://vdjserver.org/,vdjserver@utsouthwestern.edu,/home/ubuntu/ireceptor-monitor/performance_scripts/queries/repertoires/pass-query2_repertoire.json,0.4163269996643065,2023-01-05 07:33:50.259833,2023-01-04 23:33:50.259833-08:00,vdjserver,VDJServer (US),,,,pass-query2_repertoire.json,,,,,,,,,,,,,,,,,,,,,,
0,AIRR Data Commons API for VDJServer Community Data Portal,VDJServer ADC API response for repertoire query,1.3,VDJServer,http://vdjserver.org/,vdjserver@utsouthwestern.edu,/home/ubuntu/ireceptor-monitor/performance_scripts/queries/repertoires/pass-all.json,4.522608280181885,2023-01-05 11:33:37.075539,2023-01-05 03:33:37.075539-08:00,vdjserver,VDJServer (US),,,,pass-all.json,,,,,,,,,,,,,,,,,,,,,,
1,AIRR Data Commons API for VDJServer Community Data Portal,VDJServer ADC API response for repertoire query,1.3,VDJServer,http://vdjserver.org/,vdjserver@utsouthwestern.edu,/home/ubuntu/ireceptor-monitor/performance_scripts/queries/repertoires/pass-field-organism-id.json,1.749828815460205,2023-01-05 11:33:38.977050,2023-01-05 03:33:38.977050-08:00,vdjserver,VDJServer (US),,,,pass-field-organism-id.json,,,,,,,,,,,,,,,,,,,,,,
2,AIRR Data Commons API for VDJServer Community Data Portal,VDJServer ADC API response for repertoire query,1.3,VDJServer,http://vdjserver.org/,vdjserver@utsouthwestern.edu,/home/ubuntu/ireceptor-monitor/performance_scripts/queries/repertoires/pass-field-pcr_target_locus.json,2.8004250526428223,2023-01-05 11:33:41.864274,2023-01-05 03:33:41.864274-08:00,vdjserver,VDJServer (US),,,,pass-field-pcr_target_locus.json,,,,,,,,,,,,,,,,,,,,,,
3,AIRR Data Commons API for VDJServer Community Data Portal,VDJServer ADC API response for repertoire query,1.3,VDJServer,http://vdjserver.org/,vdjserver@utsouthwestern.edu,/home/ubuntu/ireceptor-monitor/performance_scripts/queries/repertoires/pass-field-age-range.json,4.622570037841797,2023-01-05 11:33:46.894325,2023-01-05 03:33:46.894325-08:00,vdjserver,VDJServer (US),,,,pass-field-age-range.json,,,,,,,,,,,,,,,,,,,,,,
4,AIRR Data Commons API for VDJServer Community Data Portal,VDJServer ADC API response for repertoire query,1.3,VDJServer,http://vdjserver.org/,vdjserver@utsouthwestern.edu,/home/ubuntu/ireceptor-monitor/performance_scripts/queries/repertoires/pass-query2_repertoire.json,0.4631919860839844,2023-01-05 11:33:47.373771,2023-01-05 03:33:47.373771-08:00,vdjserver,VDJServer (US),,,,pass-query2_repertoire.json,,,,,,,,,,,,,,,,,,,,,,
0,AIRR Data Commons API for VDJServer Community Data Portal,VDJServer ADC API response for repertoire query,1.3,VDJServer,http://vdjserver.org/,vdjserver@utsouthwestern.edu,/home/ubuntu/ireceptor-monitor/performance_scripts/queries/repertoires/pass-all.json,6.6653268337249765,2023-01-05 15:33:39.573792,2023-01-05 07:33:39.573792-08:00,vdjserver,VDJServer (US),,,,pass-all.json,,,,,,,,,,,,,,,,,,,,,,
1,AIRR Data Commons API for VDJServer Community Data Portal,VDJServer ADC API response for repertoire query,1.3,VDJServer,http://vdjserver.org/,vdjserver@utsouthwestern.edu,/home/ubuntu/ireceptor-monitor/performance_scripts/queries/repertoires/pass-field-organism-id.json,3.3113391399383545,2023-01-05 15:33:43.039722,2023-01-05 07:33:43.039722-08:00,vdjserver,VDJServer (US),,,,pass-field-organism-id.json,,,,,,,,,,,,,,,,,,,,,,
2,AIRR Data Commons API for VDJServer Community Data Portal,VDJServer ADC API response for repertoire query,1.3,VDJServer,http://vdjserver.org/,vdjserver@utsouthwestern.edu,/home/ubuntu/ireceptor-monitor/performance_scripts/queries/repertoires/pass-field-pcr_target_locus.json,2.6391127109527592,2023-01-05 15:33:45.765782,2023-01-05 07:33:45.765782-08:00,vdjserver,VDJServer (US),,,,pass-field-pcr_target_locus.json,,,,,,,,,,,,,,,,,,,,,,
3,AIRR Data Commons API for VDJServer Community Data Portal,VDJServer ADC API response for repertoire query,1.3,VDJServer,http://vdjserver.org/,vdjserver@utsouthwestern.edu,/home/ubuntu/ireceptor-monitor/performance_scripts/queries/repertoires/pass-field-age-range.json,7.719612598419189,2023-01-05 15:33:53.892858,2023-01-05 07:33:53.892858-08:00,vdjserver,VDJServer (US),,,,pass-field-age-range.json,,,,,,,,,,,,,,,,,,,,,,
4,AIRR Data Commons API for VDJServer Community Data Portal,VDJServer ADC API response for repertoire query,1.3,VDJServer,http://vdjserver.org/,vdjserver@utsouthwestern.edu,/home/ubuntu/ireceptor-monitor/performance_scripts/queries/repertoires/pass-query2_repertoire.json,0.558007001876831,2023-01-05 15:33:54.469897,2023-01-05 07:33:54.469897-08:00,vdjserver,VDJServer (US),,,,pass-query2_repertoire.json,,,,,,,,,,,,,,,,,,,,,,
0,AIRR Data Commons API for VDJServer Community Data Portal,VDJServer ADC API response for repertoire query,1.3,VDJServer,http://vdjserver.org/,vdjserver@utsouthwestern.edu,/home/ubuntu/ireceptor-monitor/performance_scripts/queries/repertoires/pass-all.json,5.952139139175415,2023-01-05 19:33:38.387730,2023-01-05 11:33:38.387730-08:00,vdjserver,VDJServer (US),,,,pass-all.json,,,,,,,,,,,,,,,,,,,,,,
1,AIRR Data Commons API for VDJServer Community Data Portal,VDJServer ADC API response for repertoire query,1.3,VDJServer,http://vdjserver.org/,vdjserver@utsouthwestern.edu,/home/ubuntu/ireceptor-monitor/performance_scripts/queries/repertoires/pass-field-organism-id.json,1.7697861194610596,2023-01-05 19:33:40.335159,2023-01-05 11:33:40.335159-08:00,vdjserver,VDJServer (US),,,,pass-field-organism-id.json,,,,,,,,,,,,,,,,,,,,,,
2,AIRR Data Commons API for VDJServer Community Data Portal,VDJServer ADC API response for repertoire query,1.3,VDJServer,http://vdjserver.org/,vdjserver@utsouthwestern.edu,/home/ubuntu/ireceptor-monitor/performance_scripts/queries/repertoires/pass-field-pcr_target_locus.json,1.3738372325897217,2023-01-05 19:33:41.813327,2023-01-05 11:33:41.813327-08:00,vdjserver,VDJServer (US),,,,pass-field-pcr_target_locus.json,,,,,,,,,,,,,,,,,,,,,,
3,AIRR Data Commons API for VDJServer Community Data Portal,VDJServer ADC API response for repertoire query,1.3,VDJServer,http://vdjserver.org/,vdjserver@utsouthwestern.edu,/home/ubuntu/ireceptor-monitor/performance_scripts/queries/repertoires/pass-field-age-range.json,3.9029226303100586,2023-01-05 19:33:46.205473,2023-01-05 11:33:46.205473-08:00,vdjserver,VDJServer (US),,,,pass-field-age-range.json,,,,,,,,,,,,,,,,,,,,,,
4,AIRR Data Commons API for VDJServer Community Data Portal,VDJServer ADC API response for repertoire query,1.3,VDJServer,http://vdjserver.org/,vdjserver@utsouthwestern.edu,/home/ubuntu/ireceptor-monitor/performance_scripts/queries/repertoires/pass-query2_repertoire.json,0.4152472019195557,2023-01-05 19:33:46.640811,2023-01-05 11:33:46.640811-08:00,vdjserver,VDJServer (US),,,,pass-query2_repertoire.json,,,,,,,,,,,,,,,,,,,,,,
0,AIRR Data Commons API for VDJServer Community Data Portal,VDJServer ADC API response for repertoire query,1.3,VDJServer,http://vdjserver.org/,vdjserver@utsouthwestern.edu,/home/ubuntu/ireceptor-monitor/performance_scripts/queries/repertoires/pass-all.json,4.472263813018799,2023-01-05 23:33:40.137297,2023-01-05 15:33:40.137297-08:00,vdjserver,VDJServer (US),,,,pass-all.json,,,,,,,,,,,,,,,,,,,,,,
1,AIRR Data Commons API for VDJServer Community Data Portal,VDJServer ADC API response for repertoire query,1.3,VDJServer,http://vdjserver.org/,vdjserver@utsouthwestern.edu,/home/ubuntu/ireceptor-monitor/performance_scripts/queries/repertoires/pass-field-organism-id.json,1.9784698486328125,2023-01-05 23:33:42.269621,2023-01-05 15:33:42.269621-08:00,vdjserver,VDJServer (US),,,,pass-field-organism-id.json,,,,,,,,,,,,,,,,,,,,,,
2,AIRR Data Commons API for VDJServer Community Data Portal,VDJServer ADC API response for repertoire query,1.3,VDJServer,http://vdjserver.org/,vdjserver@utsouthwestern.edu,/home/ubuntu/ireceptor-monitor/performance_scripts/queries/repertoires/pass-field-pcr_target_locus.json,1.3551044464111328,2023-01-05 23:33:43.711167,2023-01-05 15:33:43.711167-08:00,vdjserver,VDJServer (US),,,,pass-field-pcr_target_locus.json,,,,,,,,,,,,,,,,,,,,,,
3,AIRR Data Commons API for VDJServer Community Data Portal,VDJServer ADC API response for repertoire query,1.3,VDJServer,http://vdjserver.org/,vdjserver@utsouthwestern.edu,/home/ubuntu/ireceptor-monitor/performance_scripts/queries/repertoires/pass-field-age-range.json,3.5527253150939937,2023-01-05 23:33:47.696034,2023-01-05 15:33:47.696034-08:00,vdjserver,VDJServer (US),,,,pass-field-age-range.json,,,,,,,,,,,,,,,,,,,,,,
4,AIRR Data Commons API for VDJServer Community Data Portal,VDJServer ADC API response for repertoire query,1.3,VDJServer,http://vdjserver.org/,vdjserver@utsouthwestern.edu,/home/ubuntu/ireceptor-monitor/performance_scripts/queries/repertoires/pass-query2_repertoire.json,0.4265336990356445,2023-01-05 23:33:48.139538,2023-01-05 15:33:48.139538-08:00,vdjserver,VDJServer (US),,,,pass-query2_repertoire.json,,,,,,,,,,,,,,,,,,,,,,
0,AIRR Data Commons API for VDJServer Community Data Portal,VDJServer ADC API response for repertoire query,1.3,VDJServer,http://vdjserver.org/,vdjserver@utsouthwestern.edu,/home/ubuntu/ireceptor-monitor/performance_scripts/queries/repertoires/pass-all.json,5.256722450256348,2023-01-06 03:33:37.510431,2023-01-05 19:33:37.510431-08:00,vdjserver,VDJServer (US),,,,pass-all.json,,,,,,,,,,,,,,,,,,,,,,
1,AIRR Data Commons API for VDJServer Community Data Portal,VDJServer ADC API response for repertoire query,1.3,VDJServer,http://vdjserver.org/,vdjserver@utsouthwestern.edu,/home/ubuntu/ireceptor-monitor/performance_scripts/queries/repertoires/pass-field-organism-id.json,1.835151195526123,2023-01-06 03:33:39.498919,2023-01-05 19:33:39.498919-08:00,vdjserver,VDJServer (US),,,,pass-field-organism-id.json,,,,,,,,,,,,,,,,,,,,,,
2,AIRR Data Commons API for VDJServer Community Data Portal,VDJServer ADC API response for repertoire query,1.3,VDJServer,http://vdjserver.org/,vdjserver@utsouthwestern.edu,/home/ubuntu/ireceptor-monitor/performance_scripts/queries/repertoires/pass-field-pcr_target_locus.json,1.401176691055298,2023-01-06 03:33:40.987447,2023-01-05 19:33:40.987447-08:00,vdjserver,VDJServer (US),,,,pass-field-pcr_target_locus.json,,,,,,,,,,,,,,,,,,,,,,
3,AIRR Data Commons API for VDJServer Community Data Portal,VDJServer ADC API response for repertoire query,1.3,VDJServer,http://vdjserver.org/,vdjserver@utsouthwestern.edu,/home/ubuntu/ireceptor-monitor/performance_scripts/queries/repertoires/pass-field-age-range.json,4.749544620513916,2023-01-06 03:33:46.133979,2023-01-05 19:33:46.133979-08:00,vdjserver,VDJServer (US),,,,pass-field-age-range.json,,,,,,,,,,,,,,,,,,,,,,
4,AIRR Data Commons API for VDJServer Community Data Portal,VDJServer ADC API response for repertoire query,1.3,VDJServer,http://vdjserver.org/,vdjserver@utsouthwestern.edu,/home/ubuntu/ireceptor-monitor/performance_scripts/queries/repertoires/pass-query2_repertoire.json,0.4433605670928955,2023-01-06 03:33:46.597598,2023-01-05 19:33:46.597598-08:00,vdjserver,VDJServer (US),,,,pass-query2_repertoire.json,,,,,,,,,,,,,,,,,,,,,,
0,AIRR Data Commons API for VDJServer Community Data Portal,VDJServer ADC API response for repertoire query,1.3,VDJServer,http://vdjserver.org/,vdjserver@utsouthwestern.edu,/home/ubuntu/ireceptor-monitor/performance_scripts/queries/repertoires/pass-all.json,4.956003189086914,2023-01-06 07:33:37.167998,2023-01-05 23:33:37.167998-08:00,vdjserver,VDJServer (US),,,,pass-all.json,,,,,,,,,,,,,,,,,,,,,,
1,AIRR Data Commons API for VDJServer Community Data Portal,VDJServer ADC API response for repertoire query,1.3,VDJServer,http://vdjserver.org/,vdjserver@utsouthwestern.edu,/home/ubuntu/ireceptor-monitor/performance_scripts/queries/repertoires/pass-field-organism-id.json,1.822784662246704,2023-01-06 07:33:39.138131,2023-01-05 23:33:39.138131-08:00,vdjserver,VDJServer (US),,,,pass-field-organism-id.json,,,,,,,,,,,,,,,,,,,,,,
2,AIRR Data Commons API for VDJServer Community Data Portal,VDJServer ADC API response for repertoire query,1.3,VDJServer,http://vdjserver.org/,vdjserver@utsouthwestern.edu,/home/ubuntu/ireceptor-monitor/performance_scripts/queries/repertoires/pass-field-pcr_target_locus.json,1.3481473922729492,2023-01-06 07:33:40.570807,2023-01-05 23:33:40.570807-08:00,vdjserver,VDJServer (US),,,,pass-field-pcr_target_locus.json,,,,,,,,,,,,,,,,,,,,,,
3,AIRR Data Commons API for VDJServer Community Data Portal,VDJServer ADC API response for repertoire query,1.3,VDJServer,http://vdjserver.org/,vdjserver@utsouthwestern.edu,/home/ubuntu/ireceptor-monitor/performance_scripts/queries/repertoires/pass-field-age-range.json,3.787360429763794,2023-01-06 07:33:44.801064,2023-01-05 23:33:44.801064-08:00,vdjserver,VDJServer (US),,,,pass-field-age-range.json,,,,,,,,,,,,,,,,,,,,,,
4,AIRR Data Commons API for VDJServer Community Data Portal,VDJServer ADC API response for repertoire query,1.3,VDJServer,http://vdjserver.org/,vdjserver@utsouthwestern.edu,/home/ubuntu/ireceptor-monitor/performance_scripts/queries/repertoires/pass-query2_repertoire.json,0.4352083206176758,2023-01-06 07:33:45.252708,2023-01-05 23:33:45.252708-08:00,vdjserver,VDJServer (US),,,,pass-query2_repertoire.json,,,,,,,,,,,,,,,,,,,,,,
0,AIRR Data Commons API for VDJServer Community Data Portal,VDJServer ADC API response for repertoire query,1.3,VDJServer,http://vdjserver.org/,vdjserver@utsouthwestern.edu,/home/ubuntu/ireceptor-monitor/performance_scripts/queries/repertoires/pass-all.json,5.529144525527954,2023-01-06 11:33:39.322132,2023-01-06 03:33:39.322132-08:00,vdjserver,VDJServer (US),,,,pass-all.json,,,,,,,,,,,,,,,,,,,,,,
1,AIRR Data Commons API for VDJServer Community Data Portal,VDJServer ADC API response for repertoire query,1.3,VDJServer,http://vdjserver.org/,vdjserver@utsouthwestern.edu,/home/ubuntu/ireceptor-monitor/performance_scripts/queries/repertoires/pass-field-organism-id.json,1.821511507034301,2023-01-06 11:33:41.306955,2023-01-06 03:33:41.306955-08:00,vdjserver,VDJServer (US),,,,pass-field-organism-id.json,,,,,,,,,,,,,,,,,,,,,,
2,AIRR Data Commons API for VDJServer Community Data Portal,VDJServer ADC API response for repertoire query,1.3,VDJServer,http://vdjserver.org/,vdjserver@utsouthwestern.edu,/home/ubuntu/ireceptor-monitor/performance_scripts/queries/repertoires/pass-field-pcr_target_locus.json,1.464188814163208,2023-01-06 11:33:42.863855,2023-01-06 03:33:42.863855-08:00,vdjserver,VDJServer (US),,,,pass-field-pcr_target_locus.json,,,,,,,,,,,,,,,,,,,,,,
3,AIRR Data Commons API for VDJServer Community Data Portal,VDJServer ADC API response for repertoire query,1.3,VDJServer,http://vdjserver.org/,vdjserver@utsouthwestern.edu,/home/ubuntu/ireceptor-monitor/performance_scripts/queries/repertoires/pass-field-age-range.json,3.698341369628906,2023-01-06 11:33:47.011931,2023-01-06 03:33:47.011931-08:00,vdjserver,VDJServer (US),,,,pass-field-age-range.json,,,,,,,,,,,,,,,,,,,,,,
4,AIRR Data Commons API for VDJServer Community Data Portal,VDJServer ADC API response for repertoire query,1.3,VDJServer,http://vdjserver.org/,vdjserver@utsouthwestern.edu,/home/ubuntu/ireceptor-monitor/performance_scripts/queries/repertoires/pass-query2_repertoire.json,0.44246935844421387,2023-01-06 11:33:47.471566,2023-01-06 03:33:47.471566-08:00,vdjserver,VDJServer (US),,,,pass-query2_repertoire.json,,,,,,,,,,,,,,,,,,,,,,
0,AIRR Data Commons API for VDJServer Community Data Portal,VDJServer ADC API response for repertoire query,1.3,VDJServer,http://vdjserver.org/,vdjserver@utsouthwestern.edu,/home/ubuntu/ireceptor-monitor/performance_scripts/queries/repertoires/pass-all.json,5.087012767791748,2023-01-06 15:33:39.184084,2023-01-06 07:33:39.184084-08:00,vdjserver,VDJServer (US),,,,pass-all.json,,,,,,,,,,,,,,,,,,,,,,
1,AIRR Data Commons API for VDJServer Community Data Portal,VDJServer ADC API response for repertoire query,1.3,VDJServer,http://vdjserver.org/,vdjserver@utsouthwestern.edu,/home/ubuntu/ireceptor-monitor/performance_scripts/queries/repertoires/pass-field-organism-id.json,1.7905137538909912,2023-01-06 15:33:41.124889,2023-01-06 07:33:41.124889-08:00,vdjserver,VDJServer (US),,,,pass-field-organism-id.json,,,,,,,,,,,,,,,,,,,,,,
2,AIRR Data Commons API for VDJServer Community Data Portal,VDJServer ADC API response for repertoire query,1.3,VDJServer,http://vdjserver.org/,vdjserver@utsouthwestern.edu,/home/ubuntu/ireceptor-monitor/performance_scripts/queries/repertoires/pass-field-pcr_target_locus.json,2.5125837326049805,2023-01-06 15:33:43.723883,2023-01-06 07:33:43.723883-08:00,vdjserver,VDJServer (US),,,,pass-field-pcr_target_locus.json,,,,,,,,,,,,,,,,,,,,,,
3,AIRR Data Commons API for VDJServer Community Data Portal,VDJServer ADC API response for repertoire query,1.3,VDJServer,http://vdjserver.org/,vdjserver@utsouthwestern.edu,/home/ubuntu/ireceptor-monitor/performance_scripts/queries/repertoires/pass-field-age-range.json,4.090557336807252,2023-01-06 15:33:48.238599,2023-01-06 07:33:48.238599-08:00,vdjserver,VDJServer (US),,,,pass-field-age-range.json,,,,,,,,,,,,,,,,,,,,,,
4,AIRR Data Commons API for VDJServer Community Data Portal,VDJServer ADC API response for repertoire query,1.3,VDJServer,http://vdjserver.org/,vdjserver@utsouthwestern.edu,/home/ubuntu/ireceptor-monitor/performance_scripts/queries/repertoires/pass-query2_repertoire.json,0.42916178703308105,2023-01-06 15:33:48.692106,2023-01-06 07:33:48.692106-08:00,vdjserver,VDJServer (US),,,,pass-query2_repertoire.json,,,,,,,,,,,,,,,,,,,,,,
0,AIRR Data Commons API for VDJServer Community Data Portal,VDJServer ADC API response for repertoire query,1.3,VDJServer,http://vdjserver.org/,vdjserver@utsouthwestern.edu,/home/ubuntu/ireceptor-monitor/performance_scripts/queries/repertoires/pass-all.json,5.0068533420562735,2023-01-06 19:33:39.031507,2023-01-06 11:33:39.031507-08:00,vdjserver,VDJServer (US),,,,pass-all.json,,,,,,,,,,,,,,,,,,,,,,
1,AIRR Data Commons API for VDJServer Community Data Portal,VDJServer ADC API response for repertoire query,1.3,VDJServer,http://vdjserver.org/,vdjserver@utsouthwestern.edu,/home/ubuntu/ireceptor-monitor/performance_scripts/queries/repertoires/pass-field-organism-id.json,1.9347639083862305,2023-01-06 19:33:41.119177,2023-01-06 11:33:41.119177-08:00,vdjserver,VDJServer (US),,,,pass-field-organism-id.json,,,,,,,,,,,,,,,,,,,,,,
2,AIRR Data Commons API for VDJServer Community Data Portal,VDJServer ADC API response for repertoire query,1.3,VDJServer,http://vdjserver.org/,vdjserver@utsouthwestern.edu,/home/ubuntu/ireceptor-monitor/performance_scripts/queries/repertoires/pass-field-pcr_target_locus.json,1.6438341140747068,2023-01-06 19:33:42.848277,2023-01-06 11:33:42.848277-08:00,vdjserver,VDJServer (US),,,,pass-field-pcr_target_locus.json,,,,,,,,,,,,,,,,,,,,,,
3,AIRR Data Commons API for VDJServer Community Data Portal,VDJServer ADC API response for repertoire query,1.3,VDJServer,http://vdjserver.org/,vdjserver@utsouthwestern.edu,/home/ubuntu/ireceptor-monitor/performance_scripts/queries/repertoires/pass-field-age-range.json,3.992688655853272,2023-01-06 19:33:47.263339,2023-01-06 11:33:47.263339-08:00,vdjserver,VDJServer (US),,,,pass-field-age-range.json,,,,,,,,,,,,,,,,,,,,,,
4,AIRR Data Commons API for VDJServer Community Data Portal,VDJServer ADC API response for repertoire query,1.3,VDJServer,http://vdjserver.org/,vdjserver@utsouthwestern.edu,/home/ubuntu/ireceptor-monitor/performance_scripts/queries/repertoires/pass-query2_repertoire.json,0.5266864299774171,2023-01-06 19:33:47.807242,2023-01-06 11:33:47.807242-08:00,vdjserver,VDJServer (US),,,,pass-query2_repertoire.json,,,,,,,,,,,,,,,,,,,,,,
0,AIRR Data Commons API for VDJServer Community Data Portal,VDJServer ADC API response for repertoire query,1.3,VDJServer,http://vdjserver.org/,vdjserver@utsouthwestern.edu,/home/ubuntu/ireceptor-monitor/performance_scripts/queries/repertoires/pass-all.json,5.741807699203491,2023-01-06 23:33:36.396293,2023-01-06 15:33:36.396293-08:00,vdjserver,VDJServer (US),,,,pass-all.json,,,,,,,,,,,,,,,,,,,,,,
1,AIRR Data Commons API for VDJServer Community Data Portal,VDJServer ADC API response for repertoire query,1.3,VDJServer,http://vdjserver.org/,vdjserver@utsouthwestern.edu,/home/ubuntu/ireceptor-monitor/performance_scripts/queries/repertoires/pass-field-organism-id.json,1.9121675491333008,2023-01-06 23:33:38.452278,2023-01-06 15:33:38.452278-08:00,vdjserver,VDJServer (US),,,,pass-field-organism-id.json,,,,,,,,,,,,,,,,,,,,,,
2,AIRR Data Commons API for VDJServer Community Data Portal,VDJServer ADC API response for repertoire query,1.3,VDJServer,http://vdjserver.org/,vdjserver@utsouthwestern.edu,/home/ubuntu/ireceptor-monitor/performance_scripts/queries/repertoires/pass-field-pcr_target_locus.json,1.5887751579284668,2023-01-06 23:33:40.123728,2023-01-06 15:33:40.123728-08:00,vdjserver,VDJServer (US),,,,pass-field-pcr_target_locus.json,,,,,,,,,,,,,,,,,,,,,,
3,AIRR Data Commons API for VDJServer Community Data Portal,VDJServer ADC API response for repertoire query,1.3,VDJServer,http://vdjserver.org/,vdjserver@utsouthwestern.edu,/home/ubuntu/ireceptor-monitor/performance_scripts/queries/repertoires/pass-field-age-range.json,5.295793294906616,2023-01-06 23:33:45.830848,2023-01-06 15:33:45.830848-08:00,vdjserver,VDJServer (US),,,,pass-field-age-range.json,,,,,,,,,,,,,,,,,,,,,,
4,AIRR Data Commons API for VDJServer Community Data Portal,VDJServer ADC API response for repertoire query,1.3,VDJServer,http://vdjserver.org/,vdjserver@utsouthwestern.edu,/home/ubuntu/ireceptor-monitor/performance_scripts/queries/repertoires/pass-query2_repertoire.json,0.4242866039276123,2023-01-06 23:33:46.271444,2023-01-06 15:33:46.271444-08:00,vdjserver,VDJServer (US),,,,pass-query2_repertoire.json,,,,,,,,,,,,,,,,,,,,,,
0,AIRR Data Commons API for VDJServer Community Data Portal,VDJServer ADC API response for repertoire query,1.3,VDJServer,http://vdjserver.org/,vdjserver@utsouthwestern.edu,/home/ubuntu/ireceptor-monitor/performance_scripts/queries/repertoires/pass-all.json,5.886195421218872,2023-01-07 03:33:36.566263,2023-01-06 19:33:36.566263-08:00,vdjserver,VDJServer (US),,,,pass-all.json,,,,,,,,,,,,,,,,,,,,,,
1,AIRR Data Commons API for VDJServer Community Data Portal,VDJServer ADC API response for repertoire query,1.3,VDJServer,http://vdjserver.org/,vdjserver@utsouthwestern.edu,/home/ubuntu/ireceptor-monitor/performance_scripts/queries/repertoires/pass-field-organism-id.json,1.7603805065155032,2023-01-07 03:33:38.481391,2023-01-06 19:33:38.481391-08:00,vdjserver,VDJServer (US),,,,pass-field-organism-id.json,,,,,,,,,,,,,,,,,,,,,,
2,AIRR Data Commons API for VDJServer Community Data Portal,VDJServer ADC API response for repertoire query,1.3,VDJServer,http://vdjserver.org/,vdjserver@utsouthwestern.edu,/home/ubuntu/ireceptor-monitor/performance_scripts/queries/repertoires/pass-field-pcr_target_locus.json,1.3219952583312988,2023-01-07 03:33:39.880033,2023-01-06 19:33:39.880033-08:00,vdjserver,VDJServer (US),,,,pass-field-pcr_target_locus.json,,,,,,,,,,,,,,,,,,,,,,
3,AIRR Data Commons API for VDJServer Community Data Portal,VDJServer ADC API response for repertoire query,1.3,VDJServer,http://vdjserver.org/,vdjserver@utsouthwestern.edu,/home/ubuntu/ireceptor-monitor/performance_scripts/queries/repertoires/pass-field-age-range.json,4.115273952484132,2023-01-07 03:33:44.412476,2023-01-06 19:33:44.412476-08:00,vdjserver,VDJServer (US),,,,pass-field-age-range.json,,,,,,,,,,,,,,,,,,,,,,
4,AIRR Data Commons API for VDJServer Community Data Portal,VDJServer ADC API response for repertoire query,1.3,VDJServer,http://vdjserver.org/,vdjserver@utsouthwestern.edu,/home/ubuntu/ireceptor-monitor/performance_scripts/queries/repertoires/pass-query2_repertoire.json,0.4252345561981201,2023-01-07 03:33:44.859481,2023-01-06 19:33:44.859481-08:00,vdjserver,VDJServer (US),,,,pass-query2_repertoire.json,,,,,,,,,,,,,,,,,,,,,,
0,AIRR Data Commons API for VDJServer Community Data Portal,VDJServer ADC API response for repertoire query,1.3,VDJServer,http://vdjserver.org/,vdjserver@utsouthwestern.edu,/home/ubuntu/ireceptor-monitor/performance_scripts/queries/repertoires/pass-all.json,4.734001636505127,2023-01-07 07:33:36.322304,2023-01-06 23:33:36.322304-08:00,vdjserver,VDJServer (US),,,,pass-all.json,,,,,,,,,,,,,,,,,,,,,,
1,AIRR Data Commons API for VDJServer Community Data Portal,VDJServer ADC API response for repertoire query,1.3,VDJServer,http://vdjserver.org/,vdjserver@utsouthwestern.edu,/home/ubuntu/ireceptor-monitor/performance_scripts/queries/repertoires/pass-field-organism-id.json,1.7835431098937988,2023-01-07 07:33:38.250561,2023-01-06 23:33:38.250561-08:00,vdjserver,VDJServer (US),,,,pass-field-organism-id.json,,,,,,,,,,,,,,,,,,,,,,
2,AIRR Data Commons API for VDJServer Community Data Portal,VDJServer ADC API response for repertoire query,1.3,VDJServer,http://vdjserver.org/,vdjserver@utsouthwestern.edu,/home/ubuntu/ireceptor-monitor/performance_scripts/queries/repertoires/pass-field-pcr_target_locus.json,1.7877988815307615,2023-01-07 07:33:40.120429,2023-01-06 23:33:40.120429-08:00,vdjserver,VDJServer (US),,,,pass-field-pcr_target_locus.json,,,,,,,,,,,,,,,,,,,,,,
3,AIRR Data Commons API for VDJServer Community Data Portal,VDJServer ADC API response for repertoire query,1.3,VDJServer,http://vdjserver.org/,vdjserver@utsouthwestern.edu,/home/ubuntu/ireceptor-monitor/performance_scripts/queries/repertoires/pass-field-age-range.json,3.8534350395202637,2023-01-07 07:33:44.383238,2023-01-06 23:33:44.383238-08:00,vdjserver,VDJServer (US),,,,pass-field-age-range.json,,,,,,,,,,,,,,,,,,,,,,
4,AIRR Data Commons API for VDJServer Community Data Portal,VDJServer ADC API response for repertoire query,1.3,VDJServer,http://vdjserver.org/,vdjserver@utsouthwestern.edu,/home/ubuntu/ireceptor-monitor/performance_scripts/queries/repertoires/pass-query2_repertoire.json,0.42261481285095215,2023-01-07 07:33:44.822067,2023-01-06 23:33:44.822067-08:00,vdjserver,VDJServer (US),,,,pass-query2_repertoire.json,,,,,,,,,,,,,,,,,,,,,,
0,AIRR Data Commons API for VDJServer Community Data Portal,VDJServer ADC API response for repertoire query,1.3,VDJServer,http://vdjserver.org/,vdjserver@utsouthwestern.edu,/home/ubuntu/ireceptor-monitor/performance_scripts/queries/repertoires/pass-all.json,6.9907894134521475,2023-01-07 11:33:40.756184,2023-01-07 03:33:40.756184-08:00,vdjserver,VDJServer (US),,,,pass-all.json,,,,,,,,,,,,,,,,,,,,,,
1,AIRR Data Commons API for VDJServer Community Data Portal,VDJServer ADC API response for repertoire query,1.3,VDJServer,http://vdjserver.org/,vdjserver@utsouthwestern.edu,/home/ubuntu/ireceptor-monitor/performance_scripts/queries/repertoires/pass-field-organism-id.json,2.6249802112579346,2023-01-07 11:33:43.533527,2023-01-07 03:33:43.533527-08:00,vdjserver,VDJServer (US),,,,pass-field-organism-id.json,,,,,,,,,,,,,,,,,,,,,,
2,AIRR Data Commons API for VDJServer Community Data Portal,VDJServer ADC API response for repertoire query,1.3,VDJServer,http://vdjserver.org/,vdjserver@utsouthwestern.edu,/home/ubuntu/ireceptor-monitor/performance_scripts/queries/repertoires/pass-field-pcr_target_locus.json,1.7212071418762207,2023-01-07 11:33:45.339219,2023-01-07 03:33:45.339219-08:00,vdjserver,VDJServer (US),,,,pass-field-pcr_target_locus.json,,,,,,,,,,,,,,,,,,,,,,
3,AIRR Data Commons API for VDJServer Community Data Portal,VDJServer ADC API response for repertoire query,1.3,VDJServer,http://vdjserver.org/,vdjserver@utsouthwestern.edu,/home/ubuntu/ireceptor-monitor/performance_scripts/queries/repertoires/pass-field-age-range.json,5.317500352859497,2023-01-07 11:33:51.057383,2023-01-07 03:33:51.057383-08:00,vdjserver,VDJServer (US),,,,pass-field-age-range.json,,,,,,,,,,,,,,,,,,,,,,
4,AIRR Data Commons API for VDJServer Community Data Portal,VDJServer ADC API response for repertoire query,1.3,VDJServer,http://vdjserver.org/,vdjserver@utsouthwestern.edu,/home/ubuntu/ireceptor-monitor/performance_scripts/queries/repertoires/pass-query2_repertoire.json,0.4919016361236572,2023-01-07 11:33:51.568573,2023-01-07 03:33:51.568573-08:00,vdjserver,VDJServer (US),,,,pass-query2_repertoire.json,,,,,,,,,,,,,,,,,,,,,,
0,AIRR Data Commons API for VDJServer Community Data Portal,VDJServer ADC API response for repertoire query,1.3,VDJServer,http://vdjserver.org/,vdjserver@utsouthwestern.edu,/home/ubuntu/ireceptor-monitor/performance_scripts/queries/repertoires/pass-all.json,5.419837951660156,2023-01-07 15:33:38.579322,2023-01-07 07:33:38.579322-08:00,vdjserver,VDJServer (US),,,,pass-all.json,,,,,,,,,,,,,,,,,,,,,,
1,AIRR Data Commons API for VDJServer Community Data Portal,VDJServer ADC API response for repertoire query,1.3,VDJServer,http://vdjserver.org/,vdjserver@utsouthwestern.edu,/home/ubuntu/ireceptor-monitor/performance_scripts/queries/repertoires/pass-field-organism-id.json,2.7984793186187744,2023-01-07 15:33:41.526426,2023-01-07 07:33:41.526426-08:00,vdjserver,VDJServer (US),,,,pass-field-organism-id.json,,,,,,,,,,,,,,,,,,,,,,
2,AIRR Data Commons API for VDJServer Community Data Portal,VDJServer ADC API response for repertoire query,1.3,VDJServer,http://vdjserver.org/,vdjserver@utsouthwestern.edu,/home/ubuntu/ireceptor-monitor/performance_scripts/queries/repertoires/pass-field-pcr_target_locus.json,1.4647135734558103,2023-01-07 15:33:43.072095,2023-01-07 07:33:43.072095-08:00,vdjserver,VDJServer (US),,,,pass-field-pcr_target_locus.json,,,,,,,,,,,,,,,,,,,,,,
3,AIRR Data Commons API for VDJServer Community Data Portal,VDJServer ADC API response for repertoire query,1.3,VDJServer,http://vdjserver.org/,vdjserver@utsouthwestern.edu,/home/ubuntu/ireceptor-monitor/performance_scripts/queries/repertoires/pass-field-age-range.json,3.781070947647095,2023-01-07 15:33:47.259906,2023-01-07 07:33:47.259906-08:00,vdjserver,VDJServer (US),,,,pass-field-age-range.json,,,,,,,,,,,,,,,,,,,,,,
4,AIRR Data Commons API for VDJServer Community Data Portal,VDJServer ADC API response for repertoire query,1.3,VDJServer,http://vdjserver.org/,vdjserver@utsouthwestern.edu,/home/ubuntu/ireceptor-monitor/performance_scripts/queries/repertoires/pass-query2_repertoire.json,0.454719066619873,2023-01-07 15:33:47.730026,2023-01-07 07:33:47.730026-08:00,vdjserver,VDJServer (US),,,,pass-query2_repertoire.json,,,,,,,,,,,,,,,,,,,,,,
0,AIRR Data Commons API for VDJServer Community Data Portal,VDJServer ADC API response for repertoire query,1.3,VDJServer,http://vdjserver.org/,vdjserver@utsouthwestern.edu,/home/ubuntu/ireceptor-monitor/performance_scripts/queries/repertoires/pass-all.json,5.81859827041626,2023-01-07 19:33:38.580295,2023-01-07 11:33:38.580295-08:00,vdjserver,VDJServer (US),,,,pass-all.json,,,,,,,,,,,,,,,,,,,,,,
1,AIRR Data Commons API for VDJServer Community Data Portal,VDJServer ADC API response for repertoire query,1.3,VDJServer,http://vdjserver.org/,vdjserver@utsouthwestern.edu,/home/ubuntu/ireceptor-monitor/performance_scripts/queries/repertoires/pass-field-organism-id.json,1.8916921615600584,2023-01-07 19:33:40.625369,2023-01-07 11:33:40.625369-08:00,vdjserver,VDJServer (US),,,,pass-field-organism-id.json,,,,,,,,,,,,,,,,,,,,,,
2,AIRR Data Commons API for VDJServer Community Data Portal,VDJServer ADC API response for repertoire query,1.3,VDJServer,http://vdjserver.org/,vdjserver@utsouthwestern.edu,/home/ubuntu/ireceptor-monitor/performance_scripts/queries/repertoires/pass-field-pcr_target_locus.json,1.360661268234253,2023-01-07 19:33:42.070677,2023-01-07 11:33:42.070677-08:00,vdjserver,VDJServer (US),,,,pass-field-pcr_target_locus.json,,,,,,,,,,,,,,,,,,,,,,
3,AIRR Data Commons API for VDJServer Community Data Portal,VDJServer ADC API response for repertoire query,1.3,VDJServer,http://vdjserver.org/,vdjserver@utsouthwestern.edu,/home/ubuntu/ireceptor-monitor/performance_scripts/queries/repertoires/pass-field-age-range.json,4.753509521484375,2023-01-07 19:33:47.241910,2023-01-07 11:33:47.241910-08:00,vdjserver,VDJServer (US),,,,pass-field-age-range.json,,,,,,,,,,,,,,,,,,,,,,
4,AIRR Data Commons API for VDJServer Community Data Portal,VDJServer ADC API response for repertoire query,1.3,VDJServer,http://vdjserver.org/,vdjserver@utsouthwestern.edu,/home/ubuntu/ireceptor-monitor/performance_scripts/queries/repertoires/pass-query2_repertoire.json,0.4374566078186035,2023-01-07 19:33:47.695577,2023-01-07 11:33:47.695577-08:00,vdjserver,VDJServer (US),,,,pass-query2_repertoire.json,,,,,,,,,,,,,,,,,,,,,,
0,AIRR Data Commons API for VDJServer Community Data Portal,VDJServer ADC API response for repertoire query,1.3,VDJServer,http://vdjserver.org/,vdjserver@utsouthwestern.edu,/home/ubuntu/ireceptor-monitor/performance_scripts/queries/repertoires/pass-all.json,5.357401847839356,2023-01-07 23:33:39.044775,2023-01-07 15:33:39.044775-08:00,vdjserver,VDJServer (US),,,,pass-all.json,,,,,,,,,,,,,,,,,,,,,,
1,AIRR Data Commons API for VDJServer Community Data Portal,VDJServer ADC API response for repertoire query,1.3,VDJServer,http://vdjserver.org/,vdjserver@utsouthwestern.edu,/home/ubuntu/ireceptor-monitor/performance_scripts/queries/repertoires/pass-field-organism-id.json,1.7552602291107178,2023-01-07 23:33:40.952843,2023-01-07 15:33:40.952843-08:00,vdjserver,VDJServer (US),,,,pass-field-organism-id.json,,,,,,,,,,,,,,,,,,,,,,
2,AIRR Data Commons API for VDJServer Community Data Portal,VDJServer ADC API response for repertoire query,1.3,VDJServer,http://vdjserver.org/,vdjserver@utsouthwestern.edu,/home/ubuntu/ireceptor-monitor/performance_scripts/queries/repertoires/pass-field-pcr_target_locus.json,3.1327419281005864,2023-01-07 23:33:44.172486,2023-01-07 15:33:44.172486-08:00,vdjserver,VDJServer (US),,,,pass-field-pcr_target_locus.json,,,,,,,,,,,,,,,,,,,,,,
3,AIRR Data Commons API for VDJServer Community Data Portal,VDJServer ADC API response for repertoire query,1.3,VDJServer,http://vdjserver.org/,vdjserver@utsouthwestern.edu,/home/ubuntu/ireceptor-monitor/performance_scripts/queries/repertoires/pass-field-age-range.json,3.5732636451721187,2023-01-07 23:33:48.173382,2023-01-07 15:33:48.173382-08:00,vdjserver,VDJServer (US),,,,pass-field-age-range.json,,,,,,,,,,,,,,,,,,,,,,
4,AIRR Data Commons API for VDJServer Community Data Portal,VDJServer ADC API response for repertoire query,1.3,VDJServer,http://vdjserver.org/,vdjserver@utsouthwestern.edu,/home/ubuntu/ireceptor-monitor/performance_scripts/queries/repertoires/pass-query2_repertoire.json,0.4239270687103272,2023-01-07 23:33:48.613320,2023-01-07 15:33:48.613320-08:00,vdjserver,VDJServer (US),,,,pass-query2_repertoire.json,,,,,,,,,,,,,,,,,,,,,,
0,AIRR Data Commons API for VDJServer Community Data Portal,VDJServer ADC API response for repertoire query,1.3,VDJServer,http://vdjserver.org/,vdjserver@utsouthwestern.edu,/home/ubuntu/ireceptor-monitor/performance_scripts/queries/repertoires/pass-all.json,4.59543776512146,2023-01-08 03:33:36.420879,2023-01-07 19:33:36.420879-08:00,vdjserver,VDJServer (US),,,,pass-all.json,,,,,,,,,,,,,,,,,,,,,,
1,AIRR Data Commons API for VDJServer Community Data Portal,VDJServer ADC API response for repertoire query,1.3,VDJServer,http://vdjserver.org/,vdjserver@utsouthwestern.edu,/home/ubuntu/ireceptor-monitor/performance_scripts/queries/repertoires/pass-field-organism-id.json,2.0376064777374268,2023-01-08 03:33:38.608967,2023-01-07 19:33:38.608967-08:00,vdjserver,VDJServer (US),,,,pass-field-organism-id.json,,,,,,,,,,,,,,,,,,,,,,
2,AIRR Data Commons API for VDJServer Community Data Portal,VDJServer ADC API response for repertoire query,1.3,VDJServer,http://vdjserver.org/,vdjserver@utsouthwestern.edu,/home/ubuntu/ireceptor-monitor/performance_scripts/queries/repertoires/pass-field-pcr_target_locus.json,1.3788909912109375,2023-01-08 03:33:40.065105,2023-01-07 19:33:40.065105-08:00,vdjserver,VDJServer (US),,,,pass-field-pcr_target_locus.json,,,,,,,,,,,,,,,,,,,,,,
3,AIRR Data Commons API for VDJServer Community Data Portal,VDJServer ADC API response for repertoire query,1.3,VDJServer,http://vdjserver.org/,vdjserver@utsouthwestern.edu,/home/ubuntu/ireceptor-monitor/performance_scripts/queries/repertoires/pass-field-age-range.json,3.6910588741302486,2023-01-08 03:33:44.163514,2023-01-07 19:33:44.163514-08:00,vdjserver,VDJServer (US),,,,pass-field-age-range.json,,,,,,,,,,,,,,,,,,,,,,
4,AIRR Data Commons API for VDJServer Community Data Portal,VDJServer ADC API response for repertoire query,1.3,VDJServer,http://vdjserver.org/,vdjserver@utsouthwestern.edu,/home/ubuntu/ireceptor-monitor/performance_scripts/queries/repertoires/pass-query2_repertoire.json,0.4228336811065674,2023-01-08 03:33:44.607602,2023-01-07 19:33:44.607602-08:00,vdjserver,VDJServer (US),,,,pass-query2_repertoire.json,,,,,,,,,,,,,,,,,,,,,,
0,AIRR Data Commons API for VDJServer Community Data Portal,VDJServer ADC API response for repertoire query,1.3,VDJServer,http://vdjserver.org/,vdjserver@utsouthwestern.edu,/home/ubuntu/ireceptor-monitor/performance_scripts/queries/repertoires/pass-all.json,4.731671571731567,2023-01-08 07:33:38.350384,2023-01-07 23:33:38.350384-08:00,vdjserver,VDJServer (US),,,,pass-all.json,,,,,,,,,,,,,,,,,,,,,,
1,AIRR Data Commons API for VDJServer Community Data Portal,VDJServer ADC API response for repertoire query,1.3,VDJServer,http://vdjserver.org/,vdjserver@utsouthwestern.edu,/home/ubuntu/ireceptor-monitor/performance_scripts/queries/repertoires/pass-field-organism-id.json,1.7919743061065674,2023-01-08 07:33:40.295717,2023-01-07 23:33:40.295717-08:00,vdjserver,VDJServer (US),,,,pass-field-organism-id.json,,,,,,,,,,,,,,,,,,,,,,
2,AIRR Data Commons API for VDJServer Community Data Portal,VDJServer ADC API response for repertoire query,1.3,VDJServer,http://vdjserver.org/,vdjserver@utsouthwestern.edu,/home/ubuntu/ireceptor-monitor/performance_scripts/queries/repertoires/pass-field-pcr_target_locus.json,1.383453369140625,2023-01-08 07:33:41.766886,2023-01-07 23:33:41.766886-08:00,vdjserver,VDJServer (US),,,,pass-field-pcr_target_locus.json,,,,,,,,,,,,,,,,,,,,,,
3,AIRR Data Commons API for VDJServer Community Data Portal,VDJServer ADC API response for repertoire query,1.3,VDJServer,http://vdjserver.org/,vdjserver@utsouthwestern.edu,/home/ubuntu/ireceptor-monitor/performance_scripts/queries/repertoires/pass-field-age-range.json,3.5574440956115723,2023-01-08 07:33:45.753787,2023-01-07 23:33:45.753787-08:00,vdjserver,VDJServer (US),,,,pass-field-age-range.json,,,,,,,,,,,,,,,,,,,,,,
4,AIRR Data Commons API for VDJServer Community Data Portal,VDJServer ADC API response for repertoire query,1.3,VDJServer,http://vdjserver.org/,vdjserver@utsouthwestern.edu,/home/ubuntu/ireceptor-monitor/performance_scripts/queries/repertoires/pass-query2_repertoire.json,0.4127323627471924,2023-01-08 07:33:46.183070,2023-01-07 23:33:46.183070-08:00,vdjserver,VDJServer (US),,,,pass-query2_repertoire.json,,,,,,,,,,,,,,,,,,,,,,
0,AIRR Data Commons API for VDJServer Community Data Portal,VDJServer ADC API response for repertoire query,1.3,VDJServer,http://vdjserver.org/,vdjserver@utsouthwestern.edu,/home/ubuntu/ireceptor-monitor/performance_scripts/queries/repertoires/pass-all.json,9.797266244888307,2023-01-08 11:33:42.784555,2023-01-08 03:33:42.784555-08:00,vdjserver,VDJServer (US),,,,pass-all.json,,,,,,,,,,,,,,,,,,,,,,
1,AIRR Data Commons API for VDJServer Community Data Portal,VDJServer ADC API response for repertoire query,1.3,VDJServer,http://vdjserver.org/,vdjserver@utsouthwestern.edu,/home/ubuntu/ireceptor-monitor/performance_scripts/queries/repertoires/pass-field-organism-id.json,1.9657206535339355,2023-01-08 11:33:44.904063,2023-01-08 03:33:44.904063-08:00,vdjserver,VDJServer (US),,,,pass-field-organism-id.json,,,,,,,,,,,,,,,,,,,,,,
2,AIRR Data Commons API for VDJServer Community Data Portal,VDJServer ADC API response for repertoire query,1.3,VDJServer,http://vdjserver.org/,vdjserver@utsouthwestern.edu,/home/ubuntu/ireceptor-monitor/performance_scripts/queries/repertoires/pass-field-pcr_target_locus.json,1.4442200660705566,2023-01-08 11:33:46.436223,2023-01-08 03:33:46.436223-08:00,vdjserver,VDJServer (US),,,,pass-field-pcr_target_locus.json,,,,,,,,,,,,,,,,,,,,,,
3,AIRR Data Commons API for VDJServer Community Data Portal,VDJServer ADC API response for repertoire query,1.3,VDJServer,http://vdjserver.org/,vdjserver@utsouthwestern.edu,/home/ubuntu/ireceptor-monitor/performance_scripts/queries/repertoires/pass-field-age-range.json,3.719566822052002,2023-01-08 11:33:50.601520,2023-01-08 03:33:50.601520-08:00,vdjserver,VDJServer (US),,,,pass-field-age-range.json,,,,,,,,,,,,,,,,,,,,,,
4,AIRR Data Commons API for VDJServer Community Data Portal,VDJServer ADC API response for repertoire query,1.3,VDJServer,http://vdjserver.org/,vdjserver@utsouthwestern.edu,/home/ubuntu/ireceptor-monitor/performance_scripts/queries/repertoires/pass-query2_repertoire.json,0.416107177734375,2023-01-08 11:33:51.035336,2023-01-08 03:33:51.035336-08:00,vdjserver,VDJServer (US),,,,pass-query2_repertoire.json,,,,,,,,,,,,,,,,,,,,,,
0,AIRR Data Commons API for VDJServer Community Data Portal,VDJServer ADC API response for repertoire query,1.3,VDJServer,http://vdjserver.org/,vdjserver@utsouthwestern.edu,/home/ubuntu/ireceptor-monitor/performance_scripts/queries/repertoires/pass-all.json,5.882211923599242,2023-01-08 15:33:39.039135,2023-01-08 07:33:39.039135-08:00,vdjserver,VDJServer (US),,,,pass-all.json,,,,,,,,,,,,,,,,,,,,,,
1,AIRR Data Commons API for VDJServer Community Data Portal,VDJServer ADC API response for repertoire query,1.3,VDJServer,http://vdjserver.org/,vdjserver@utsouthwestern.edu,/home/ubuntu/ireceptor-monitor/performance_scripts/queries/repertoires/pass-field-organism-id.json,1.8731749057769769,2023-01-08 15:33:41.072523,2023-01-08 07:33:41.072523-08:00,vdjserver,VDJServer (US),,,,pass-field-organism-id.json,,,,,,,,,,,,,,,,,,,,,,
2,AIRR Data Commons API for VDJServer Community Data Portal,VDJServer ADC API response for repertoire query,1.3,VDJServer,http://vdjserver.org/,vdjserver@utsouthwestern.edu,/home/ubuntu/ireceptor-monitor/performance_scripts/queries/repertoires/pass-field-pcr_target_locus.json,1.3676888942718506,2023-01-08 15:33:42.527828,2023-01-08 07:33:42.527828-08:00,vdjserver,VDJServer (US),,,,pass-field-pcr_target_locus.json,,,,,,,,,,,,,,,,,,,,,,
3,AIRR Data Commons API for VDJServer Community Data Portal,VDJServer ADC API response for repertoire query,1.3,VDJServer,http://vdjserver.org/,vdjserver@utsouthwestern.edu,/home/ubuntu/ireceptor-monitor/performance_scripts/queries/repertoires/pass-field-age-range.json,3.718629121780397,2023-01-08 15:33:46.690773,2023-01-08 07:33:46.690773-08:00,vdjserver,VDJServer (US),,,,pass-field-age-range.json,,,,,,,,,,,,,,,,,,,,,,
4,AIRR Data Commons API for VDJServer Community Data Portal,VDJServer ADC API response for repertoire query,1.3,VDJServer,http://vdjserver.org/,vdjserver@utsouthwestern.edu,/home/ubuntu/ireceptor-monitor/performance_scripts/queries/repertoires/pass-query2_repertoire.json,0.4496040344238281,2023-01-08 15:33:47.157394,2023-01-08 07:33:47.157394-08:00,vdjserver,VDJServer (US),,,,pass-query2_repertoire.json,,,,,,,,,,,,,,,,,,,,,,
0,AIRR Data Commons API for VDJServer Community Data Portal,VDJServer ADC API response for repertoire query,1.3,VDJServer,http://vdjserver.org/,vdjserver@utsouthwestern.edu,/home/ubuntu/ireceptor-monitor/performance_scripts/queries/repertoires/pass-all.json,4.41865348815918,2023-01-08 19:33:35.591718,2023-01-08 11:33:35.591718-08:00,vdjserver,VDJServer (US),,,,pass-all.json,,,,,,,,,,,,,,,,,,,,,,
1,AIRR Data Commons API for VDJServer Community Data Portal,VDJServer ADC API response for repertoire query,1.3,VDJServer,http://vdjserver.org/,vdjserver@utsouthwestern.edu,/home/ubuntu/ireceptor-monitor/performance_scripts/queries/repertoires/pass-field-organism-id.json,1.944695949554444,2023-01-08 19:33:37.702419,2023-01-08 11:33:37.702419-08:00,vdjserver,VDJServer (US),,,,pass-field-organism-id.json,,,,,,,,,,,,,,,,,,,,,,
2,AIRR Data Commons API for VDJServer Community Data Portal,VDJServer ADC API response for repertoire query,1.3,VDJServer,http://vdjserver.org/,vdjserver@utsouthwestern.edu,/home/ubuntu/ireceptor-monitor/performance_scripts/queries/repertoires/pass-field-pcr_target_locus.json,1.6253156661987305,2023-01-08 19:33:39.419998,2023-01-08 11:33:39.419998-08:00,vdjserver,VDJServer (US),,,,pass-field-pcr_target_locus.json,,,,,,,,,,,,,,,,,,,,,,
3,AIRR Data Commons API for VDJServer Community Data Portal,VDJServer ADC API response for repertoire query,1.3,VDJServer,http://vdjserver.org/,vdjserver@utsouthwestern.edu,/home/ubuntu/ireceptor-monitor/performance_scripts/queries/repertoires/pass-field-age-range.json,4.610591173171997,2023-01-08 19:33:44.498173,2023-01-08 11:33:44.498173-08:00,vdjserver,VDJServer (US),,,,pass-field-age-range.json,,,,,,,,,,,,,,,,,,,,,,
4,AIRR Data Commons API for VDJServer Community Data Portal,VDJServer ADC API response for repertoire query,1.3,VDJServer,http://vdjserver.org/,vdjserver@utsouthwestern.edu,/home/ubuntu/ireceptor-monitor/performance_scripts/queries/repertoires/pass-query2_repertoire.json,0.4159262180328369,2023-01-08 19:33:44.934773,2023-01-08 11:33:44.934773-08:00,vdjserver,VDJServer (US),,,,pass-query2_repertoire.json,,,,,,,,,,,,,,,,,,,,,,
0,AIRR Data Commons API for VDJServer Community Data Portal,VDJServer ADC API response for repertoire query,1.3,VDJServer,http://vdjserver.org/,vdjserver@utsouthwestern.edu,/home/ubuntu/ireceptor-monitor/performance_scripts/queries/repertoires/pass-all.json,13.20459771156311,2023-01-08 23:33:43.207130,2023-01-08 15:33:43.207130-08:00,vdjserver,VDJServer (US),,,,pass-all.json,,,,,,,,,,,,,,,,,,,,,,
1,AIRR Data Commons API for VDJServer Community Data Portal,VDJServer ADC API response for repertoire query,1.3,VDJServer,http://vdjserver.org/,vdjserver@utsouthwestern.edu,/home/ubuntu/ireceptor-monitor/performance_scripts/queries/repertoires/pass-field-organism-id.json,2.123628854751587,2023-01-08 23:33:45.503656,2023-01-08 15:33:45.503656-08:00,vdjserver,VDJServer (US),,,,pass-field-organism-id.json,,,,,,,,,,,,,,,,,,,,,,
2,AIRR Data Commons API for VDJServer Community Data Portal,VDJServer ADC API response for repertoire query,1.3,VDJServer,http://vdjserver.org/,vdjserver@utsouthwestern.edu,/home/ubuntu/ireceptor-monitor/performance_scripts/queries/repertoires/pass-field-pcr_target_locus.json,1.350438117980957,2023-01-08 23:33:46.944214,2023-01-08 15:33:46.944214-08:00,vdjserver,VDJServer (US),,,,pass-field-pcr_target_locus.json,,,,,,,,,,,,,,,,,,,,,,
3,AIRR Data Commons API for VDJServer Community Data Portal,VDJServer ADC API response for repertoire query,1.3,VDJServer,http://vdjserver.org/,vdjserver@utsouthwestern.edu,/home/ubuntu/ireceptor-monitor/performance_scripts/queries/repertoires/pass-field-age-range.json,3.5197968482971187,2023-01-08 23:33:50.914757,2023-01-08 15:33:50.914757-08:00,vdjserver,VDJServer (US),,,,pass-field-age-range.json,,,,,,,,,,,,,,,,,,,,,,
4,AIRR Data Commons API for VDJServer Community Data Portal,VDJServer ADC API response for repertoire query,1.3,VDJServer,http://vdjserver.org/,vdjserver@utsouthwestern.edu,/home/ubuntu/ireceptor-monitor/performance_scripts/queries/repertoires/pass-query2_repertoire.json,0.4207162857055664,2023-01-08 23:33:51.352606,2023-01-08 15:33:51.352606-08:00,vdjserver,VDJServer (US),,,,pass-query2_repertoire.json,,,,,,,,,,,,,,,,,,,,,,
0,AIRR Data Commons API for VDJServer Community Data Portal,VDJServer ADC API response for repertoire query,1.3,VDJServer,http://vdjserver.org/,vdjserver@utsouthwestern.edu,/home/ubuntu/ireceptor-monitor/performance_scripts/queries/repertoires/pass-all.json,7.9698264598846436,2023-01-09 03:33:39.332088,2023-01-08 19:33:39.332088-08:00,vdjserver,VDJServer (US),,,,pass-all.json,,,,,,,,,,,,,,,,,,,,,,
1,AIRR Data Commons API for VDJServer Community Data Portal,VDJServer ADC API response for repertoire query,1.3,VDJServer,http://vdjserver.org/,vdjserver@utsouthwestern.edu,/home/ubuntu/ireceptor-monitor/performance_scripts/queries/repertoires/pass-field-organism-id.json,1.965247392654419,2023-01-09 03:33:41.468558,2023-01-08 19:33:41.468558-08:00,vdjserver,VDJServer (US),,,,pass-field-organism-id.json,,,,,,,,,,,,,,,,,,,,,,
2,AIRR Data Commons API for VDJServer Community Data Portal,VDJServer ADC API response for repertoire query,1.3,VDJServer,http://vdjserver.org/,vdjserver@utsouthwestern.edu,/home/ubuntu/ireceptor-monitor/performance_scripts/queries/repertoires/pass-field-pcr_target_locus.json,1.341231107711792,2023-01-09 03:33:42.907440,2023-01-08 19:33:42.907440-08:00,vdjserver,VDJServer (US),,,,pass-field-pcr_target_locus.json,,,,,,,,,,,,,,,,,,,,,,
3,AIRR Data Commons API for VDJServer Community Data Portal,VDJServer ADC API response for repertoire query,1.3,VDJServer,http://vdjserver.org/,vdjserver@utsouthwestern.edu,/home/ubuntu/ireceptor-monitor/performance_scripts/queries/repertoires/pass-field-age-range.json,4.147425413131714,2023-01-09 03:33:47.551390,2023-01-08 19:33:47.551390-08:00,vdjserver,VDJServer (US),,,,pass-field-age-range.json,,,,,,,,,,,,,,,,,,,,,,
4,AIRR Data Commons API for VDJServer Community Data Portal,VDJServer ADC API response for repertoire query,1.3,VDJServer,http://vdjserver.org/,vdjserver@utsouthwestern.edu,/home/ubuntu/ireceptor-monitor/performance_scripts/queries/repertoires/pass-query2_repertoire.json,0.4062497615814209,2023-01-09 03:33:47.979199,2023-01-08 19:33:47.979199-08:00,vdjserver,VDJServer (US),,,,pass-query2_repertoire.json,,,,,,,,,,,,,,,,,,,,,,
0,AIRR Data Commons API for VDJServer Community Data Portal,VDJServer ADC API response for repertoire query,1.3,VDJServer,http://vdjserver.org/,vdjserver@utsouthwestern.edu,/home/ubuntu/ireceptor-monitor/performance_scripts/queries/repertoires/pass-all.json,7.985755205154419,2023-01-09 07:33:38.041756,2023-01-08 23:33:38.041756-08:00,vdjserver,VDJServer (US),,,,pass-all.json,,,,,,,,,,,,,,,,,,,,,,
1,AIRR Data Commons API for VDJServer Community Data Portal,VDJServer ADC API response for repertoire query,1.3,VDJServer,http://vdjserver.org/,vdjserver@utsouthwestern.edu,/home/ubuntu/ireceptor-monitor/performance_scripts/queries/repertoires/pass-field-organism-id.json,1.9804122447967527,2023-01-09 07:33:40.180731,2023-01-08 23:33:40.180731-08:00,vdjserver,VDJServer (US),,,,pass-field-organism-id.json,,,,,,,,,,,,,,,,,,,,,,
2,AIRR Data Commons API for VDJServer Community Data Portal,VDJServer ADC API response for repertoire query,1.3,VDJServer,http://vdjserver.org/,vdjserver@utsouthwestern.edu,/home/ubuntu/ireceptor-monitor/performance_scripts/queries/repertoires/pass-field-pcr_target_locus.json,2.1177017688751216,2023-01-09 07:33:42.391654,2023-01-08 23:33:42.391654-08:00,vdjserver,VDJServer (US),,,,pass-field-pcr_target_locus.json,,,,,,,,,,,,,,,,,,,,,,
3,AIRR Data Commons API for VDJServer Community Data Portal,VDJServer ADC API response for repertoire query,1.3,VDJServer,http://vdjserver.org/,vdjserver@utsouthwestern.edu,/home/ubuntu/ireceptor-monitor/performance_scripts/queries/repertoires/pass-field-age-range.json,6.7595269680023184,2023-01-09 07:33:49.608862,2023-01-08 23:33:49.608862-08:00,vdjserver,VDJServer (US),,,,pass-field-age-range.json,,,,,,,,,,,,,,,,,,,,,,
4,AIRR Data Commons API for VDJServer Community Data Portal,VDJServer ADC API response for repertoire query,1.3,VDJServer,http://vdjserver.org/,vdjserver@utsouthwestern.edu,/home/ubuntu/ireceptor-monitor/performance_scripts/queries/repertoires/pass-query2_repertoire.json,0.4512920379638672,2023-01-09 07:33:50.081780,2023-01-08 23:33:50.081780-08:00,vdjserver,VDJServer (US),,,,pass-query2_repertoire.json,,,,,,,,,,,,,,,,,,,,,,
0,AIRR Data Commons API for VDJServer Community Data Portal,VDJServer ADC API response for repertoire query,1.3,VDJServer,http://vdjserver.org/,vdjserver@utsouthwestern.edu,/home/ubuntu/ireceptor-monitor/performance_scripts/queries/repertoires/pass-all.json,5.988819360733032,2023-01-09 11:33:37.365213,2023-01-09 03:33:37.365213-08:00,vdjserver,VDJServer (US),,,,pass-all.json,,,,,,,,,,,,,,,,,,,,,,
1,AIRR Data Commons API for VDJServer Community Data Portal,VDJServer ADC API response for repertoire query,1.3,VDJServer,http://vdjserver.org/,vdjserver@utsouthwestern.edu,/home/ubuntu/ireceptor-monitor/performance_scripts/queries/repertoires/pass-field-organism-id.json,1.9366538524627688,2023-01-09 11:33:39.463854,2023-01-09 03:33:39.463854-08:00,vdjserver,VDJServer (US),,,,pass-field-organism-id.json,,,,,,,,,,,,,,,,,,,,,,
2,AIRR Data Commons API for VDJServer Community Data Portal,VDJServer ADC API response for repertoire query,1.3,VDJServer,http://vdjserver.org/,vdjserver@utsouthwestern.edu,/home/ubuntu/ireceptor-monitor/performance_scripts/queries/repertoires/pass-field-pcr_target_locus.json,1.5654382705688477,2023-01-09 11:33:41.121485,2023-01-09 03:33:41.121485-08:00,vdjserver,VDJServer (US),,,,pass-field-pcr_target_locus.json,,,,,,,,,,,,,,,,,,,,,,
3,AIRR Data Commons API for VDJServer Community Data Portal,VDJServer ADC API response for repertoire query,1.3,VDJServer,http://vdjserver.org/,vdjserver@utsouthwestern.edu,/home/ubuntu/ireceptor-monitor/performance_scripts/queries/repertoires/pass-field-age-range.json,4.80133318901062,2023-01-09 11:33:46.400634,2023-01-09 03:33:46.400634-08:00,vdjserver,VDJServer (US),,,,pass-field-age-range.json,,,,,,,,,,,,,,,,,,,,,,
4,AIRR Data Commons API for VDJServer Community Data Portal,VDJServer ADC API response for repertoire query,1.3,VDJServer,http://vdjserver.org/,vdjserver@utsouthwestern.edu,/home/ubuntu/ireceptor-monitor/performance_scripts/queries/repertoires/pass-query2_repertoire.json,0.5662295818328857,2023-01-09 11:33:46.985004,2023-01-09 03:33:46.985004-08:00,vdjserver,VDJServer (US),,,,pass-query2_repertoire.json,,,,,,,,,,,,,,,,,,,,,,
0,AIRR Data Commons API for VDJServer Community Data Portal,VDJServer ADC API response for repertoire query,1.3,VDJServer,http://vdjserver.org/,vdjserver@utsouthwestern.edu,/home/ubuntu/ireceptor-monitor/performance_scripts/queries/repertoires/pass-all.json,4.7012200355529785,2023-01-09 15:33:35.255477,2023-01-09 07:33:35.255477-08:00,vdjserver,VDJServer (US),,,,pass-all.json,,,,,,,,,,,,,,,,,,,,,,
1,AIRR Data Commons API for VDJServer Community Data Portal,VDJServer ADC API response for repertoire query,1.3,VDJServer,http://vdjserver.org/,vdjserver@utsouthwestern.edu,/home/ubuntu/ireceptor-monitor/performance_scripts/queries/repertoires/pass-field-organism-id.json,1.770698308944702,2023-01-09 15:33:37.177903,2023-01-09 07:33:37.177903-08:00,vdjserver,VDJServer (US),,,,pass-field-organism-id.json,,,,,,,,,,,,,,,,,,,,,,
2,AIRR Data Commons API for VDJServer Community Data Portal,VDJServer ADC API response for repertoire query,1.3,VDJServer,http://vdjserver.org/,vdjserver@utsouthwestern.edu,/home/ubuntu/ireceptor-monitor/performance_scripts/queries/repertoires/pass-field-pcr_target_locus.json,1.3799655437469482,2023-01-09 15:33:38.642778,2023-01-09 07:33:38.642778-08:00,vdjserver,VDJServer (US),,,,pass-field-pcr_target_locus.json,,,,,,,,,,,,,,,,,,,,,,
3,AIRR Data Commons API for VDJServer Community Data Portal,VDJServer ADC API response for repertoire query,1.3,VDJServer,http://vdjserver.org/,vdjserver@utsouthwestern.edu,/home/ubuntu/ireceptor-monitor/performance_scripts/queries/repertoires/pass-field-age-range.json,4.161248683929443,2023-01-09 15:33:43.232637,2023-01-09 07:33:43.232637-08:00,vdjserver,VDJServer (US),,,,pass-field-age-range.json,,,,,,,,,,,,,,,,,,,,,,
4,AIRR Data Commons API for VDJServer Community Data Portal,VDJServer ADC API response for repertoire query,1.3,VDJServer,http://vdjserver.org/,vdjserver@utsouthwestern.edu,/home/ubuntu/ireceptor-monitor/performance_scripts/queries/repertoires/pass-query2_repertoire.json,0.7342295646667479,2023-01-09 15:33:43.984550,2023-01-09 07:33:43.984550-08:00,vdjserver,VDJServer (US),,,,pass-query2_repertoire.json,,,,,,,,,,,,,,,,,,,,,,
0,AIRR Data Commons API for VDJServer Community Data Portal,VDJServer ADC API response for repertoire query,1.3,VDJServer,http://vdjserver.org/,vdjserver@utsouthwestern.edu,/home/ubuntu/ireceptor-monitor/performance_scripts/queries/repertoires/pass-all.json,5.817172288894652,2023-01-09 19:33:37.261065,2023-01-09 11:33:37.261065-08:00,vdjserver,VDJServer (US),,,,pass-all.json,,,,,,,,,,,,,,,,,,,,,,
1,AIRR Data Commons API for VDJServer Community Data Portal,VDJServer ADC API response for repertoire query,1.3,VDJServer,http://vdjserver.org/,vdjserver@utsouthwestern.edu,/home/ubuntu/ireceptor-monitor/performance_scripts/queries/repertoires/pass-field-organism-id.json,3.580603837966919,2023-01-09 19:33:40.987711,2023-01-09 11:33:40.987711-08:00,vdjserver,VDJServer (US),,,,pass-field-organism-id.json,,,,,,,,,,,,,,,,,,,,,,
2,AIRR Data Commons API for VDJServer Community Data Portal,VDJServer ADC API response for repertoire query,1.3,VDJServer,http://vdjserver.org/,vdjserver@utsouthwestern.edu,/home/ubuntu/ireceptor-monitor/performance_scripts/queries/repertoires/pass-field-pcr_target_locus.json,2.303534746170044,2023-01-09 19:33:43.372118,2023-01-09 11:33:43.372118-08:00,vdjserver,VDJServer (US),,,,pass-field-pcr_target_locus.json,,,,,,,,,,,,,,,,,,,,,,
3,AIRR Data Commons API for VDJServer Community Data Portal,VDJServer ADC API response for repertoire query,1.3,VDJServer,http://vdjserver.org/,vdjserver@utsouthwestern.edu,/home/ubuntu/ireceptor-monitor/performance_scripts/queries/repertoires/pass-field-age-range.json,8.279260158538817,2023-01-09 19:33:52.051305,2023-01-09 11:33:52.051305-08:00,vdjserver,VDJServer (US),,,,pass-field-age-range.json,,,,,,,,,,,,,,,,,,,,,,
4,AIRR Data Commons API for VDJServer Community Data Portal,VDJServer ADC API response for repertoire query,1.3,VDJServer,http://vdjserver.org/,vdjserver@utsouthwestern.edu,/home/ubuntu/ireceptor-monitor/performance_scripts/queries/repertoires/pass-query2_repertoire.json,0.6459200382232666,2023-01-09 19:33:52.716156,2023-01-09 11:33:52.716156-08:00,vdjserver,VDJServer (US),,,,pass-query2_repertoire.json,,,,,,,,,,,,,,,,,,,,,,
0,AIRR Data Commons API for VDJServer Community Data Portal,VDJServer ADC API response for repertoire query,1.3,VDJServer,http://vdjserver.org/,vdjserver@utsouthwestern.edu,/home/ubuntu/ireceptor-monitor/performance_scripts/queries/repertoires/pass-all.json,8.090445041656494,2023-01-09 23:33:43.551322,2023-01-09 15:33:43.551322-08:00,vdjserver,VDJServer (US),,,,pass-all.json,,,,,,,,,,,,,,,,,,,,,,
1,AIRR Data Commons API for VDJServer Community Data Portal,VDJServer ADC API response for repertoire query,1.3,VDJServer,http://vdjserver.org/,vdjserver@utsouthwestern.edu,/home/ubuntu/ireceptor-monitor/performance_scripts/queries/repertoires/pass-field-organism-id.json,2.127292394638061,2023-01-09 23:33:45.854662,2023-01-09 15:33:45.854662-08:00,vdjserver,VDJServer (US),,,,pass-field-organism-id.json,,,,,,,,,,,,,,,,,,,,,,
2,AIRR Data Commons API for VDJServer Community Data Portal,VDJServer ADC API response for repertoire query,1.3,VDJServer,http://vdjserver.org/,vdjserver@utsouthwestern.edu,/home/ubuntu/ireceptor-monitor/performance_scripts/queries/repertoires/pass-field-pcr_target_locus.json,1.3488786220550537,2023-01-09 23:33:47.292483,2023-01-09 15:33:47.292483-08:00,vdjserver,VDJServer (US),,,,pass-field-pcr_target_locus.json,,,,,,,,,,,,,,,,,,,,,,
3,AIRR Data Commons API for VDJServer Community Data Portal,VDJServer ADC API response for repertoire query,1.3,VDJServer,http://vdjserver.org/,vdjserver@utsouthwestern.edu,/home/ubuntu/ireceptor-monitor/performance_scripts/queries/repertoires/pass-field-age-range.json,3.4780874252319336,2023-01-09 23:33:51.264596,2023-01-09 15:33:51.264596-08:00,vdjserver,VDJServer (US),,,,pass-field-age-range.json,,,,,,,,,,,,,,,,,,,,,,
4,AIRR Data Commons API for VDJServer Community Data Portal,VDJServer ADC API response for repertoire query,1.3,VDJServer,http://vdjserver.org/,vdjserver@utsouthwestern.edu,/home/ubuntu/ireceptor-monitor/performance_scripts/queries/repertoires/pass-query2_repertoire.json,0.4349548816680908,2023-01-09 23:33:51.720531,2023-01-09 15:33:51.720531-08:00,vdjserver,VDJServer (US),,,,pass-query2_repertoire.json,,,,,,,,,,,,,,,,,,,,,,
0,AIRR Data Commons API for VDJServer Community Data Portal,VDJServer ADC API response for repertoire query,1.3,VDJServer,http://vdjserver.org/,vdjserver@utsouthwestern.edu,/home/ubuntu/ireceptor-monitor/performance_scripts/queries/repertoires/pass-all.json,4.690274715423584,2023-01-10 03:33:43.691990,2023-01-09 19:33:43.691990-08:00,vdjserver,VDJServer (US),,,,pass-all.json,,,,,,,,,,,,,,,,,,,,,,
1,AIRR Data Commons API for VDJServer Community Data Portal,VDJServer ADC API response for repertoire query,1.3,VDJServer,http://vdjserver.org/,vdjserver@utsouthwestern.edu,/home/ubuntu/ireceptor-monitor/performance_scripts/queries/repertoires/pass-field-organism-id.json,2.2006876468658447,2023-01-10 03:33:46.040250,2023-01-09 19:33:46.040250-08:00,vdjserver,VDJServer (US),,,,pass-field-organism-id.json,,,,,,,,,,,,,,,,,,,,,,
2,AIRR Data Commons API for VDJServer Community Data Portal,VDJServer ADC API response for repertoire query,1.3,VDJServer,http://vdjserver.org/,vdjserver@utsouthwestern.edu,/home/ubuntu/ireceptor-monitor/performance_scripts/queries/repertoires/pass-field-pcr_target_locus.json,1.4324326515197754,2023-01-10 03:33:47.555233,2023-01-09 19:33:47.555233-08:00,vdjserver,VDJServer (US),,,,pass-field-pcr_target_locus.json,,,,,,,,,,,,,,,,,,,,,,
3,AIRR Data Commons API for VDJServer Community Data Portal,VDJServer ADC API response for repertoire query,1.3,VDJServer,http://vdjserver.org/,vdjserver@utsouthwestern.edu,/home/ubuntu/ireceptor-monitor/performance_scripts/queries/repertoires/pass-field-age-range.json,4.112456798553467,2023-01-10 03:33:52.072830,2023-01-09 19:33:52.072830-08:00,vdjserver,VDJServer (US),,,,pass-field-age-range.json,,,,,,,,,,,,,,,,,,,,,,
4,AIRR Data Commons API for VDJServer Community Data Portal,VDJServer ADC API response for repertoire query,1.3,VDJServer,http://vdjserver.org/,vdjserver@utsouthwestern.edu,/home/ubuntu/ireceptor-monitor/performance_scripts/queries/repertoires/pass-query2_repertoire.json,0.4900534152984619,2023-01-10 03:33:52.585475,2023-01-09 19:33:52.585475-08:00,vdjserver,VDJServer (US),,,,pass-query2_repertoire.json,,,,,,,,,,,,,,,,,,,,,,
0,AIRR Data Commons API for VDJServer Community Data Portal,VDJServer ADC API response for repertoire query,1.3,VDJServer,http://vdjserver.org/,vdjserver@utsouthwestern.edu,/home/ubuntu/ireceptor-monitor/performance_scripts/queries/repertoires/pass-all.json,4.661841869354248,2023-01-10 07:33:37.987813,2023-01-09 23:33:37.987813-08:00,vdjserver,VDJServer (US),,,,pass-all.json,,,,,,,,,,,,,,,,,,,,,,
1,AIRR Data Commons API for VDJServer Community Data Portal,VDJServer ADC API response for repertoire query,1.3,VDJServer,http://vdjserver.org/,vdjserver@utsouthwestern.edu,/home/ubuntu/ireceptor-monitor/performance_scripts/queries/repertoires/pass-field-organism-id.json,1.9791343212127688,2023-01-10 07:33:40.122793,2023-01-09 23:33:40.122793-08:00,vdjserver,VDJServer (US),,,,pass-field-organism-id.json,,,,,,,,,,,,,,,,,,,,,,
2,AIRR Data Commons API for VDJServer Community Data Portal,VDJServer ADC API response for repertoire query,1.3,VDJServer,http://vdjserver.org/,vdjserver@utsouthwestern.edu,/home/ubuntu/ireceptor-monitor/performance_scripts/queries/repertoires/pass-field-pcr_target_locus.json,1.4767103195190432,2023-01-10 07:33:41.683218,2023-01-09 23:33:41.683218-08:00,vdjserver,VDJServer (US),,,,pass-field-pcr_target_locus.json,,,,,,,,,,,,,,,,,,,,,,
3,AIRR Data Commons API for VDJServer Community Data Portal,VDJServer ADC API response for repertoire query,1.3,VDJServer,http://vdjserver.org/,vdjserver@utsouthwestern.edu,/home/ubuntu/ireceptor-monitor/performance_scripts/queries/repertoires/pass-field-age-range.json,5.981439590454103,2023-01-10 07:33:48.095305,2023-01-09 23:33:48.095305-08:00,vdjserver,VDJServer (US),,,,pass-field-age-range.json,,,,,,,,,,,,,,,,,,,,,,
4,AIRR Data Commons API for VDJServer Community Data Portal,VDJServer ADC API response for repertoire query,1.3,VDJServer,http://vdjserver.org/,vdjserver@utsouthwestern.edu,/home/ubuntu/ireceptor-monitor/performance_scripts/queries/repertoires/pass-query2_repertoire.json,0.412426233291626,2023-01-10 07:33:48.523107,2023-01-09 23:33:48.523107-08:00,vdjserver,VDJServer (US),,,,pass-query2_repertoire.json,,,,,,,,,,,,,,,,,,,,,,
0,AIRR Data Commons API for VDJServer Community Data Portal,VDJServer ADC API response for repertoire query,1.3,VDJServer,http://vdjserver.org/,vdjserver@utsouthwestern.edu,/home/ubuntu/ireceptor-monitor/performance_scripts/queries/repertoires/pass-all.json,5.0026562213897705,2023-01-10 11:33:37.903873,2023-01-10 03:33:37.903873-08:00,vdjserver,VDJServer (US),,,,pass-all.json,,,,,,,,,,,,,,,,,,,,,,
1,AIRR Data Commons API for VDJServer Community Data Portal,VDJServer ADC API response for repertoire query,1.3,VDJServer,http://vdjserver.org/,vdjserver@utsouthwestern.edu,/home/ubuntu/ireceptor-monitor/performance_scripts/queries/repertoires/pass-field-organism-id.json,2.1492953300476074,2023-01-10 11:33:40.228683,2023-01-10 03:33:40.228683-08:00,vdjserver,VDJServer (US),,,,pass-field-organism-id.json,,,,,,,,,,,,,,,,,,,,,,
2,AIRR Data Commons API for VDJServer Community Data Portal,VDJServer ADC API response for repertoire query,1.3,VDJServer,http://vdjserver.org/,vdjserver@utsouthwestern.edu,/home/ubuntu/ireceptor-monitor/performance_scripts/queries/repertoires/pass-field-pcr_target_locus.json,1.6686620712280271,2023-01-10 11:33:41.996175,2023-01-10 03:33:41.996175-08:00,vdjserver,VDJServer (US),,,,pass-field-pcr_target_locus.json,,,,,,,,,,,,,,,,,,,,,,
3,AIRR Data Commons API for VDJServer Community Data Portal,VDJServer ADC API response for repertoire query,1.3,VDJServer,http://vdjserver.org/,vdjserver@utsouthwestern.edu,/home/ubuntu/ireceptor-monitor/performance_scripts/queries/repertoires/pass-field-age-range.json,5.3584468364715585,2023-01-10 11:33:47.858791,2023-01-10 03:33:47.858791-08:00,vdjserver,VDJServer (US),,,,pass-field-age-range.json,,,,,,,,,,,,,,,,,,,,,,
4,AIRR Data Commons API for VDJServer Community Data Portal,VDJServer ADC API response for repertoire query,1.3,VDJServer,http://vdjserver.org/,vdjserver@utsouthwestern.edu,/home/ubuntu/ireceptor-monitor/performance_scripts/queries/repertoires/pass-query2_repertoire.json,0.4628889560699463,2023-01-10 11:33:48.343257,2023-01-10 03:33:48.343257-08:00,vdjserver,VDJServer (US),,,,pass-query2_repertoire.json,,,,,,,,,,,,,,,,,,,,,,
0,AIRR Data Commons API for VDJServer Community Data Portal,VDJServer ADC API response for repertoire query,1.3,VDJServer,http://vdjserver.org/,vdjserver@utsouthwestern.edu,/home/ubuntu/ireceptor-monitor/performance_scripts/queries/repertoires/pass-all.json,4.623972654342651,2023-01-10 15:33:36.107219,2023-01-10 07:33:36.107219-08:00,vdjserver,VDJServer (US),,,,pass-all.json,,,,,,,,,,,,,,,,,,,,,,
1,AIRR Data Commons API for VDJServer Community Data Portal,VDJServer ADC API response for repertoire query,1.3,VDJServer,http://vdjserver.org/,vdjserver@utsouthwestern.edu,/home/ubuntu/ireceptor-monitor/performance_scripts/queries/repertoires/pass-field-organism-id.json,1.8428831100463867,2023-01-10 15:33:38.111912,2023-01-10 07:33:38.111912-08:00,vdjserver,VDJServer (US),,,,pass-field-organism-id.json,,,,,,,,,,,,,,,,,,,,,,
2,AIRR Data Commons API for VDJServer Community Data Portal,VDJServer ADC API response for repertoire query,1.3,VDJServer,http://vdjserver.org/,vdjserver@utsouthwestern.edu,/home/ubuntu/ireceptor-monitor/performance_scripts/queries/repertoires/pass-field-pcr_target_locus.json,1.4504642486572266,2023-01-10 15:33:39.650329,2023-01-10 07:33:39.650329-08:00,vdjserver,VDJServer (US),,,,pass-field-pcr_target_locus.json,,,,,,,,,,,,,,,,,,,,,,
3,AIRR Data Commons API for VDJServer Community Data Portal,VDJServer ADC API response for repertoire query,1.3,VDJServer,http://vdjserver.org/,vdjserver@utsouthwestern.edu,/home/ubuntu/ireceptor-monitor/performance_scripts/queries/repertoires/pass-field-age-range.json,6.801246404647827,2023-01-10 15:33:46.900225,2023-01-10 07:33:46.900225-08:00,vdjserver,VDJServer (US),,,,pass-field-age-range.json,,,,,,,,,,,,,,,,,,,,,,
4,AIRR Data Commons API for VDJServer Community Data Portal,VDJServer ADC API response for repertoire query,1.3,VDJServer,http://vdjserver.org/,vdjserver@utsouthwestern.edu,/home/ubuntu/ireceptor-monitor/performance_scripts/queries/repertoires/pass-query2_repertoire.json,0.4323372840881348,2023-01-10 15:33:47.352642,2023-01-10 07:33:47.352642-08:00,vdjserver,VDJServer (US),,,,pass-query2_repertoire.json,,,,,,,,,,,,,,,,,,,,,,
0,AIRR Data Commons API for VDJServer Community Data Portal,VDJServer ADC API response for repertoire query,1.3,VDJServer,http://vdjserver.org/,vdjserver@utsouthwestern.edu,/home/ubuntu/ireceptor-monitor/performance_scripts/queries/repertoires/pass-all.json,4.799652338027954,2023-01-10 19:33:36.830975,2023-01-10 11:33:36.830975-08:00,vdjserver,VDJServer (US),,,,pass-all.json,,,,,,,,,,,,,,,,,,,,,,
1,AIRR Data Commons API for VDJServer Community Data Portal,VDJServer ADC API response for repertoire query,1.3,VDJServer,http://vdjserver.org/,vdjserver@utsouthwestern.edu,/home/ubuntu/ireceptor-monitor/performance_scripts/queries/repertoires/pass-field-organism-id.json,1.9054884910583496,2023-01-10 19:33:38.895385,2023-01-10 11:33:38.895385-08:00,vdjserver,VDJServer (US),,,,pass-field-organism-id.json,,,,,,,,,,,,,,,,,,,,,,
2,AIRR Data Commons API for VDJServer Community Data Portal,VDJServer ADC API response for repertoire query,1.3,VDJServer,http://vdjserver.org/,vdjserver@utsouthwestern.edu,/home/ubuntu/ireceptor-monitor/performance_scripts/queries/repertoires/pass-field-pcr_target_locus.json,1.4341833591461182,2023-01-10 19:33:40.418784,2023-01-10 11:33:40.418784-08:00,vdjserver,VDJServer (US),,,,pass-field-pcr_target_locus.json,,,,,,,,,,,,,,,,,,,,,,
3,AIRR Data Commons API for VDJServer Community Data Portal,VDJServer ADC API response for repertoire query,1.3,VDJServer,http://vdjserver.org/,vdjserver@utsouthwestern.edu,/home/ubuntu/ireceptor-monitor/performance_scripts/queries/repertoires/pass-field-age-range.json,4.69587516784668,2023-01-10 19:33:45.568034,2023-01-10 11:33:45.568034-08:00,vdjserver,VDJServer (US),,,,pass-field-age-range.json,,,,,,,,,,,,,,,,,,,,,,
4,AIRR Data Commons API for VDJServer Community Data Portal,VDJServer ADC API response for repertoire query,1.3,VDJServer,http://vdjserver.org/,vdjserver@utsouthwestern.edu,/home/ubuntu/ireceptor-monitor/performance_scripts/queries/repertoires/pass-query2_repertoire.json,0.4355151653289795,2023-01-10 19:33:46.021041,2023-01-10 11:33:46.021041-08:00,vdjserver,VDJServer (US),,,,pass-query2_repertoire.json,,,,,,,,,,,,,,,,,,,,,,
0,AIRR Data Commons API for VDJServer Community Data Portal,VDJServer ADC API response for repertoire query,1.3,VDJServer,http://vdjserver.org/,vdjserver@utsouthwestern.edu,/home/ubuntu/ireceptor-monitor/performance_scripts/queries/repertoires/pass-all.json,6.6787657737731925,2023-01-10 23:33:41.289586,2023-01-10 15:33:41.289586-08:00,vdjserver,VDJServer (US),,,,pass-all.json,,,,,,,,,,,,,,,,,,,,,,
1,AIRR Data Commons API for VDJServer Community Data Portal,VDJServer ADC API response for repertoire query,1.3,VDJServer,http://vdjserver.org/,vdjserver@utsouthwestern.edu,/home/ubuntu/ireceptor-monitor/performance_scripts/queries/repertoires/pass-field-organism-id.json,1.750444412231445,2023-01-10 23:33:43.204747,2023-01-10 15:33:43.204747-08:00,vdjserver,VDJServer (US),,,,pass-field-organism-id.json,,,,,,,,,,,,,,,,,,,,,,
2,AIRR Data Commons API for VDJServer Community Data Portal,VDJServer ADC API response for repertoire query,1.3,VDJServer,http://vdjserver.org/,vdjserver@utsouthwestern.edu,/home/ubuntu/ireceptor-monitor/performance_scripts/queries/repertoires/pass-field-pcr_target_locus.json,1.732680082321167,2023-01-10 23:33:45.068761,2023-01-10 15:33:45.068761-08:00,vdjserver,VDJServer (US),,,,pass-field-pcr_target_locus.json,,,,,,,,,,,,,,,,,,,,,,
3,AIRR Data Commons API for VDJServer Community Data Portal,VDJServer ADC API response for repertoire query,1.3,VDJServer,http://vdjserver.org/,vdjserver@utsouthwestern.edu,/home/ubuntu/ireceptor-monitor/performance_scripts/queries/repertoires/pass-field-age-range.json,6.2585084438323975,2023-01-10 23:33:51.783443,2023-01-10 15:33:51.783443-08:00,vdjserver,VDJServer (US),,,,pass-field-age-range.json,,,,,,,,,,,,,,,,,,,,,,
4,AIRR Data Commons API for VDJServer Community Data Portal,VDJServer ADC API response for repertoire query,1.3,VDJServer,http://vdjserver.org/,vdjserver@utsouthwestern.edu,/home/ubuntu/ireceptor-monitor/performance_scripts/queries/repertoires/pass-query2_repertoire.json,0.4544870853424072,2023-01-10 23:33:52.255242,2023-01-10 15:33:52.255242-08:00,vdjserver,VDJServer (US),,,,pass-query2_repertoire.json,,,,,,,,,,,,,,,,,,,,,,
0,AIRR Data Commons API for VDJServer Community Data Portal,VDJServer ADC API response for repertoire query,1.3,VDJServer,http://vdjserver.org/,vdjserver@utsouthwestern.edu,/home/ubuntu/ireceptor-monitor/performance_scripts/queries/repertoires/pass-all.json,5.1607229709625235,2023-01-11 03:33:37.835061,2023-01-10 19:33:37.835061-08:00,vdjserver,VDJServer (US),,,,pass-all.json,,,,,,,,,,,,,,,,,,,,,,
1,AIRR Data Commons API for VDJServer Community Data Portal,VDJServer ADC API response for repertoire query,1.3,VDJServer,http://vdjserver.org/,vdjserver@utsouthwestern.edu,/home/ubuntu/ireceptor-monitor/performance_scripts/queries/repertoires/pass-field-organism-id.json,2.1032001972198486,2023-01-11 03:33:40.120081,2023-01-10 19:33:40.120081-08:00,vdjserver,VDJServer (US),,,,pass-field-organism-id.json,,,,,,,,,,,,,,,,,,,,,,
2,AIRR Data Commons API for VDJServer Community Data Portal,VDJServer ADC API response for repertoire query,1.3,VDJServer,http://vdjserver.org/,vdjserver@utsouthwestern.edu,/home/ubuntu/ireceptor-monitor/performance_scripts/queries/repertoires/pass-field-pcr_target_locus.json,1.4367780685424805,2023-01-11 03:33:41.648229,2023-01-10 19:33:41.648229-08:00,vdjserver,VDJServer (US),,,,pass-field-pcr_target_locus.json,,,,,,,,,,,,,,,,,,,,,,
3,AIRR Data Commons API for VDJServer Community Data Portal,VDJServer ADC API response for repertoire query,1.3,VDJServer,http://vdjserver.org/,vdjserver@utsouthwestern.edu,/home/ubuntu/ireceptor-monitor/performance_scripts/queries/repertoires/pass-field-age-range.json,6.177227973937987,2023-01-11 03:33:48.303963,2023-01-10 19:33:48.303963-08:00,vdjserver,VDJServer (US),,,,pass-field-age-range.json,,,,,,,,,,,,,,,,,,,,,,
4,AIRR Data Commons API for VDJServer Community Data Portal,VDJServer ADC API response for repertoire query,1.3,VDJServer,http://vdjserver.org/,vdjserver@utsouthwestern.edu,/home/ubuntu/ireceptor-monitor/performance_scripts/queries/repertoires/pass-query2_repertoire.json,0.4389903545379639,2023-01-11 03:33:48.760377,2023-01-10 19:33:48.760377-08:00,vdjserver,VDJServer (US),,,,pass-query2_repertoire.json,,,,,,,,,,,,,,,,,,,,,,
0,AIRR Data Commons API for VDJServer Community Data Portal,VDJServer ADC API response for repertoire query,1.3,VDJServer,http://vdjserver.org/,vdjserver@utsouthwestern.edu,/home/ubuntu/ireceptor-monitor/performance_scripts/queries/repertoires/pass-all.json,6.972181081771853,2023-01-11 07:33:45.969396,2023-01-10 23:33:45.969396-08:00,vdjserver,VDJServer (US),,,,pass-all.json,,,,,,,,,,,,,,,,,,,,,,
1,AIRR Data Commons API for VDJServer Community Data Portal,VDJServer ADC API response for repertoire query,1.3,VDJServer,http://vdjserver.org/,vdjserver@utsouthwestern.edu,/home/ubuntu/ireceptor-monitor/performance_scripts/queries/repertoires/pass-field-organism-id.json,2.051177740097046,2023-01-11 07:33:48.177907,2023-01-10 23:33:48.177907-08:00,vdjserver,VDJServer (US),,,,pass-field-organism-id.json,,,,,,,,,,,,,,,,,,,,,,
2,AIRR Data Commons API for VDJServer Community Data Portal,VDJServer ADC API response for repertoire query,1.3,VDJServer,http://vdjserver.org/,vdjserver@utsouthwestern.edu,/home/ubuntu/ireceptor-monitor/performance_scripts/queries/repertoires/pass-field-pcr_target_locus.json,1.5499119758605957,2023-01-11 07:33:49.843392,2023-01-10 23:33:49.843392-08:00,vdjserver,VDJServer (US),,,,pass-field-pcr_target_locus.json,,,,,,,,,,,,,,,,,,,,,,
3,AIRR Data Commons API for VDJServer Community Data Portal,VDJServer ADC API response for repertoire query,1.3,VDJServer,http://vdjserver.org/,vdjserver@utsouthwestern.edu,/home/ubuntu/ireceptor-monitor/performance_scripts/queries/repertoires/pass-field-age-range.json,3.656429052352905,2023-01-11 07:33:53.993365,2023-01-10 23:33:53.993365-08:00,vdjserver,VDJServer (US),,,,pass-field-age-range.json,,,,,,,,,,,,,,,,,,,,,,
4,AIRR Data Commons API for VDJServer Community Data Portal,VDJServer ADC API response for repertoire query,1.3,VDJServer,http://vdjserver.org/,vdjserver@utsouthwestern.edu,/home/ubuntu/ireceptor-monitor/performance_scripts/queries/repertoires/pass-query2_repertoire.json,0.41380429267883295,2023-01-11 07:33:54.425174,2023-01-10 23:33:54.425174-08:00,vdjserver,VDJServer (US),,,,pass-query2_repertoire.json,,,,,,,,,,,,,,,,,,,,,,
0,AIRR Data Commons API for VDJServer Community Data Portal,VDJServer ADC API response for repertoire query,1.3,VDJServer,http://vdjserver.org/,vdjserver@utsouthwestern.edu,/home/ubuntu/ireceptor-monitor/performance_scripts/queries/repertoires/pass-all.json,6.581079721450808,2023-01-11 11:33:39.249198,2023-01-11 03:33:39.249198-08:00,vdjserver,VDJServer (US),,,,pass-all.json,,,,,,,,,,,,,,,,,,,,,,
1,AIRR Data Commons API for VDJServer Community Data Portal,VDJServer ADC API response for repertoire query,1.3,VDJServer,http://vdjserver.org/,vdjserver@utsouthwestern.edu,/home/ubuntu/ireceptor-monitor/performance_scripts/queries/repertoires/pass-field-organism-id.json,2.08638596534729,2023-01-11 11:33:41.508746,2023-01-11 03:33:41.508746-08:00,vdjserver,VDJServer (US),,,,pass-field-organism-id.json,,,,,,,,,,,,,,,,,,,,,,
2,AIRR Data Commons API for VDJServer Community Data Portal,VDJServer ADC API response for repertoire query,1.3,VDJServer,http://vdjserver.org/,vdjserver@utsouthwestern.edu,/home/ubuntu/ireceptor-monitor/performance_scripts/queries/repertoires/pass-field-pcr_target_locus.json,1.4623723030090332,2023-01-11 11:33:43.071049,2023-01-11 03:33:43.071049-08:00,vdjserver,VDJServer (US),,,,pass-field-pcr_target_locus.json,,,,,,,,,,,,,,,,,,,,,,
3,AIRR Data Commons API for VDJServer Community Data Portal,VDJServer ADC API response for repertoire query,1.3,VDJServer,http://vdjserver.org/,vdjserver@utsouthwestern.edu,/home/ubuntu/ireceptor-monitor/performance_scripts/queries/repertoires/pass-field-age-range.json,4.841781139373778,2023-01-11 11:33:48.414763,2023-01-11 03:33:48.414763-08:00,vdjserver,VDJServer (US),,,,pass-field-age-range.json,,,,,,,,,,,,,,,,,,,,,,
4,AIRR Data Commons API for VDJServer Community Data Portal,VDJServer ADC API response for repertoire query,1.3,VDJServer,http://vdjserver.org/,vdjserver@utsouthwestern.edu,/home/ubuntu/ireceptor-monitor/performance_scripts/queries/repertoires/pass-query2_repertoire.json,0.4670901298522949,2023-01-11 11:33:48.903704,2023-01-11 03:33:48.903704-08:00,vdjserver,VDJServer (US),,,,pass-query2_repertoire.json,,,,,,,,,,,,,,,,,,,,,,
0,AIRR Data Commons API for VDJServer Community Data Portal,VDJServer ADC API response for repertoire query,1.3,VDJServer,http://vdjserver.org/,vdjserver@utsouthwestern.edu,/home/ubuntu/ireceptor-monitor/performance_scripts/queries/repertoires/pass-all.json,7.587131023406982,2023-01-11 15:33:42.450737,2023-01-11 07:33:42.450737-08:00,vdjserver,VDJServer (US),,,,pass-all.json,,,,,,,,,,,,,,,,,,,,,,
1,AIRR Data Commons API for VDJServer Community Data Portal,VDJServer ADC API response for repertoire query,1.3,VDJServer,http://vdjserver.org/,vdjserver@utsouthwestern.edu,/home/ubuntu/ireceptor-monitor/performance_scripts/queries/repertoires/pass-field-organism-id.json,1.8681390285491943,2023-01-11 15:33:44.474605,2023-01-11 07:33:44.474605-08:00,vdjserver,VDJServer (US),,,,pass-field-organism-id.json,,,,,,,,,,,,,,,,,,,,,,
2,AIRR Data Commons API for VDJServer Community Data Portal,VDJServer ADC API response for repertoire query,1.3,VDJServer,http://vdjserver.org/,vdjserver@utsouthwestern.edu,/home/ubuntu/ireceptor-monitor/performance_scripts/queries/repertoires/pass-field-pcr_target_locus.json,1.990583658218384,2023-01-11 15:33:46.564645,2023-01-11 07:33:46.564645-08:00,vdjserver,VDJServer (US),,,,pass-field-pcr_target_locus.json,,,,,,,,,,,,,,,,,,,,,,
3,AIRR Data Commons API for VDJServer Community Data Portal,VDJServer ADC API response for repertoire query,1.3,VDJServer,http://vdjserver.org/,vdjserver@utsouthwestern.edu,/home/ubuntu/ireceptor-monitor/performance_scripts/queries/repertoires/pass-field-age-range.json,5.25341010093689,2023-01-11 15:33:52.268969,2023-01-11 07:33:52.268969-08:00,vdjserver,VDJServer (US),,,,pass-field-age-range.json,,,,,,,,,,,,,,,,,,,,,,
4,AIRR Data Commons API for VDJServer Community Data Portal,VDJServer ADC API response for repertoire query,1.3,VDJServer,http://vdjserver.org/,vdjserver@utsouthwestern.edu,/home/ubuntu/ireceptor-monitor/performance_scripts/queries/repertoires/pass-query2_repertoire.json,0.5473833084106445,2023-01-11 15:33:52.837662,2023-01-11 07:33:52.837662-08:00,vdjserver,VDJServer (US),,,,pass-query2_repertoire.json,,,,,,,,,,,,,,,,,,,,,,
0,AIRR Data Commons API for VDJServer Community Data Portal,VDJServer ADC API response for repertoire query,1.3,VDJServer,http://vdjserver.org/,vdjserver@utsouthwestern.edu,/home/ubuntu/ireceptor-monitor/performance_scripts/queries/repertoires/pass-all.json,5.115757465362549,2023-01-11 19:33:37.877477,2023-01-11 11:33:37.877477-08:00,vdjserver,VDJServer (US),,,,pass-all.json,,,,,,,,,,,,,,,,,,,,,,
1,AIRR Data Commons API for VDJServer Community Data Portal,VDJServer ADC API response for repertoire query,1.3,VDJServer,http://vdjserver.org/,vdjserver@utsouthwestern.edu,/home/ubuntu/ireceptor-monitor/performance_scripts/queries/repertoires/pass-field-organism-id.json,1.9966185092926023,2023-01-11 19:33:40.040826,2023-01-11 11:33:40.040826-08:00,vdjserver,VDJServer (US),,,,pass-field-organism-id.json,,,,,,,,,,,,,,,,,,,,,,
2,AIRR Data Commons API for VDJServer Community Data Portal,VDJServer ADC API response for repertoire query,1.3,VDJServer,http://vdjserver.org/,vdjserver@utsouthwestern.edu,/home/ubuntu/ireceptor-monitor/performance_scripts/queries/repertoires/pass-field-pcr_target_locus.json,2.199472665786743,2023-01-11 19:33:42.323110,2023-01-11 11:33:42.323110-08:00,vdjserver,VDJServer (US),,,,pass-field-pcr_target_locus.json,,,,,,,,,,,,,,,,,,,,,,
3,AIRR Data Commons API for VDJServer Community Data Portal,VDJServer ADC API response for repertoire query,1.3,VDJServer,http://vdjserver.org/,vdjserver@utsouthwestern.edu,/home/ubuntu/ireceptor-monitor/performance_scripts/queries/repertoires/pass-field-age-range.json,6.712307453155518,2023-01-11 19:33:49.488163,2023-01-11 11:33:49.488163-08:00,vdjserver,VDJServer (US),,,,pass-field-age-range.json,,,,,,,,,,,,,,,,,,,,,,
4,AIRR Data Commons API for VDJServer Community Data Portal,VDJServer ADC API response for repertoire query,1.3,VDJServer,http://vdjserver.org/,vdjserver@utsouthwestern.edu,/home/ubuntu/ireceptor-monitor/performance_scripts/queries/repertoires/pass-query2_repertoire.json,0.4967305660247803,2023-01-11 19:33:50.006324,2023-01-11 11:33:50.006324-08:00,vdjserver,VDJServer (US),,,,pass-query2_repertoire.json,,,,,,,,,,,,,,,,,,,,,,
0,AIRR Data Commons API for VDJServer Community Data Portal,VDJServer ADC API response for repertoire query,1.3,VDJServer,http://vdjserver.org/,vdjserver@utsouthwestern.edu,/home/ubuntu/ireceptor-monitor/performance_scripts/queries/repertoires/pass-all.json,4.961643695831299,2023-01-11 23:33:37.118286,2023-01-11 15:33:37.118286-08:00,vdjserver,VDJServer (US),,,,pass-all.json,,,,,,,,,,,,,,,,,,,,,,
1,AIRR Data Commons API for VDJServer Community Data Portal,VDJServer ADC API response for repertoire query,1.3,VDJServer,http://vdjserver.org/,vdjserver@utsouthwestern.edu,/home/ubuntu/ireceptor-monitor/performance_scripts/queries/repertoires/pass-field-organism-id.json,2.042766571044922,2023-01-11 23:33:39.313469,2023-01-11 15:33:39.313469-08:00,vdjserver,VDJServer (US),,,,pass-field-organism-id.json,,,,,,,,,,,,,,,,,,,,,,
2,AIRR Data Commons API for VDJServer Community Data Portal,VDJServer ADC API response for repertoire query,1.3,VDJServer,http://vdjserver.org/,vdjserver@utsouthwestern.edu,/home/ubuntu/ireceptor-monitor/performance_scripts/queries/repertoires/pass-field-pcr_target_locus.json,1.559926986694336,2023-01-11 23:33:40.955734,2023-01-11 15:33:40.955734-08:00,vdjserver,VDJServer (US),,,,pass-field-pcr_target_locus.json,,,,,,,,,,,,,,,,,,,,,,
3,AIRR Data Commons API for VDJServer Community Data Portal,VDJServer ADC API response for repertoire query,1.3,VDJServer,http://vdjserver.org/,vdjserver@utsouthwestern.edu,/home/ubuntu/ireceptor-monitor/performance_scripts/queries/repertoires/pass-field-age-range.json,4.420022249221802,2023-01-11 23:33:45.799467,2023-01-11 15:33:45.799467-08:00,vdjserver,VDJServer (US),,,,pass-field-age-range.json,,,,,,,,,,,,,,,,,,,,,,
4,AIRR Data Commons API for VDJServer Community Data Portal,VDJServer ADC API response for repertoire query,1.3,VDJServer,http://vdjserver.org/,vdjserver@utsouthwestern.edu,/home/ubuntu/ireceptor-monitor/performance_scripts/queries/repertoires/pass-query2_repertoire.json,0.42028188705444336,2023-01-11 23:33:46.236034,2023-01-11 15:33:46.236034-08:00,vdjserver,VDJServer (US),,,,pass-query2_repertoire.json,,,,,,,,,,,,,,,,,,,,,,
0,AIRR Data Commons API for VDJServer Community Data Portal,VDJServer ADC API response for repertoire query,1.3,VDJServer,http://vdjserver.org/,vdjserver@utsouthwestern.edu,/home/ubuntu/ireceptor-monitor/performance_scripts/queries/repertoires/pass-all.json,6.273700475692749,2023-01-12 03:33:41.472989,2023-01-11 19:33:41.472989-08:00,vdjserver,VDJServer (US),,,,pass-all.json,,,,,,,,,,,,,,,,,,,,,,
1,AIRR Data Commons API for VDJServer Community Data Portal,VDJServer ADC API response for repertoire query,1.3,VDJServer,http://vdjserver.org/,vdjserver@utsouthwestern.edu,/home/ubuntu/ireceptor-monitor/performance_scripts/queries/repertoires/pass-field-organism-id.json,3.9190070629119873,2023-01-12 03:33:45.548841,2023-01-11 19:33:45.548841-08:00,vdjserver,VDJServer (US),,,,pass-field-organism-id.json,,,,,,,,,,,,,,,,,,,,,,
2,AIRR Data Commons API for VDJServer Community Data Portal,VDJServer ADC API response for repertoire query,1.3,VDJServer,http://vdjserver.org/,vdjserver@utsouthwestern.edu,/home/ubuntu/ireceptor-monitor/performance_scripts/queries/repertoires/pass-field-pcr_target_locus.json,1.7479124069213867,2023-01-12 03:33:47.383364,2023-01-11 19:33:47.383364-08:00,vdjserver,VDJServer (US),,,,pass-field-pcr_target_locus.json,,,,,,,,,,,,,,,,,,,,,,
3,AIRR Data Commons API for VDJServer Community Data Portal,VDJServer ADC API response for repertoire query,1.3,VDJServer,http://vdjserver.org/,vdjserver@utsouthwestern.edu,/home/ubuntu/ireceptor-monitor/performance_scripts/queries/repertoires/pass-field-age-range.json,3.648614883422852,2023-01-12 03:33:51.455438,2023-01-11 19:33:51.455438-08:00,vdjserver,VDJServer (US),,,,pass-field-age-range.json,,,,,,,,,,,,,,,,,,,,,,
4,AIRR Data Commons API for VDJServer Community Data Portal,VDJServer ADC API response for repertoire query,1.3,VDJServer,http://vdjserver.org/,vdjserver@utsouthwestern.edu,/home/ubuntu/ireceptor-monitor/performance_scripts/queries/repertoires/pass-query2_repertoire.json,0.5083489418029785,2023-01-12 03:33:51.980447,2023-01-11 19:33:51.980447-08:00,vdjserver,VDJServer (US),,,,pass-query2_repertoire.json,,,,,,,,,,,,,,,,,,,,,,
0,AIRR Data Commons API for VDJServer Community Data Portal,VDJServer ADC API response for repertoire query,1.3,VDJServer,http://vdjserver.org/,vdjserver@utsouthwestern.edu,/home/ubuntu/ireceptor-monitor/performance_scripts/queries/repertoires/pass-all.json,4.791449546813965,2023-01-12 07:33:35.359453,2023-01-11 23:33:35.359453-08:00,vdjserver,VDJServer (US),,,,pass-all.json,,,,,,,,,,,,,,,,,,,,,,
1,AIRR Data Commons API for VDJServer Community Data Portal,VDJServer ADC API response for repertoire query,1.3,VDJServer,http://vdjserver.org/,vdjserver@utsouthwestern.edu,/home/ubuntu/ireceptor-monitor/performance_scripts/queries/repertoires/pass-field-organism-id.json,1.830283164978028,2023-01-12 07:33:37.345857,2023-01-11 23:33:37.345857-08:00,vdjserver,VDJServer (US),,,,pass-field-organism-id.json,,,,,,,,,,,,,,,,,,,,,,
2,AIRR Data Commons API for VDJServer Community Data Portal,VDJServer ADC API response for repertoire query,1.3,VDJServer,http://vdjserver.org/,vdjserver@utsouthwestern.edu,/home/ubuntu/ireceptor-monitor/performance_scripts/queries/repertoires/pass-field-pcr_target_locus.json,2.3347063064575195,2023-01-12 07:33:39.761896,2023-01-11 23:33:39.761896-08:00,vdjserver,VDJServer (US),,,,pass-field-pcr_target_locus.json,,,,,,,,,,,,,,,,,,,,,,
3,AIRR Data Commons API for VDJServer Community Data Portal,VDJServer ADC API response for repertoire query,1.3,VDJServer,http://vdjserver.org/,vdjserver@utsouthwestern.edu,/home/ubuntu/ireceptor-monitor/performance_scripts/queries/repertoires/pass-field-age-range.json,3.7535459995269775,2023-01-12 07:33:43.945277,2023-01-11 23:33:43.945277-08:00,vdjserver,VDJServer (US),,,,pass-field-age-range.json,,,,,,,,,,,,,,,,,,,,,,
4,AIRR Data Commons API for VDJServer Community Data Portal,VDJServer ADC API response for repertoire query,1.3,VDJServer,http://vdjserver.org/,vdjserver@utsouthwestern.edu,/home/ubuntu/ireceptor-monitor/performance_scripts/queries/repertoires/pass-query2_repertoire.json,0.6062150001525879,2023-01-12 07:33:44.568406,2023-01-11 23:33:44.568406-08:00,vdjserver,VDJServer (US),,,,pass-query2_repertoire.json,,,,,,,,,,,,,,,,,,,,,,
0,AIRR Data Commons API for VDJServer Community Data Portal,VDJServer ADC API response for repertoire query,1.3,VDJServer,http://vdjserver.org/,vdjserver@utsouthwestern.edu,/home/ubuntu/ireceptor-monitor/performance_scripts/queries/repertoires/pass-all.json,4.407557964324951,2023-01-12 11:33:37.592904,2023-01-12 03:33:37.592904-08:00,vdjserver,VDJServer (US),,,,pass-all.json,,,,,,,,,,,,,,,,,,,,,,
1,AIRR Data Commons API for VDJServer Community Data Portal,VDJServer ADC API response for repertoire query,1.3,VDJServer,http://vdjserver.org/,vdjserver@utsouthwestern.edu,/home/ubuntu/ireceptor-monitor/performance_scripts/queries/repertoires/pass-field-organism-id.json,1.7627744674682615,2023-01-12 11:33:39.512320,2023-01-12 03:33:39.512320-08:00,vdjserver,VDJServer (US),,,,pass-field-organism-id.json,,,,,,,,,,,,,,,,,,,,,,
2,AIRR Data Commons API for VDJServer Community Data Portal,VDJServer ADC API response for repertoire query,1.3,VDJServer,http://vdjserver.org/,vdjserver@utsouthwestern.edu,/home/ubuntu/ireceptor-monitor/performance_scripts/queries/repertoires/pass-field-pcr_target_locus.json,1.382173776626587,2023-01-12 11:33:40.980065,2023-01-12 03:33:40.980065-08:00,vdjserver,VDJServer (US),,,,pass-field-pcr_target_locus.json,,,,,,,,,,,,,,,,,,,,,,
3,AIRR Data Commons API for VDJServer Community Data Portal,VDJServer ADC API response for repertoire query,1.3,VDJServer,http://vdjserver.org/,vdjserver@utsouthwestern.edu,/home/ubuntu/ireceptor-monitor/performance_scripts/queries/repertoires/pass-field-age-range.json,4.162803649902344,2023-01-12 11:33:45.577950,2023-01-12 03:33:45.577950-08:00,vdjserver,VDJServer (US),,,,pass-field-age-range.json,,,,,,,,,,,,,,,,,,,,,,
4,AIRR Data Commons API for VDJServer Community Data Portal,VDJServer ADC API response for repertoire query,1.3,VDJServer,http://vdjserver.org/,vdjserver@utsouthwestern.edu,/home/ubuntu/ireceptor-monitor/performance_scripts/queries/repertoires/pass-query2_repertoire.json,0.4267814159393311,2023-01-12 11:33:46.022608,2023-01-12 03:33:46.022608-08:00,vdjserver,VDJServer (US),,,,pass-query2_repertoire.json,,,,,,,,,,,,,,,,,,,,,,
0,AIRR Data Commons API for VDJServer Community Data Portal,VDJServer ADC API response for repertoire query,1.3,VDJServer,http://vdjserver.org/,vdjserver@utsouthwestern.edu,/home/ubuntu/ireceptor-monitor/performance_scripts/queries/repertoires/pass-all.json,4.704957485198975,2023-01-12 15:33:35.341223,2023-01-12 07:33:35.341223-08:00,vdjserver,VDJServer (US),,,,pass-all.json,,,,,,,,,,,,,,,,,,,,,,
1,AIRR Data Commons API for VDJServer Community Data Portal,VDJServer ADC API response for repertoire query,1.3,VDJServer,http://vdjserver.org/,vdjserver@utsouthwestern.edu,/home/ubuntu/ireceptor-monitor/performance_scripts/queries/repertoires/pass-field-organism-id.json,2.0896503925323486,2023-01-12 15:33:37.589190,2023-01-12 07:33:37.589190-08:00,vdjserver,VDJServer (US),,,,pass-field-organism-id.json,,,,,,,,,,,,,,,,,,,,,,
2,AIRR Data Commons API for VDJServer Community Data Portal,VDJServer ADC API response for repertoire query,1.3,VDJServer,http://vdjserver.org/,vdjserver@utsouthwestern.edu,/home/ubuntu/ireceptor-monitor/performance_scripts/queries/repertoires/pass-field-pcr_target_locus.json,1.5125157833099363,2023-01-12 15:33:39.198481,2023-01-12 07:33:39.198481-08:00,vdjserver,VDJServer (US),,,,pass-field-pcr_target_locus.json,,,,,,,,,,,,,,,,,,,,,,
3,AIRR Data Commons API for VDJServer Community Data Portal,VDJServer ADC API response for repertoire query,1.3,VDJServer,http://vdjserver.org/,vdjserver@utsouthwestern.edu,/home/ubuntu/ireceptor-monitor/performance_scripts/queries/repertoires/pass-field-age-range.json,4.86923885345459,2023-01-12 15:33:44.544570,2023-01-12 07:33:44.544570-08:00,vdjserver,VDJServer (US),,,,pass-field-age-range.json,,,,,,,,,,,,,,,,,,,,,,
4,AIRR Data Commons API for VDJServer Community Data Portal,VDJServer ADC API response for repertoire query,1.3,VDJServer,http://vdjserver.org/,vdjserver@utsouthwestern.edu,/home/ubuntu/ireceptor-monitor/performance_scripts/queries/repertoires/pass-query2_repertoire.json,0.5015308856964111,2023-01-12 15:33:45.067525,2023-01-12 07:33:45.067525-08:00,vdjserver,VDJServer (US),,,,pass-query2_repertoire.json,,,,,,,,,,,,,,,,,,,,,,
0,AIRR Data Commons API for VDJServer Community Data Portal,VDJServer ADC API response for repertoire query,1.3,VDJServer,http://vdjserver.org/,vdjserver@utsouthwestern.edu,/home/ubuntu/ireceptor-monitor/performance_scripts/queries/repertoires/pass-all.json,4.576808452606201,2023-01-12 19:33:35.116153,2023-01-12 11:33:35.116153-08:00,vdjserver,VDJServer (US),,,,pass-all.json,,,,,,,,,,,,,,,,,,,,,,
1,AIRR Data Commons API for VDJServer Community Data Portal,VDJServer ADC API response for repertoire query,1.3,VDJServer,http://vdjserver.org/,vdjserver@utsouthwestern.edu,/home/ubuntu/ireceptor-monitor/performance_scripts/queries/repertoires/pass-field-organism-id.json,1.7378931045532229,2023-01-12 19:33:37.017815,2023-01-12 11:33:37.017815-08:00,vdjserver,VDJServer (US),,,,pass-field-organism-id.json,,,,,,,,,,,,,,,,,,,,,,
2,AIRR Data Commons API for VDJServer Community Data Portal,VDJServer ADC API response for repertoire query,1.3,VDJServer,http://vdjserver.org/,vdjserver@utsouthwestern.edu,/home/ubuntu/ireceptor-monitor/performance_scripts/queries/repertoires/pass-field-pcr_target_locus.json,1.6560025215148926,2023-01-12 19:33:38.764324,2023-01-12 11:33:38.764324-08:00,vdjserver,VDJServer (US),,,,pass-field-pcr_target_locus.json,,,,,,,,,,,,,,,,,,,,,,
3,AIRR Data Commons API for VDJServer Community Data Portal,VDJServer ADC API response for repertoire query,1.3,VDJServer,http://vdjserver.org/,vdjserver@utsouthwestern.edu,/home/ubuntu/ireceptor-monitor/performance_scripts/queries/repertoires/pass-field-age-range.json,3.5788576602935787,2023-01-12 19:33:42.790106,2023-01-12 11:33:42.790106-08:00,vdjserver,VDJServer (US),,,,pass-field-age-range.json,,,,,,,,,,,,,,,,,,,,,,
4,AIRR Data Commons API for VDJServer Community Data Portal,VDJServer ADC API response for repertoire query,1.3,VDJServer,http://vdjserver.org/,vdjserver@utsouthwestern.edu,/home/ubuntu/ireceptor-monitor/performance_scripts/queries/repertoires/pass-query2_repertoire.json,0.4534487724304199,2023-01-12 19:33:43.263770,2023-01-12 11:33:43.263770-08:00,vdjserver,VDJServer (US),,,,pass-query2_repertoire.json,,,,,,,,,,,,,,,,,,,,,,
0,AIRR Data Commons API for VDJServer Community Data Portal,VDJServer ADC API response for repertoire query,1.3,VDJServer,http://vdjserver.org/,vdjserver@utsouthwestern.edu,/home/ubuntu/ireceptor-monitor/performance_scripts/queries/repertoires/pass-all.json,5.327591419219972,2023-01-12 23:33:36.426181,2023-01-12 15:33:36.426181-08:00,vdjserver,VDJServer (US),,,,pass-all.json,,,,,,,,,,,,,,,,,,,,,,
1,AIRR Data Commons API for VDJServer Community Data Portal,VDJServer ADC API response for repertoire query,1.3,VDJServer,http://vdjserver.org/,vdjserver@utsouthwestern.edu,/home/ubuntu/ireceptor-monitor/performance_scripts/queries/repertoires/pass-field-organism-id.json,1.989174127578736,2023-01-12 23:33:38.579356,2023-01-12 15:33:38.579356-08:00,vdjserver,VDJServer (US),,,,pass-field-organism-id.json,,,,,,,,,,,,,,,,,,,,,,
2,AIRR Data Commons API for VDJServer Community Data Portal,VDJServer ADC API response for repertoire query,1.3,VDJServer,http://vdjserver.org/,vdjserver@utsouthwestern.edu,/home/ubuntu/ireceptor-monitor/performance_scripts/queries/repertoires/pass-field-pcr_target_locus.json,1.3703243732452393,2023-01-12 23:33:40.044466,2023-01-12 15:33:40.044466-08:00,vdjserver,VDJServer (US),,,,pass-field-pcr_target_locus.json,,,,,,,,,,,,,,,,,,,,,,
3,AIRR Data Commons API for VDJServer Community Data Portal,VDJServer ADC API response for repertoire query,1.3,VDJServer,http://vdjserver.org/,vdjserver@utsouthwestern.edu,/home/ubuntu/ireceptor-monitor/performance_scripts/queries/repertoires/pass-field-age-range.json,3.571439981460572,2023-01-12 23:33:44.111030,2023-01-12 15:33:44.111030-08:00,vdjserver,VDJServer (US),,,,pass-field-age-range.json,,,,,,,,,,,,,,,,,,,,,,
4,AIRR Data Commons API for VDJServer Community Data Portal,VDJServer ADC API response for repertoire query,1.3,VDJServer,http://vdjserver.org/,vdjserver@utsouthwestern.edu,/home/ubuntu/ireceptor-monitor/performance_scripts/queries/repertoires/pass-query2_repertoire.json,0.5186772346496582,2023-01-12 23:33:44.647217,2023-01-12 15:33:44.647217-08:00,vdjserver,VDJServer (US),,,,pass-query2_repertoire.json,,,,,,,,,,,,,,,,,,,,,,
0,AIRR Data Commons API for VDJServer Community Data Portal,VDJServer ADC API response for repertoire query,1.3,VDJServer,http://vdjserver.org/,vdjserver@utsouthwestern.edu,/home/ubuntu/ireceptor-monitor/performance_scripts/queries/repertoires/pass-all.json,5.750729560852051,2023-01-13 03:33:38.585581,2023-01-12 19:33:38.585581-08:00,vdjserver,VDJServer (US),,,,pass-all.json,,,,,,,,,,,,,,,,,,,,,,
1,AIRR Data Commons API for VDJServer Community Data Portal,VDJServer ADC API response for repertoire query,1.3,VDJServer,http://vdjserver.org/,vdjserver@utsouthwestern.edu,/home/ubuntu/ireceptor-monitor/performance_scripts/queries/repertoires/pass-field-organism-id.json,2.176724910736084,2023-01-13 03:33:40.920081,2023-01-12 19:33:40.920081-08:00,vdjserver,VDJServer (US),,,,pass-field-organism-id.json,,,,,,,,,,,,,,,,,,,,,,
2,AIRR Data Commons API for VDJServer Community Data Portal,VDJServer ADC API response for repertoire query,1.3,VDJServer,http://vdjserver.org/,vdjserver@utsouthwestern.edu,/home/ubuntu/ireceptor-monitor/performance_scripts/queries/repertoires/pass-field-pcr_target_locus.json,1.4724233150482178,2023-01-13 03:33:42.541644,2023-01-12 19:33:42.541644-08:00,vdjserver,VDJServer (US),,,,pass-field-pcr_target_locus.json,,,,,,,,,,,,,,,,,,,,,,
3,AIRR Data Commons API for VDJServer Community Data Portal,VDJServer ADC API response for repertoire query,1.3,VDJServer,http://vdjserver.org/,vdjserver@utsouthwestern.edu,/home/ubuntu/ireceptor-monitor/performance_scripts/queries/repertoires/pass-field-age-range.json,4.286036729812622,2023-01-13 03:33:47.323239,2023-01-12 19:33:47.323239-08:00,vdjserver,VDJServer (US),,,,pass-field-age-range.json,,,,,,,,,,,,,,,,,,,,,,
4,AIRR Data Commons API for VDJServer Community Data Portal,VDJServer ADC API response for repertoire query,1.3,VDJServer,http://vdjserver.org/,vdjserver@utsouthwestern.edu,/home/ubuntu/ireceptor-monitor/performance_scripts/queries/repertoires/pass-query2_repertoire.json,0.4598453044891357,2023-01-13 03:33:47.803874,2023-01-12 19:33:47.803874-08:00,vdjserver,VDJServer (US),,,,pass-query2_repertoire.json,,,,,,,,,,,,,,,,,,,,,,
0,AIRR Data Commons API for VDJServer Community Data Portal,VDJServer ADC API response for repertoire query,1.3,VDJServer,http://vdjserver.org/,vdjserver@utsouthwestern.edu,/home/ubuntu/ireceptor-monitor/performance_scripts/queries/repertoires/pass-all.json,5.70461893081665,2023-01-13 07:33:38.218982,2023-01-12 23:33:38.218982-08:00,vdjserver,VDJServer (US),,,,pass-all.json,,,,,,,,,,,,,,,,,,,,,,
1,AIRR Data Commons API for VDJServer Community Data Portal,VDJServer ADC API response for repertoire query,1.3,VDJServer,http://vdjserver.org/,vdjserver@utsouthwestern.edu,/home/ubuntu/ireceptor-monitor/performance_scripts/queries/repertoires/pass-field-organism-id.json,2.1382339000701904,2023-01-13 07:33:40.534809,2023-01-12 23:33:40.534809-08:00,vdjserver,VDJServer (US),,,,pass-field-organism-id.json,,,,,,,,,,,,,,,,,,,,,,
2,AIRR Data Commons API for VDJServer Community Data Portal,VDJServer ADC API response for repertoire query,1.3,VDJServer,http://vdjserver.org/,vdjserver@utsouthwestern.edu,/home/ubuntu/ireceptor-monitor/performance_scripts/queries/repertoires/pass-field-pcr_target_locus.json,1.5673367977142334,2023-01-13 07:33:42.244337,2023-01-12 23:33:42.244337-08:00,vdjserver,VDJServer (US),,,,pass-field-pcr_target_locus.json,,,,,,,,,,,,,,,,,,,,,,
3,AIRR Data Commons API for VDJServer Community Data Portal,VDJServer ADC API response for repertoire query,1.3,VDJServer,http://vdjserver.org/,vdjserver@utsouthwestern.edu,/home/ubuntu/ireceptor-monitor/performance_scripts/queries/repertoires/pass-field-age-range.json,4.260287761688232,2023-01-13 07:33:47.017572,2023-01-12 23:33:47.017572-08:00,vdjserver,VDJServer (US),,,,pass-field-age-range.json,,,,,,,,,,,,,,,,,,,,,,
4,AIRR Data Commons API for VDJServer Community Data Portal,VDJServer ADC API response for repertoire query,1.3,VDJServer,http://vdjserver.org/,vdjserver@utsouthwestern.edu,/home/ubuntu/ireceptor-monitor/performance_scripts/queries/repertoires/pass-query2_repertoire.json,0.492239236831665,2023-01-13 07:33:47.528644,2023-01-12 23:33:47.528644-08:00,vdjserver,VDJServer (US),,,,pass-query2_repertoire.json,,,,,,,,,,,,,,,,,,,,,,
0,AIRR Data Commons API for VDJServer Community Data Portal,VDJServer ADC API response for repertoire query,1.3,VDJServer,http://vdjserver.org/,vdjserver@utsouthwestern.edu,/home/ubuntu/ireceptor-monitor/performance_scripts/queries/repertoires/pass-all.json,4.585076570510863,2023-01-13 11:33:46.961575,2023-01-13 03:33:46.961575-08:00,vdjserver,VDJServer (US),,,,pass-all.json,,,,,,,,,,,,,,,,,,,,,,
1,AIRR Data Commons API for VDJServer Community Data Portal,VDJServer ADC API response for repertoire query,1.3,VDJServer,http://vdjserver.org/,vdjserver@utsouthwestern.edu,/home/ubuntu/ireceptor-monitor/performance_scripts/queries/repertoires/pass-field-organism-id.json,3.931223630905152,2023-01-13 11:33:51.053753,2023-01-13 03:33:51.053753-08:00,vdjserver,VDJServer (US),,,,pass-field-organism-id.json,,,,,,,,,,,,,,,,,,,,,,
2,AIRR Data Commons API for VDJServer Community Data Portal,VDJServer ADC API response for repertoire query,1.3,VDJServer,http://vdjserver.org/,vdjserver@utsouthwestern.edu,/home/ubuntu/ireceptor-monitor/performance_scripts/queries/repertoires/pass-field-pcr_target_locus.json,1.3932502269744873,2023-01-13 11:33:52.546237,2023-01-13 03:33:52.546237-08:00,vdjserver,VDJServer (US),,,,pass-field-pcr_target_locus.json,,,,,,,,,,,,,,,,,,,,,,
3,AIRR Data Commons API for VDJServer Community Data Portal,VDJServer ADC API response for repertoire query,1.3,VDJServer,http://vdjserver.org/,vdjserver@utsouthwestern.edu,/home/ubuntu/ireceptor-monitor/performance_scripts/queries/repertoires/pass-field-age-range.json,3.666627407073975,2023-01-13 11:33:56.658707,2023-01-13 03:33:56.658707-08:00,vdjserver,VDJServer (US),,,,pass-field-age-range.json,,,,,,,,,,,,,,,,,,,,,,
4,AIRR Data Commons API for VDJServer Community Data Portal,VDJServer ADC API response for repertoire query,1.3,VDJServer,http://vdjserver.org/,vdjserver@utsouthwestern.edu,/home/ubuntu/ireceptor-monitor/performance_scripts/queries/repertoires/pass-query2_repertoire.json,0.431948184967041,2023-01-13 11:33:57.108127,2023-01-13 03:33:57.108127-08:00,vdjserver,VDJServer (US),,,,pass-query2_repertoire.json,,,,,,,,,,,,,,,,,,,,,,
0,AIRR Data Commons API for VDJServer Community Data Portal,VDJServer ADC API response for repertoire query,1.3,VDJServer,http://vdjserver.org/,vdjserver@utsouthwestern.edu,/home/ubuntu/ireceptor-monitor/performance_scripts/queries/repertoires/pass-all.json,4.493025064468384,2023-01-13 15:33:38.759256,2023-01-13 07:33:38.759256-08:00,vdjserver,VDJServer (US),,,,pass-all.json,,,,,,,,,,,,,,,,,,,,,,
1,AIRR Data Commons API for VDJServer Community Data Portal,VDJServer ADC API response for repertoire query,1.3,VDJServer,http://vdjserver.org/,vdjserver@utsouthwestern.edu,/home/ubuntu/ireceptor-monitor/performance_scripts/queries/repertoires/pass-field-organism-id.json,2.0308260917663574,2023-01-13 15:33:40.953630,2023-01-13 07:33:40.953630-08:00,vdjserver,VDJServer (US),,,,pass-field-organism-id.json,,,,,,,,,,,,,,,,,,,,,,
2,AIRR Data Commons API for VDJServer Community Data Portal,VDJServer ADC API response for repertoire query,1.3,VDJServer,http://vdjserver.org/,vdjserver@utsouthwestern.edu,/home/ubuntu/ireceptor-monitor/performance_scripts/queries/repertoires/pass-field-pcr_target_locus.json,1.4462244510650637,2023-01-13 15:33:42.496077,2023-01-13 07:33:42.496077-08:00,vdjserver,VDJServer (US),,,,pass-field-pcr_target_locus.json,,,,,,,,,,,,,,,,,,,,,,
3,AIRR Data Commons API for VDJServer Community Data Portal,VDJServer ADC API response for repertoire query,1.3,VDJServer,http://vdjserver.org/,vdjserver@utsouthwestern.edu,/home/ubuntu/ireceptor-monitor/performance_scripts/queries/repertoires/pass-field-age-range.json,4.350760221481323,2023-01-13 15:33:47.313238,2023-01-13 07:33:47.313238-08:00,vdjserver,VDJServer (US),,,,pass-field-age-range.json,,,,,,,,,,,,,,,,,,,,,,
4,AIRR Data Commons API for VDJServer Community Data Portal,VDJServer ADC API response for repertoire query,1.3,VDJServer,http://vdjserver.org/,vdjserver@utsouthwestern.edu,/home/ubuntu/ireceptor-monitor/performance_scripts/queries/repertoires/pass-query2_repertoire.json,0.4178507328033447,2023-01-13 15:33:47.748673,2023-01-13 07:33:47.748673-08:00,vdjserver,VDJServer (US),,,,pass-query2_repertoire.json,,,,,,,,,,,,,,,,,,,,,,
0,AIRR Data Commons API for VDJServer Community Data Portal,VDJServer ADC API response for repertoire query,1.3,VDJServer,http://vdjserver.org/,vdjserver@utsouthwestern.edu,/home/ubuntu/ireceptor-monitor/performance_scripts/queries/repertoires/pass-all.json,8.796480655670166,2023-01-13 19:33:45.062689,2023-01-13 11:33:45.062689-08:00,vdjserver,VDJServer (US),,,,pass-all.json,,,,,,,,,,,,,,,,,,,,,,
1,AIRR Data Commons API for VDJServer Community Data Portal,VDJServer ADC API response for repertoire query,1.3,VDJServer,http://vdjserver.org/,vdjserver@utsouthwestern.edu,/home/ubuntu/ireceptor-monitor/performance_scripts/queries/repertoires/pass-field-organism-id.json,2.017208814620972,2023-01-13 19:33:47.237776,2023-01-13 11:33:47.237776-08:00,vdjserver,VDJServer (US),,,,pass-field-organism-id.json,,,,,,,,,,,,,,,,,,,,,,
2,AIRR Data Commons API for VDJServer Community Data Portal,VDJServer ADC API response for repertoire query,1.3,VDJServer,http://vdjserver.org/,vdjserver@utsouthwestern.edu,/home/ubuntu/ireceptor-monitor/performance_scripts/queries/repertoires/pass-field-pcr_target_locus.json,1.4225418567657468,2023-01-13 19:33:48.751288,2023-01-13 11:33:48.751288-08:00,vdjserver,VDJServer (US),,,,pass-field-pcr_target_locus.json,,,,,,,,,,,,,,,,,,,,,,
3,AIRR Data Commons API for VDJServer Community Data Portal,VDJServer ADC API response for repertoire query,1.3,VDJServer,http://vdjserver.org/,vdjserver@utsouthwestern.edu,/home/ubuntu/ireceptor-monitor/performance_scripts/queries/repertoires/pass-field-age-range.json,3.4371414184570312,2023-01-13 19:33:52.636825,2023-01-13 11:33:52.636825-08:00,vdjserver,VDJServer (US),,,,pass-field-age-range.json,,,,,,,,,,,,,,,,,,,,,,
4,AIRR Data Commons API for VDJServer Community Data Portal,VDJServer ADC API response for repertoire query,1.3,VDJServer,http://vdjserver.org/,vdjserver@utsouthwestern.edu,/home/ubuntu/ireceptor-monitor/performance_scripts/queries/repertoires/pass-query2_repertoire.json,0.4344785213470459,2023-01-13 19:33:53.088352,2023-01-13 11:33:53.088352-08:00,vdjserver,VDJServer (US),,,,pass-query2_repertoire.json,,,,,,,,,,,,,,,,,,,,,,
0,AIRR Data Commons API for VDJServer Community Data Portal,VDJServer ADC API response for repertoire query,1.3,VDJServer,http://vdjserver.org/,vdjserver@utsouthwestern.edu,/home/ubuntu/ireceptor-monitor/performance_scripts/queries/repertoires/pass-all.json,4.861278295516968,2023-01-13 23:33:36.248178,2023-01-13 15:33:36.248178-08:00,vdjserver,VDJServer (US),,,,pass-all.json,,,,,,,,,,,,,,,,,,,,,,
1,AIRR Data Commons API for VDJServer Community Data Portal,VDJServer ADC API response for repertoire query,1.3,VDJServer,http://vdjserver.org/,vdjserver@utsouthwestern.edu,/home/ubuntu/ireceptor-monitor/performance_scripts/queries/repertoires/pass-field-organism-id.json,1.7564046382904053,2023-01-13 23:33:38.165639,2023-01-13 15:33:38.165639-08:00,vdjserver,VDJServer (US),,,,pass-field-organism-id.json,,,,,,,,,,,,,,,,,,,,,,
2,AIRR Data Commons API for VDJServer Community Data Portal,VDJServer ADC API response for repertoire query,1.3,VDJServer,http://vdjserver.org/,vdjserver@utsouthwestern.edu,/home/ubuntu/ireceptor-monitor/performance_scripts/queries/repertoires/pass-field-pcr_target_locus.json,1.3680682182312012,2023-01-13 23:33:39.629782,2023-01-13 15:33:39.629782-08:00,vdjserver,VDJServer (US),,,,pass-field-pcr_target_locus.json,,,,,,,,,,,,,,,,,,,,,,
3,AIRR Data Commons API for VDJServer Community Data Portal,VDJServer ADC API response for repertoire query,1.3,VDJServer,http://vdjserver.org/,vdjserver@utsouthwestern.edu,/home/ubuntu/ireceptor-monitor/performance_scripts/queries/repertoires/pass-field-age-range.json,3.5236544609069824,2023-01-13 23:33:43.621920,2023-01-13 15:33:43.621920-08:00,vdjserver,VDJServer (US),,,,pass-field-age-range.json,,,,,,,,,,,,,,,,,,,,,,
4,AIRR Data Commons API for VDJServer Community Data Portal,VDJServer ADC API response for repertoire query,1.3,VDJServer,http://vdjserver.org/,vdjserver@utsouthwestern.edu,/home/ubuntu/ireceptor-monitor/performance_scripts/queries/repertoires/pass-query2_repertoire.json,0.43024611473083496,2023-01-13 23:33:44.069900,2023-01-13 15:33:44.069900-08:00,vdjserver,VDJServer (US),,,,pass-query2_repertoire.json,,,,,,,,,,,,,,,,,,,,,,
0,AIRR Data Commons API for VDJServer Community Data Portal,VDJServer ADC API response for repertoire query,1.3,VDJServer,http://vdjserver.org/,vdjserver@utsouthwestern.edu,/home/ubuntu/ireceptor-monitor/performance_scripts/queries/repertoires/pass-all.json,4.940025568008423,2023-01-14 03:33:36.170279,2023-01-13 19:33:36.170279-08:00,vdjserver,VDJServer (US),,,,pass-all.json,,,,,,,,,,,,,,,,,,,,,,
1,AIRR Data Commons API for VDJServer Community Data Portal,VDJServer ADC API response for repertoire query,1.3,VDJServer,http://vdjserver.org/,vdjserver@utsouthwestern.edu,/home/ubuntu/ireceptor-monitor/performance_scripts/queries/repertoires/pass-field-organism-id.json,1.9974584579467767,2023-01-14 03:33:38.332506,2023-01-13 19:33:38.332506-08:00,vdjserver,VDJServer (US),,,,pass-field-organism-id.json,,,,,,,,,,,,,,,,,,,,,,
2,AIRR Data Commons API for VDJServer Community Data Portal,VDJServer ADC API response for repertoire query,1.3,VDJServer,http://vdjserver.org/,vdjserver@utsouthwestern.edu,/home/ubuntu/ireceptor-monitor/performance_scripts/queries/repertoires/pass-field-pcr_target_locus.json,1.3754491806030271,2023-01-14 03:33:39.801308,2023-01-13 19:33:39.801308-08:00,vdjserver,VDJServer (US),,,,pass-field-pcr_target_locus.json,,,,,,,,,,,,,,,,,,,,,,
3,AIRR Data Commons API for VDJServer Community Data Portal,VDJServer ADC API response for repertoire query,1.3,VDJServer,http://vdjserver.org/,vdjserver@utsouthwestern.edu,/home/ubuntu/ireceptor-monitor/performance_scripts/queries/repertoires/pass-field-age-range.json,3.748113632202149,2023-01-14 03:33:44.045683,2023-01-13 19:33:44.045683-08:00,vdjserver,VDJServer (US),,,,pass-field-age-range.json,,,,,,,,,,,,,,,,,,,,,,
4,AIRR Data Commons API for VDJServer Community Data Portal,VDJServer ADC API response for repertoire query,1.3,VDJServer,http://vdjserver.org/,vdjserver@utsouthwestern.edu,/home/ubuntu/ireceptor-monitor/performance_scripts/queries/repertoires/pass-query2_repertoire.json,0.43717598915100103,2023-01-14 03:33:44.503737,2023-01-13 19:33:44.503737-08:00,vdjserver,VDJServer (US),,,,pass-query2_repertoire.json,,,,,,,,,,,,,,,,,,,,,,
0,AIRR Data Commons API for VDJServer Community Data Portal,VDJServer ADC API response for repertoire query,1.3,VDJServer,http://vdjserver.org/,vdjserver@utsouthwestern.edu,/home/ubuntu/ireceptor-monitor/performance_scripts/queries/repertoires/pass-all.json,4.45993709564209,2023-01-14 07:33:35.746465,2023-01-13 23:33:35.746465-08:00,vdjserver,VDJServer (US),,,,pass-all.json,,,,,,,,,,,,,,,,,,,,,,
1,AIRR Data Commons API for VDJServer Community Data Portal,VDJServer ADC API response for repertoire query,1.3,VDJServer,http://vdjserver.org/,vdjserver@utsouthwestern.edu,/home/ubuntu/ireceptor-monitor/performance_scripts/queries/repertoires/pass-field-organism-id.json,1.914661169052124,2023-01-14 07:33:37.833337,2023-01-13 23:33:37.833337-08:00,vdjserver,VDJServer (US),,,,pass-field-organism-id.json,,,,,,,,,,,,,,,,,,,,,,
2,AIRR Data Commons API for VDJServer Community Data Portal,VDJServer ADC API response for repertoire query,1.3,VDJServer,http://vdjserver.org/,vdjserver@utsouthwestern.edu,/home/ubuntu/ireceptor-monitor/performance_scripts/queries/repertoires/pass-field-pcr_target_locus.json,1.3874657154083252,2023-01-14 07:33:39.310701,2023-01-13 23:33:39.310701-08:00,vdjserver,VDJServer (US),,,,pass-field-pcr_target_locus.json,,,,,,,,,,,,,,,,,,,,,,
3,AIRR Data Commons API for VDJServer Community Data Portal,VDJServer ADC API response for repertoire query,1.3,VDJServer,http://vdjserver.org/,vdjserver@utsouthwestern.edu,/home/ubuntu/ireceptor-monitor/performance_scripts/queries/repertoires/pass-field-age-range.json,6.670591592788696,2023-01-14 07:33:46.476772,2023-01-13 23:33:46.476772-08:00,vdjserver,VDJServer (US),,,,pass-field-age-range.json,,,,,,,,,,,,,,,,,,,,,,
4,AIRR Data Commons API for VDJServer Community Data Portal,VDJServer ADC API response for repertoire query,1.3,VDJServer,http://vdjserver.org/,vdjserver@utsouthwestern.edu,/home/ubuntu/ireceptor-monitor/performance_scripts/queries/repertoires/pass-query2_repertoire.json,0.4060184955596924,2023-01-14 07:33:46.904095,2023-01-13 23:33:46.904095-08:00,vdjserver,VDJServer (US),,,,pass-query2_repertoire.json,,,,,,,,,,,,,,,,,,,,,,
0,AIRR Data Commons API for VDJServer Community Data Portal,VDJServer ADC API response for repertoire query,1.3,VDJServer,http://vdjserver.org/,vdjserver@utsouthwestern.edu,/home/ubuntu/ireceptor-monitor/performance_scripts/queries/repertoires/pass-all.json,4.414357423782349,2023-01-14 11:33:34.365688,2023-01-14 03:33:34.365688-08:00,vdjserver,VDJServer (US),,,,pass-all.json,,,,,,,,,,,,,,,,,,,,,,
1,AIRR Data Commons API for VDJServer Community Data Portal,VDJServer ADC API response for repertoire query,1.3,VDJServer,http://vdjserver.org/,vdjserver@utsouthwestern.edu,/home/ubuntu/ireceptor-monitor/performance_scripts/queries/repertoires/pass-field-organism-id.json,1.7883861064910889,2023-01-14 11:33:36.339030,2023-01-14 03:33:36.339030-08:00,vdjserver,VDJServer (US),,,,pass-field-organism-id.json,,,,,,,,,,,,,,,,,,,,,,
2,AIRR Data Commons API for VDJServer Community Data Portal,VDJServer ADC API response for repertoire query,1.3,VDJServer,http://vdjserver.org/,vdjserver@utsouthwestern.edu,/home/ubuntu/ireceptor-monitor/performance_scripts/queries/repertoires/pass-field-pcr_target_locus.json,1.3312554359436035,2023-01-14 11:33:37.763044,2023-01-14 03:33:37.763044-08:00,vdjserver,VDJServer (US),,,,pass-field-pcr_target_locus.json,,,,,,,,,,,,,,,,,,,,,,
3,AIRR Data Commons API for VDJServer Community Data Portal,VDJServer ADC API response for repertoire query,1.3,VDJServer,http://vdjserver.org/,vdjserver@utsouthwestern.edu,/home/ubuntu/ireceptor-monitor/performance_scripts/queries/repertoires/pass-field-age-range.json,3.6003551483154297,2023-01-14 11:33:41.865535,2023-01-14 03:33:41.865535-08:00,vdjserver,VDJServer (US),,,,pass-field-age-range.json,,,,,,,,,,,,,,,,,,,,,,
4,AIRR Data Commons API for VDJServer Community Data Portal,VDJServer ADC API response for repertoire query,1.3,VDJServer,http://vdjserver.org/,vdjserver@utsouthwestern.edu,/home/ubuntu/ireceptor-monitor/performance_scripts/queries/repertoires/pass-query2_repertoire.json,0.4209837913513184,2023-01-14 11:33:42.308747,2023-01-14 03:33:42.308747-08:00,vdjserver,VDJServer (US),,,,pass-query2_repertoire.json,,,,,,,,,,,,,,,,,,,,,,
0,AIRR Data Commons API for VDJServer Community Data Portal,VDJServer ADC API response for repertoire query,1.3,VDJServer,http://vdjserver.org/,vdjserver@utsouthwestern.edu,/home/ubuntu/ireceptor-monitor/performance_scripts/queries/repertoires/pass-all.json,4.405166387557983,2023-01-14 15:33:36.328466,2023-01-14 07:33:36.328466-08:00,vdjserver,VDJServer (US),,,,pass-all.json,,,,,,,,,,,,,,,,,,,,,,
1,AIRR Data Commons API for VDJServer Community Data Portal,VDJServer ADC API response for repertoire query,1.3,VDJServer,http://vdjserver.org/,vdjserver@utsouthwestern.edu,/home/ubuntu/ireceptor-monitor/performance_scripts/queries/repertoires/pass-field-organism-id.json,1.813717603683472,2023-01-14 15:33:38.300014,2023-01-14 07:33:38.300014-08:00,vdjserver,VDJServer (US),,,,pass-field-organism-id.json,,,,,,,,,,,,,,,,,,,,,,
2,AIRR Data Commons API for VDJServer Community Data Portal,VDJServer ADC API response for repertoire query,1.3,VDJServer,http://vdjserver.org/,vdjserver@utsouthwestern.edu,/home/ubuntu/ireceptor-monitor/performance_scripts/queries/repertoires/pass-field-pcr_target_locus.json,1.4637269973754885,2023-01-14 15:33:39.852784,2023-01-14 07:33:39.852784-08:00,vdjserver,VDJServer (US),,,,pass-field-pcr_target_locus.json,,,,,,,,,,,,,,,,,,,,,,
3,AIRR Data Commons API for VDJServer Community Data Portal,VDJServer ADC API response for repertoire query,1.3,VDJServer,http://vdjserver.org/,vdjserver@utsouthwestern.edu,/home/ubuntu/ireceptor-monitor/performance_scripts/queries/repertoires/pass-field-age-range.json,5.008185863494873,2023-01-14 15:33:45.312889,2023-01-14 07:33:45.312889-08:00,vdjserver,VDJServer (US),,,,pass-field-age-range.json,,,,,,,,,,,,,,,,,,,,,,
4,AIRR Data Commons API for VDJServer Community Data Portal,VDJServer ADC API response for repertoire query,1.3,VDJServer,http://vdjserver.org/,vdjserver@utsouthwestern.edu,/home/ubuntu/ireceptor-monitor/performance_scripts/queries/repertoires/pass-query2_repertoire.json,0.44678759574890137,2023-01-14 15:33:45.776681,2023-01-14 07:33:45.776681-08:00,vdjserver,VDJServer (US),,,,pass-query2_repertoire.json,,,,,,,,,,,,,,,,,,,,,,
0,AIRR Data Commons API for VDJServer Community Data Portal,VDJServer ADC API response for repertoire query,1.3,VDJServer,http://vdjserver.org/,vdjserver@utsouthwestern.edu,/home/ubuntu/ireceptor-monitor/performance_scripts/queries/repertoires/pass-all.json,4.898252487182617,2023-01-14 19:33:38.428958,2023-01-14 11:33:38.428958-08:00,vdjserver,VDJServer (US),,,,pass-all.json,,,,,,,,,,,,,,,,,,,,,,
1,AIRR Data Commons API for VDJServer Community Data Portal,VDJServer ADC API response for repertoire query,1.3,VDJServer,http://vdjserver.org/,vdjserver@utsouthwestern.edu,/home/ubuntu/ireceptor-monitor/performance_scripts/queries/repertoires/pass-field-organism-id.json,1.8188230991363523,2023-01-14 19:33:40.406901,2023-01-14 11:33:40.406901-08:00,vdjserver,VDJServer (US),,,,pass-field-organism-id.json,,,,,,,,,,,,,,,,,,,,,,
2,AIRR Data Commons API for VDJServer Community Data Portal,VDJServer ADC API response for repertoire query,1.3,VDJServer,http://vdjserver.org/,vdjserver@utsouthwestern.edu,/home/ubuntu/ireceptor-monitor/performance_scripts/queries/repertoires/pass-field-pcr_target_locus.json,1.4430892467498782,2023-01-14 19:33:41.942249,2023-01-14 11:33:41.942249-08:00,vdjserver,VDJServer (US),,,,pass-field-pcr_target_locus.json,,,,,,,,,,,,,,,,,,,,,,
3,AIRR Data Commons API for VDJServer Community Data Portal,VDJServer ADC API response for repertoire query,1.3,VDJServer,http://vdjserver.org/,vdjserver@utsouthwestern.edu,/home/ubuntu/ireceptor-monitor/performance_scripts/queries/repertoires/pass-field-age-range.json,3.6452484130859375,2023-01-14 19:33:46.087678,2023-01-14 11:33:46.087678-08:00,vdjserver,VDJServer (US),,,,pass-field-age-range.json,,,,,,,,,,,,,,,,,,,,,,
4,AIRR Data Commons API for VDJServer Community Data Portal,VDJServer ADC API response for repertoire query,1.3,VDJServer,http://vdjserver.org/,vdjserver@utsouthwestern.edu,/home/ubuntu/ireceptor-monitor/performance_scripts/queries/repertoires/pass-query2_repertoire.json,0.4229910373687744,2023-01-14 19:33:46.531647,2023-01-14 11:33:46.531647-08:00,vdjserver,VDJServer (US),,,,pass-query2_repertoire.json,,,,,,,,,,,,,,,,,,,,,,
0,AIRR Data Commons API for VDJServer Community Data Portal,VDJServer ADC API response for repertoire query,1.3,VDJServer,http://vdjserver.org/,vdjserver@utsouthwestern.edu,/home/ubuntu/ireceptor-monitor/performance_scripts/queries/repertoires/pass-all.json,5.176503419876099,2023-01-14 23:33:37.863382,2023-01-14 15:33:37.863382-08:00,vdjserver,VDJServer (US),,,,pass-all.json,,,,,,,,,,,,,,,,,,,,,,
1,AIRR Data Commons API for VDJServer Community Data Portal,VDJServer ADC API response for repertoire query,1.3,VDJServer,http://vdjserver.org/,vdjserver@utsouthwestern.edu,/home/ubuntu/ireceptor-monitor/performance_scripts/queries/repertoires/pass-field-organism-id.json,1.7195820808410645,2023-01-14 23:33:39.743440,2023-01-14 15:33:39.743440-08:00,vdjserver,VDJServer (US),,,,pass-field-organism-id.json,,,,,,,,,,,,,,,,,,,,,,
2,AIRR Data Commons API for VDJServer Community Data Portal,VDJServer ADC API response for repertoire query,1.3,VDJServer,http://vdjserver.org/,vdjserver@utsouthwestern.edu,/home/ubuntu/ireceptor-monitor/performance_scripts/queries/repertoires/pass-field-pcr_target_locus.json,1.38356351852417,2023-01-14 23:33:41.216875,2023-01-14 15:33:41.216875-08:00,vdjserver,VDJServer (US),,,,pass-field-pcr_target_locus.json,,,,,,,,,,,,,,,,,,,,,,
3,AIRR Data Commons API for VDJServer Community Data Portal,VDJServer ADC API response for repertoire query,1.3,VDJServer,http://vdjserver.org/,vdjserver@utsouthwestern.edu,/home/ubuntu/ireceptor-monitor/performance_scripts/queries/repertoires/pass-field-age-range.json,3.582883358001709,2023-01-14 23:33:45.248541,2023-01-14 15:33:45.248541-08:00,vdjserver,VDJServer (US),,,,pass-field-age-range.json,,,,,,,,,,,,,,,,,,,,,,
4,AIRR Data Commons API for VDJServer Community Data Portal,VDJServer ADC API response for repertoire query,1.3,VDJServer,http://vdjserver.org/,vdjserver@utsouthwestern.edu,/home/ubuntu/ireceptor-monitor/performance_scripts/queries/repertoires/pass-query2_repertoire.json,0.4249405860900879,2023-01-14 23:33:45.691429,2023-01-14 15:33:45.691429-08:00,vdjserver,VDJServer (US),,,,pass-query2_repertoire.json,,,,,,,,,,,,,,,,,,,,,,
0,AIRR Data Commons API for VDJServer Community Data Portal,VDJServer ADC API response for repertoire query,1.3,VDJServer,http://vdjserver.org/,vdjserver@utsouthwestern.edu,/home/ubuntu/ireceptor-monitor/performance_scripts/queries/repertoires/pass-all.json,5.078808784484863,2023-01-15 03:33:38.277571,2023-01-14 19:33:38.277571-08:00,vdjserver,VDJServer (US),,,,pass-all.json,,,,,,,,,,,,,,,,,,,,,,
1,AIRR Data Commons API for VDJServer Community Data Portal,VDJServer ADC API response for repertoire query,1.3,VDJServer,http://vdjserver.org/,vdjserver@utsouthwestern.edu,/home/ubuntu/ireceptor-monitor/performance_scripts/queries/repertoires/pass-field-organism-id.json,2.0455262660980225,2023-01-15 03:33:40.494111,2023-01-14 19:33:40.494111-08:00,vdjserver,VDJServer (US),,,,pass-field-organism-id.json,,,,,,,,,,,,,,,,,,,,,,
2,AIRR Data Commons API for VDJServer Community Data Portal,VDJServer ADC API response for repertoire query,1.3,VDJServer,http://vdjserver.org/,vdjserver@utsouthwestern.edu,/home/ubuntu/ireceptor-monitor/performance_scripts/queries/repertoires/pass-field-pcr_target_locus.json,1.4868569374084473,2023-01-15 03:33:42.069379,2023-01-14 19:33:42.069379-08:00,vdjserver,VDJServer (US),,,,pass-field-pcr_target_locus.json,,,,,,,,,,,,,,,,,,,,,,
3,AIRR Data Commons API for VDJServer Community Data Portal,VDJServer ADC API response for repertoire query,1.3,VDJServer,http://vdjserver.org/,vdjserver@utsouthwestern.edu,/home/ubuntu/ireceptor-monitor/performance_scripts/queries/repertoires/pass-field-age-range.json,4.046881437301637,2023-01-15 03:33:46.561822,2023-01-14 19:33:46.561822-08:00,vdjserver,VDJServer (US),,,,pass-field-age-range.json,,,,,,,,,,,,,,,,,,,,,,
4,AIRR Data Commons API for VDJServer Community Data Portal,VDJServer ADC API response for repertoire query,1.3,VDJServer,http://vdjserver.org/,vdjserver@utsouthwestern.edu,/home/ubuntu/ireceptor-monitor/performance_scripts/queries/repertoires/pass-query2_repertoire.json,0.4840428829193115,2023-01-15 03:33:47.066180,2023-01-14 19:33:47.066180-08:00,vdjserver,VDJServer (US),,,,pass-query2_repertoire.json,,,,,,,,,,,,,,,,,,,,,,
0,AIRR Data Commons API for VDJServer Community Data Portal,VDJServer ADC API response for repertoire query,1.3,VDJServer,http://vdjserver.org/,vdjserver@utsouthwestern.edu,/home/ubuntu/ireceptor-monitor/performance_scripts/queries/repertoires/pass-all.json,4.468534231185913,2023-01-15 07:33:35.014266,2023-01-14 23:33:35.014266-08:00,vdjserver,VDJServer (US),,,,pass-all.json,,,,,,,,,,,,,,,,,,,,,,
1,AIRR Data Commons API for VDJServer Community Data Portal,VDJServer ADC API response for repertoire query,1.3,VDJServer,http://vdjserver.org/,vdjserver@utsouthwestern.edu,/home/ubuntu/ireceptor-monitor/performance_scripts/queries/repertoires/pass-field-organism-id.json,2.7162463665008545,2023-01-15 07:33:37.886910,2023-01-14 23:33:37.886910-08:00,vdjserver,VDJServer (US),,,,pass-field-organism-id.json,,,,,,,,,,,,,,,,,,,,,,
2,AIRR Data Commons API for VDJServer Community Data Portal,VDJServer ADC API response for repertoire query,1.3,VDJServer,http://vdjserver.org/,vdjserver@utsouthwestern.edu,/home/ubuntu/ireceptor-monitor/performance_scripts/queries/repertoires/pass-field-pcr_target_locus.json,1.380786418914795,2023-01-15 07:33:39.404120,2023-01-14 23:33:39.404120-08:00,vdjserver,VDJServer (US),,,,pass-field-pcr_target_locus.json,,,,,,,,,,,,,,,,,,,,,,
3,AIRR Data Commons API for VDJServer Community Data Portal,VDJServer ADC API response for repertoire query,1.3,VDJServer,http://vdjserver.org/,vdjserver@utsouthwestern.edu,/home/ubuntu/ireceptor-monitor/performance_scripts/queries/repertoires/pass-field-age-range.json,3.5486090183258057,2023-01-15 07:33:43.408861,2023-01-14 23:33:43.408861-08:00,vdjserver,VDJServer (US),,,,pass-field-age-range.json,,,,,,,,,,,,,,,,,,,,,,
4,AIRR Data Commons API for VDJServer Community Data Portal,VDJServer ADC API response for repertoire query,1.3,VDJServer,http://vdjserver.org/,vdjserver@utsouthwestern.edu,/home/ubuntu/ireceptor-monitor/performance_scripts/queries/repertoires/pass-query2_repertoire.json,0.4396679401397705,2023-01-15 07:33:43.865714,2023-01-14 23:33:43.865714-08:00,vdjserver,VDJServer (US),,,,pass-query2_repertoire.json,,,,,,,,,,,,,,,,,,,,,,
0,AIRR Data Commons API for VDJServer Community Data Portal,VDJServer ADC API response for repertoire query,1.3,VDJServer,http://vdjserver.org/,vdjserver@utsouthwestern.edu,/home/ubuntu/ireceptor-monitor/performance_scripts/queries/repertoires/pass-all.json,4.559250831604004,2023-01-15 11:33:36.492101,2023-01-15 03:33:36.492101-08:00,vdjserver,VDJServer (US),,,,pass-all.json,,,,,,,,,,,,,,,,,,,,,,
1,AIRR Data Commons API for VDJServer Community Data Portal,VDJServer ADC API response for repertoire query,1.3,VDJServer,http://vdjserver.org/,vdjserver@utsouthwestern.edu,/home/ubuntu/ireceptor-monitor/performance_scripts/queries/repertoires/pass-field-organism-id.json,1.773101806640625,2023-01-15 11:33:38.432504,2023-01-15 03:33:38.432504-08:00,vdjserver,VDJServer (US),,,,pass-field-organism-id.json,,,,,,,,,,,,,,,,,,,,,,
2,AIRR Data Commons API for VDJServer Community Data Portal,VDJServer ADC API response for repertoire query,1.3,VDJServer,http://vdjserver.org/,vdjserver@utsouthwestern.edu,/home/ubuntu/ireceptor-monitor/performance_scripts/queries/repertoires/pass-field-pcr_target_locus.json,1.4356729984283447,2023-01-15 11:33:39.962177,2023-01-15 03:33:39.962177-08:00,vdjserver,VDJServer (US),,,,pass-field-pcr_target_locus.json,,,,,,,,,,,,,,,,,,,,,,
3,AIRR Data Commons API for VDJServer Community Data Portal,VDJServer ADC API response for repertoire query,1.3,VDJServer,http://vdjserver.org/,vdjserver@utsouthwestern.edu,/home/ubuntu/ireceptor-monitor/performance_scripts/queries/repertoires/pass-field-age-range.json,3.505906581878662,2023-01-15 11:33:43.954142,2023-01-15 03:33:43.954142-08:00,vdjserver,VDJServer (US),,,,pass-field-age-range.json,,,,,,,,,,,,,,,,,,,,,,
4,AIRR Data Commons API for VDJServer Community Data Portal,VDJServer ADC API response for repertoire query,1.3,VDJServer,http://vdjserver.org/,vdjserver@utsouthwestern.edu,/home/ubuntu/ireceptor-monitor/performance_scripts/queries/repertoires/pass-query2_repertoire.json,0.4277365207672119,2023-01-15 11:33:44.402816,2023-01-15 03:33:44.402816-08:00,vdjserver,VDJServer (US),,,,pass-query2_repertoire.json,,,,,,,,,,,,,,,,,,,,,,
0,AIRR Data Commons API for VDJServer Community Data Portal,VDJServer ADC API response for repertoire query,1.3,VDJServer,http://vdjserver.org/,vdjserver@utsouthwestern.edu,/home/ubuntu/ireceptor-monitor/performance_scripts/queries/repertoires/pass-all.json,4.484227895736693,2023-01-15 15:33:34.803266,2023-01-15 07:33:34.803266-08:00,vdjserver,VDJServer (US),,,,pass-all.json,,,,,,,,,,,,,,,,,,,,,,
1,AIRR Data Commons API for VDJServer Community Data Portal,VDJServer ADC API response for repertoire query,1.3,VDJServer,http://vdjserver.org/,vdjserver@utsouthwestern.edu,/home/ubuntu/ireceptor-monitor/performance_scripts/queries/repertoires/pass-field-organism-id.json,1.8374338150024407,2023-01-15 15:33:36.793460,2023-01-15 07:33:36.793460-08:00,vdjserver,VDJServer (US),,,,pass-field-organism-id.json,,,,,,,,,,,,,,,,,,,,,,
2,AIRR Data Commons API for VDJServer Community Data Portal,VDJServer ADC API response for repertoire query,1.3,VDJServer,http://vdjserver.org/,vdjserver@utsouthwestern.edu,/home/ubuntu/ireceptor-monitor/performance_scripts/queries/repertoires/pass-field-pcr_target_locus.json,1.4516258239746094,2023-01-15 15:33:38.332558,2023-01-15 07:33:38.332558-08:00,vdjserver,VDJServer (US),,,,pass-field-pcr_target_locus.json,,,,,,,,,,,,,,,,,,,,,,
3,AIRR Data Commons API for VDJServer Community Data Portal,VDJServer ADC API response for repertoire query,1.3,VDJServer,http://vdjserver.org/,vdjserver@utsouthwestern.edu,/home/ubuntu/ireceptor-monitor/performance_scripts/queries/repertoires/pass-field-age-range.json,3.498084306716919,2023-01-15 15:33:42.262610,2023-01-15 07:33:42.262610-08:00,vdjserver,VDJServer (US),,,,pass-field-age-range.json,,,,,,,,,,,,,,,,,,,,,,
4,AIRR Data Commons API for VDJServer Community Data Portal,VDJServer ADC API response for repertoire query,1.3,VDJServer,http://vdjserver.org/,vdjserver@utsouthwestern.edu,/home/ubuntu/ireceptor-monitor/performance_scripts/queries/repertoires/pass-query2_repertoire.json,0.4565689563751221,2023-01-15 15:33:42.735589,2023-01-15 07:33:42.735589-08:00,vdjserver,VDJServer (US),,,,pass-query2_repertoire.json,,,,,,,,,,,,,,,,,,,,,,
0,AIRR Data Commons API for VDJServer Community Data Portal,VDJServer ADC API response for repertoire query,1.3,VDJServer,http://vdjserver.org/,vdjserver@utsouthwestern.edu,/home/ubuntu/ireceptor-monitor/performance_scripts/queries/repertoires/pass-all.json,4.952013969421387,2023-01-15 19:33:40.086193,2023-01-15 11:33:40.086193-08:00,vdjserver,VDJServer (US),,,,pass-all.json,,,,,,,,,,,,,,,,,,,,,,
1,AIRR Data Commons API for VDJServer Community Data Portal,VDJServer ADC API response for repertoire query,1.3,VDJServer,http://vdjserver.org/,vdjserver@utsouthwestern.edu,/home/ubuntu/ireceptor-monitor/performance_scripts/queries/repertoires/pass-field-organism-id.json,3.644164085388184,2023-01-15 19:33:43.900000,2023-01-15 11:33:43.900000-08:00,vdjserver,VDJServer (US),,,,pass-field-organism-id.json,,,,,,,,,,,,,,,,,,,,,,
2,AIRR Data Commons API for VDJServer Community Data Portal,VDJServer ADC API response for repertoire query,1.3,VDJServer,http://vdjserver.org/,vdjserver@utsouthwestern.edu,/home/ubuntu/ireceptor-monitor/performance_scripts/queries/repertoires/pass-field-pcr_target_locus.json,1.3916242122650146,2023-01-15 19:33:45.385942,2023-01-15 11:33:45.385942-08:00,vdjserver,VDJServer (US),,,,pass-field-pcr_target_locus.json,,,,,,,,,,,,,,,,,,,,,,
3,AIRR Data Commons API for VDJServer Community Data Portal,VDJServer ADC API response for repertoire query,1.3,VDJServer,http://vdjserver.org/,vdjserver@utsouthwestern.edu,/home/ubuntu/ireceptor-monitor/performance_scripts/queries/repertoires/pass-field-age-range.json,3.664371013641357,2023-01-15 19:33:49.538922,2023-01-15 11:33:49.538922-08:00,vdjserver,VDJServer (US),,,,pass-field-age-range.json,,,,,,,,,,,,,,,,,,,,,,
4,AIRR Data Commons API for VDJServer Community Data Portal,VDJServer ADC API response for repertoire query,1.3,VDJServer,http://vdjserver.org/,vdjserver@utsouthwestern.edu,/home/ubuntu/ireceptor-monitor/performance_scripts/queries/repertoires/pass-query2_repertoire.json,0.42554545402526855,2023-01-15 19:33:49.985414,2023-01-15 11:33:49.985414-08:00,vdjserver,VDJServer (US),,,,pass-query2_repertoire.json,,,,,,,,,,,,,,,,,,,,,,
0,AIRR Data Commons API for VDJServer Community Data Portal,VDJServer ADC API response for repertoire query,1.3,VDJServer,http://vdjserver.org/,vdjserver@utsouthwestern.edu,/home/ubuntu/ireceptor-monitor/performance_scripts/queries/repertoires/pass-all.json,4.3367342948913565,2023-01-15 23:33:35.694052,2023-01-15 15:33:35.694052-08:00,vdjserver,VDJServer (US),,,,pass-all.json,,,,,,,,,,,,,,,,,,,,,,
1,AIRR Data Commons API for VDJServer Community Data Portal,VDJServer ADC API response for repertoire query,1.3,VDJServer,http://vdjserver.org/,vdjserver@utsouthwestern.edu,/home/ubuntu/ireceptor-monitor/performance_scripts/queries/repertoires/pass-field-organism-id.json,1.7576556205749512,2023-01-15 23:33:37.623924,2023-01-15 15:33:37.623924-08:00,vdjserver,VDJServer (US),,,,pass-field-organism-id.json,,,,,,,,,,,,,,,,,,,,,,
2,AIRR Data Commons API for VDJServer Community Data Portal,VDJServer ADC API response for repertoire query,1.3,VDJServer,http://vdjserver.org/,vdjserver@utsouthwestern.edu,/home/ubuntu/ireceptor-monitor/performance_scripts/queries/repertoires/pass-field-pcr_target_locus.json,1.439985990524292,2023-01-15 23:33:39.160926,2023-01-15 15:33:39.160926-08:00,vdjserver,VDJServer (US),,,,pass-field-pcr_target_locus.json,,,,,,,,,,,,,,,,,,,,,,
3,AIRR Data Commons API for VDJServer Community Data Portal,VDJServer ADC API response for repertoire query,1.3,VDJServer,http://vdjserver.org/,vdjserver@utsouthwestern.edu,/home/ubuntu/ireceptor-monitor/performance_scripts/queries/repertoires/pass-field-age-range.json,7.095849275588987,2023-01-15 23:33:46.749399,2023-01-15 15:33:46.749399-08:00,vdjserver,VDJServer (US),,,,pass-field-age-range.json,,,,,,,,,,,,,,,,,,,,,,
4,AIRR Data Commons API for VDJServer Community Data Portal,VDJServer ADC API response for repertoire query,1.3,VDJServer,http://vdjserver.org/,vdjserver@utsouthwestern.edu,/home/ubuntu/ireceptor-monitor/performance_scripts/queries/repertoires/pass-query2_repertoire.json,0.4624648094177246,2023-01-15 23:33:47.233128,2023-01-15 15:33:47.233128-08:00,vdjserver,VDJServer (US),,,,pass-query2_repertoire.json,,,,,,,,,,,,,,,,,,,,,,
0,AIRR Data Commons API for VDJServer Community Data Portal,VDJServer ADC API response for repertoire query,1.3,VDJServer,http://vdjserver.org/,vdjserver@utsouthwestern.edu,/home/ubuntu/ireceptor-monitor/performance_scripts/queries/repertoires/pass-all.json,4.4961187839508066,2023-01-16 03:33:35.328852,2023-01-15 19:33:35.328852-08:00,vdjserver,VDJServer (US),,,,pass-all.json,,,,,,,,,,,,,,,,,,,,,,
1,AIRR Data Commons API for VDJServer Community Data Portal,VDJServer ADC API response for repertoire query,1.3,VDJServer,http://vdjserver.org/,vdjserver@utsouthwestern.edu,/home/ubuntu/ireceptor-monitor/performance_scripts/queries/repertoires/pass-field-organism-id.json,1.7488088607788086,2023-01-16 03:33:37.243315,2023-01-15 19:33:37.243315-08:00,vdjserver,VDJServer (US),,,,pass-field-organism-id.json,,,,,,,,,,,,,,,,,,,,,,
2,AIRR Data Commons API for VDJServer Community Data Portal,VDJServer ADC API response for repertoire query,1.3,VDJServer,http://vdjserver.org/,vdjserver@utsouthwestern.edu,/home/ubuntu/ireceptor-monitor/performance_scripts/queries/repertoires/pass-field-pcr_target_locus.json,1.4036595821380615,2023-01-16 03:33:38.741106,2023-01-15 19:33:38.741106-08:00,vdjserver,VDJServer (US),,,,pass-field-pcr_target_locus.json,,,,,,,,,,,,,,,,,,,,,,
3,AIRR Data Commons API for VDJServer Community Data Portal,VDJServer ADC API response for repertoire query,1.3,VDJServer,http://vdjserver.org/,vdjserver@utsouthwestern.edu,/home/ubuntu/ireceptor-monitor/performance_scripts/queries/repertoires/pass-field-age-range.json,3.820123672485352,2023-01-16 03:33:43.054154,2023-01-15 19:33:43.054154-08:00,vdjserver,VDJServer (US),,,,pass-field-age-range.json,,,,,,,,,,,,,,,,,,,,,,
4,AIRR Data Commons API for VDJServer Community Data Portal,VDJServer ADC API response for repertoire query,1.3,VDJServer,http://vdjserver.org/,vdjserver@utsouthwestern.edu,/home/ubuntu/ireceptor-monitor/performance_scripts/queries/repertoires/pass-query2_repertoire.json,0.4263052940368652,2023-01-16 03:33:43.501130,2023-01-15 19:33:43.501130-08:00,vdjserver,VDJServer (US),,,,pass-query2_repertoire.json,,,,,,,,,,,,,,,,,,,,,,
0,AIRR Data Commons API for VDJServer Community Data Portal,VDJServer ADC API response for repertoire query,1.3,VDJServer,http://vdjserver.org/,vdjserver@utsouthwestern.edu,/home/ubuntu/ireceptor-monitor/performance_scripts/queries/repertoires/pass-all.json,5.602537631988525,2023-01-16 07:33:45.348247,2023-01-15 23:33:45.348247-08:00,vdjserver,VDJServer (US),,,,pass-all.json,,,,,,,,,,,,,,,,,,,,,,
1,AIRR Data Commons API for VDJServer Community Data Portal,VDJServer ADC API response for repertoire query,1.3,VDJServer,http://vdjserver.org/,vdjserver@utsouthwestern.edu,/home/ubuntu/ireceptor-monitor/performance_scripts/queries/repertoires/pass-field-organism-id.json,1.775580883026123,2023-01-16 07:33:47.280762,2023-01-15 23:33:47.280762-08:00,vdjserver,VDJServer (US),,,,pass-field-organism-id.json,,,,,,,,,,,,,,,,,,,,,,
2,AIRR Data Commons API for VDJServer Community Data Portal,VDJServer ADC API response for repertoire query,1.3,VDJServer,http://vdjserver.org/,vdjserver@utsouthwestern.edu,/home/ubuntu/ireceptor-monitor/performance_scripts/queries/repertoires/pass-field-pcr_target_locus.json,1.4920759201049805,2023-01-16 07:33:48.871031,2023-01-15 23:33:48.871031-08:00,vdjserver,VDJServer (US),,,,pass-field-pcr_target_locus.json,,,,,,,,,,,,,,,,,,,,,,
3,AIRR Data Commons API for VDJServer Community Data Portal,VDJServer ADC API response for repertoire query,1.3,VDJServer,http://vdjserver.org/,vdjserver@utsouthwestern.edu,/home/ubuntu/ireceptor-monitor/performance_scripts/queries/repertoires/pass-field-age-range.json,3.4403276443481445,2023-01-16 07:33:52.770726,2023-01-15 23:33:52.770726-08:00,vdjserver,VDJServer (US),,,,pass-field-age-range.json,,,,,,,,,,,,,,,,,,,,,,
4,AIRR Data Commons API for VDJServer Community Data Portal,VDJServer ADC API response for repertoire query,1.3,VDJServer,http://vdjserver.org/,vdjserver@utsouthwestern.edu,/home/ubuntu/ireceptor-monitor/performance_scripts/queries/repertoires/pass-query2_repertoire.json,0.4024229049682617,2023-01-16 07:33:53.193864,2023-01-15 23:33:53.193864-08:00,vdjserver,VDJServer (US),,,,pass-query2_repertoire.json,,,,,,,,,,,,,,,,,,,,,,
0,AIRR Data Commons API for VDJServer Community Data Portal,VDJServer ADC API response for repertoire query,1.3,VDJServer,http://vdjserver.org/,vdjserver@utsouthwestern.edu,/home/ubuntu/ireceptor-monitor/performance_scripts/queries/repertoires/pass-all.json,4.648897409439087,2023-01-16 11:33:37.085961,2023-01-16 03:33:37.085961-08:00,vdjserver,VDJServer (US),,,,pass-all.json,,,,,,,,,,,,,,,,,,,,,,
1,AIRR Data Commons API for VDJServer Community Data Portal,VDJServer ADC API response for repertoire query,1.3,VDJServer,http://vdjserver.org/,vdjserver@utsouthwestern.edu,/home/ubuntu/ireceptor-monitor/performance_scripts/queries/repertoires/pass-field-organism-id.json,2.0883138179779053,2023-01-16 11:33:39.343648,2023-01-16 03:33:39.343648-08:00,vdjserver,VDJServer (US),,,,pass-field-organism-id.json,,,,,,,,,,,,,,,,,,,,,,
2,AIRR Data Commons API for VDJServer Community Data Portal,VDJServer ADC API response for repertoire query,1.3,VDJServer,http://vdjserver.org/,vdjserver@utsouthwestern.edu,/home/ubuntu/ireceptor-monitor/performance_scripts/queries/repertoires/pass-field-pcr_target_locus.json,1.6516509056091309,2023-01-16 11:33:41.090840,2023-01-16 03:33:41.090840-08:00,vdjserver,VDJServer (US),,,,pass-field-pcr_target_locus.json,,,,,,,,,,,,,,,,,,,,,,
3,AIRR Data Commons API for VDJServer Community Data Portal,VDJServer ADC API response for repertoire query,1.3,VDJServer,http://vdjserver.org/,vdjserver@utsouthwestern.edu,/home/ubuntu/ireceptor-monitor/performance_scripts/queries/repertoires/pass-field-age-range.json,4.4465742111206055,2023-01-16 11:33:46.029977,2023-01-16 03:33:46.029977-08:00,vdjserver,VDJServer (US),,,,pass-field-age-range.json,,,,,,,,,,,,,,,,,,,,,,
4,AIRR Data Commons API for VDJServer Community Data Portal,VDJServer ADC API response for repertoire query,1.3,VDJServer,http://vdjserver.org/,vdjserver@utsouthwestern.edu,/home/ubuntu/ireceptor-monitor/performance_scripts/queries/repertoires/pass-query2_repertoire.json,0.4727754592895508,2023-01-16 11:33:46.520807,2023-01-16 03:33:46.520807-08:00,vdjserver,VDJServer (US),,,,pass-query2_repertoire.json,,,,,,,,,,,,,,,,,,,,,,
0,AIRR Data Commons API for VDJServer Community Data Portal,VDJServer ADC API response for repertoire query,1.3,VDJServer,http://vdjserver.org/,vdjserver@utsouthwestern.edu,/home/ubuntu/ireceptor-monitor/performance_scripts/queries/repertoires/pass-all.json,5.684860467910768,2023-01-16 15:33:38.638453,2023-01-16 07:33:38.638453-08:00,vdjserver,VDJServer (US),,,,pass-all.json,,,,,,,,,,,,,,,,,,,,,,
1,AIRR Data Commons API for VDJServer Community Data Portal,VDJServer ADC API response for repertoire query,1.3,VDJServer,http://vdjserver.org/,vdjserver@utsouthwestern.edu,/home/ubuntu/ireceptor-monitor/performance_scripts/queries/repertoires/pass-field-organism-id.json,2.2794713973999023,2023-01-16 15:33:41.080199,2023-01-16 07:33:41.080199-08:00,vdjserver,VDJServer (US),,,,pass-field-organism-id.json,,,,,,,,,,,,,,,,,,,,,,
2,AIRR Data Commons API for VDJServer Community Data Portal,VDJServer ADC API response for repertoire query,1.3,VDJServer,http://vdjserver.org/,vdjserver@utsouthwestern.edu,/home/ubuntu/ireceptor-monitor/performance_scripts/queries/repertoires/pass-field-pcr_target_locus.json,1.4867596626281738,2023-01-16 15:33:42.663718,2023-01-16 07:33:42.663718-08:00,vdjserver,VDJServer (US),,,,pass-field-pcr_target_locus.json,,,,,,,,,,,,,,,,,,,,,,
3,AIRR Data Commons API for VDJServer Community Data Portal,VDJServer ADC API response for repertoire query,1.3,VDJServer,http://vdjserver.org/,vdjserver@utsouthwestern.edu,/home/ubuntu/ireceptor-monitor/performance_scripts/queries/repertoires/pass-field-age-range.json,4.229377031326294,2023-01-16 15:33:47.395473,2023-01-16 07:33:47.395473-08:00,vdjserver,VDJServer (US),,,,pass-field-age-range.json,,,,,,,,,,,,,,,,,,,,,,
4,AIRR Data Commons API for VDJServer Community Data Portal,VDJServer ADC API response for repertoire query,1.3,VDJServer,http://vdjserver.org/,vdjserver@utsouthwestern.edu,/home/ubuntu/ireceptor-monitor/performance_scripts/queries/repertoires/pass-query2_repertoire.json,0.4613370895385742,2023-01-16 15:33:47.877941,2023-01-16 07:33:47.877941-08:00,vdjserver,VDJServer (US),,,,pass-query2_repertoire.json,,,,,,,,,,,,,,,,,,,,,,
0,AIRR Data Commons API for VDJServer Community Data Portal,VDJServer ADC API response for repertoire query,1.3,VDJServer,http://vdjserver.org/,vdjserver@utsouthwestern.edu,/home/ubuntu/ireceptor-monitor/performance_scripts/queries/repertoires/pass-all.json,7.76238751411438,2023-01-16 19:33:40.646444,2023-01-16 11:33:40.646444-08:00,vdjserver,VDJServer (US),,,,pass-all.json,,,,,,,,,,,,,,,,,,,,,,
1,AIRR Data Commons API for VDJServer Community Data Portal,VDJServer ADC API response for repertoire query,1.3,VDJServer,http://vdjserver.org/,vdjserver@utsouthwestern.edu,/home/ubuntu/ireceptor-monitor/performance_scripts/queries/repertoires/pass-field-organism-id.json,3.80472993850708,2023-01-16 19:33:44.609582,2023-01-16 11:33:44.609582-08:00,vdjserver,VDJServer (US),,,,pass-field-organism-id.json,,,,,,,,,,,,,,,,,,,,,,
2,AIRR Data Commons API for VDJServer Community Data Portal,VDJServer ADC API response for repertoire query,1.3,VDJServer,http://vdjserver.org/,vdjserver@utsouthwestern.edu,/home/ubuntu/ireceptor-monitor/performance_scripts/queries/repertoires/pass-field-pcr_target_locus.json,1.5619451999664309,2023-01-16 19:33:46.269719,2023-01-16 11:33:46.269719-08:00,vdjserver,VDJServer (US),,,,pass-field-pcr_target_locus.json,,,,,,,,,,,,,,,,,,,,,,
3,AIRR Data Commons API for VDJServer Community Data Portal,VDJServer ADC API response for repertoire query,1.3,VDJServer,http://vdjserver.org/,vdjserver@utsouthwestern.edu,/home/ubuntu/ireceptor-monitor/performance_scripts/queries/repertoires/pass-field-age-range.json,4.229623079299927,2023-01-16 19:33:50.941620,2023-01-16 11:33:50.941620-08:00,vdjserver,VDJServer (US),,,,pass-field-age-range.json,,,,,,,,,,,,,,,,,,,,,,
4,AIRR Data Commons API for VDJServer Community Data Portal,VDJServer ADC API response for repertoire query,1.3,VDJServer,http://vdjserver.org/,vdjserver@utsouthwestern.edu,/home/ubuntu/ireceptor-monitor/performance_scripts/queries/repertoires/pass-query2_repertoire.json,0.5341298580169678,2023-01-16 19:33:51.492771,2023-01-16 11:33:51.492771-08:00,vdjserver,VDJServer (US),,,,pass-query2_repertoire.json,,,,,,,,,,,,,,,,,,,,,,
0,AIRR Data Commons API for VDJServer Community Data Portal,VDJServer ADC API response for repertoire query,1.3,VDJServer,http://vdjserver.org/,vdjserver@utsouthwestern.edu,/home/ubuntu/ireceptor-monitor/performance_scripts/queries/repertoires/pass-all.json,5.922578811645508,2023-01-16 23:33:39.350992,2023-01-16 15:33:39.350992-08:00,vdjserver,VDJServer (US),,,,pass-all.json,,,,,,,,,,,,,,,,,,,,,,
1,AIRR Data Commons API for VDJServer Community Data Portal,VDJServer ADC API response for repertoire query,1.3,VDJServer,http://vdjserver.org/,vdjserver@utsouthwestern.edu,/home/ubuntu/ireceptor-monitor/performance_scripts/queries/repertoires/pass-field-organism-id.json,1.7799575328826904,2023-01-16 23:33:41.300428,2023-01-16 15:33:41.300428-08:00,vdjserver,VDJServer (US),,,,pass-field-organism-id.json,,,,,,,,,,,,,,,,,,,,,,
2,AIRR Data Commons API for VDJServer Community Data Portal,VDJServer ADC API response for repertoire query,1.3,VDJServer,http://vdjserver.org/,vdjserver@utsouthwestern.edu,/home/ubuntu/ireceptor-monitor/performance_scripts/queries/repertoires/pass-field-pcr_target_locus.json,1.5150678157806396,2023-01-16 23:33:42.906442,2023-01-16 15:33:42.906442-08:00,vdjserver,VDJServer (US),,,,pass-field-pcr_target_locus.json,,,,,,,,,,,,,,,,,,,,,,
3,AIRR Data Commons API for VDJServer Community Data Portal,VDJServer ADC API response for repertoire query,1.3,VDJServer,http://vdjserver.org/,vdjserver@utsouthwestern.edu,/home/ubuntu/ireceptor-monitor/performance_scripts/queries/repertoires/pass-field-age-range.json,3.8298122882843018,2023-01-16 23:33:47.184453,2023-01-16 15:33:47.184453-08:00,vdjserver,VDJServer (US),,,,pass-field-age-range.json,,,,,,,,,,,,,,,,,,,,,,
4,AIRR Data Commons API for VDJServer Community Data Portal,VDJServer ADC API response for repertoire query,1.3,VDJServer,http://vdjserver.org/,vdjserver@utsouthwestern.edu,/home/ubuntu/ireceptor-monitor/performance_scripts/queries/repertoires/pass-query2_repertoire.json,0.4767880439758301,2023-01-16 23:33:47.678370,2023-01-16 15:33:47.678370-08:00,vdjserver,VDJServer (US),,,,pass-query2_repertoire.json,,,,,,,,,,,,,,,,,,,,,,
0,AIRR Data Commons API for VDJServer Community Data Portal,VDJServer ADC API response for repertoire query,1.3,VDJServer,http://vdjserver.org/,vdjserver@utsouthwestern.edu,/home/ubuntu/ireceptor-monitor/performance_scripts/queries/repertoires/pass-all.json,6.579161167144775,2023-01-17 03:33:38.359011,2023-01-16 19:33:38.359011-08:00,vdjserver,VDJServer (US),,,,pass-all.json,,,,,,,,,,,,,,,,,,,,,,
1,AIRR Data Commons API for VDJServer Community Data Portal,VDJServer ADC API response for repertoire query,1.3,VDJServer,http://vdjserver.org/,vdjserver@utsouthwestern.edu,/home/ubuntu/ireceptor-monitor/performance_scripts/queries/repertoires/pass-field-organism-id.json,1.8522543907165527,2023-01-17 03:33:40.378764,2023-01-16 19:33:40.378764-08:00,vdjserver,VDJServer (US),,,,pass-field-organism-id.json,,,,,,,,,,,,,,,,,,,,,,
2,AIRR Data Commons API for VDJServer Community Data Portal,VDJServer ADC API response for repertoire query,1.3,VDJServer,http://vdjserver.org/,vdjserver@utsouthwestern.edu,/home/ubuntu/ireceptor-monitor/performance_scripts/queries/repertoires/pass-field-pcr_target_locus.json,1.3418796062469482,2023-01-17 03:33:41.815385,2023-01-16 19:33:41.815385-08:00,vdjserver,VDJServer (US),,,,pass-field-pcr_target_locus.json,,,,,,,,,,,,,,,,,,,,,,
3,AIRR Data Commons API for VDJServer Community Data Portal,VDJServer ADC API response for repertoire query,1.3,VDJServer,http://vdjserver.org/,vdjserver@utsouthwestern.edu,/home/ubuntu/ireceptor-monitor/performance_scripts/queries/repertoires/pass-field-age-range.json,3.5212781429290767,2023-01-17 03:33:45.823179,2023-01-16 19:33:45.823179-08:00,vdjserver,VDJServer (US),,,,pass-field-age-range.json,,,,,,,,,,,,,,,,,,,,,,
4,AIRR Data Commons API for VDJServer Community Data Portal,VDJServer ADC API response for repertoire query,1.3,VDJServer,http://vdjserver.org/,vdjserver@utsouthwestern.edu,/home/ubuntu/ireceptor-monitor/performance_scripts/queries/repertoires/pass-query2_repertoire.json,0.4088609218597412,2023-01-17 03:33:46.252772,2023-01-16 19:33:46.252772-08:00,vdjserver,VDJServer (US),,,,pass-query2_repertoire.json,,,,,,,,,,,,,,,,,,,,,,
0,AIRR Data Commons API for VDJServer Community Data Portal,VDJServer ADC API response for repertoire query,1.3,VDJServer,http://vdjserver.org/,vdjserver@utsouthwestern.edu,/home/ubuntu/ireceptor-monitor/performance_scripts/queries/repertoires/pass-all.json,4.679330587387085,2023-01-17 07:33:35.781730,2023-01-16 23:33:35.781730-08:00,vdjserver,VDJServer (US),,,,pass-all.json,,,,,,,,,,,,,,,,,,,,,,
1,AIRR Data Commons API for VDJServer Community Data Portal,VDJServer ADC API response for repertoire query,1.3,VDJServer,http://vdjserver.org/,vdjserver@utsouthwestern.edu,/home/ubuntu/ireceptor-monitor/performance_scripts/queries/repertoires/pass-field-organism-id.json,1.7442121505737305,2023-01-17 07:33:37.684210,2023-01-16 23:33:37.684210-08:00,vdjserver,VDJServer (US),,,,pass-field-organism-id.json,,,,,,,,,,,,,,,,,,,,,,
2,AIRR Data Commons API for VDJServer Community Data Portal,VDJServer ADC API response for repertoire query,1.3,VDJServer,http://vdjserver.org/,vdjserver@utsouthwestern.edu,/home/ubuntu/ireceptor-monitor/performance_scripts/queries/repertoires/pass-field-pcr_target_locus.json,1.3385698795318604,2023-01-17 07:33:39.113228,2023-01-16 23:33:39.113228-08:00,vdjserver,VDJServer (US),,,,pass-field-pcr_target_locus.json,,,,,,,,,,,,,,,,,,,,,,
3,AIRR Data Commons API for VDJServer Community Data Portal,VDJServer ADC API response for repertoire query,1.3,VDJServer,http://vdjserver.org/,vdjserver@utsouthwestern.edu,/home/ubuntu/ireceptor-monitor/performance_scripts/queries/repertoires/pass-field-age-range.json,3.496575832366944,2023-01-17 07:33:43.097867,2023-01-16 23:33:43.097867-08:00,vdjserver,VDJServer (US),,,,pass-field-age-range.json,,,,,,,,,,,,,,,,,,,,,,
4,AIRR Data Commons API for VDJServer Community Data Portal,VDJServer ADC API response for repertoire query,1.3,VDJServer,http://vdjserver.org/,vdjserver@utsouthwestern.edu,/home/ubuntu/ireceptor-monitor/performance_scripts/queries/repertoires/pass-query2_repertoire.json,0.4208006858825684,2023-01-17 07:33:43.539647,2023-01-16 23:33:43.539647-08:00,vdjserver,VDJServer (US),,,,pass-query2_repertoire.json,,,,,,,,,,,,,,,,,,,,,,
0,AIRR Data Commons API for VDJServer Community Data Portal,VDJServer ADC API response for repertoire query,1.3,VDJServer,http://vdjserver.org/,vdjserver@utsouthwestern.edu,/home/ubuntu/ireceptor-monitor/performance_scripts/queries/repertoires/pass-all.json,4.344256401062012,2023-01-17 11:33:36.096249,2023-01-17 03:33:36.096249-08:00,vdjserver,VDJServer (US),,,,pass-all.json,,,,,,,,,,,,,,,,,,,,,,
1,AIRR Data Commons API for VDJServer Community Data Portal,VDJServer ADC API response for repertoire query,1.3,VDJServer,http://vdjserver.org/,vdjserver@utsouthwestern.edu,/home/ubuntu/ireceptor-monitor/performance_scripts/queries/repertoires/pass-field-organism-id.json,1.8161258697509768,2023-01-17 11:33:38.077599,2023-01-17 03:33:38.077599-08:00,vdjserver,VDJServer (US),,,,pass-field-organism-id.json,,,,,,,,,,,,,,,,,,,,,,
2,AIRR Data Commons API for VDJServer Community Data Portal,VDJServer ADC API response for repertoire query,1.3,VDJServer,http://vdjserver.org/,vdjserver@utsouthwestern.edu,/home/ubuntu/ireceptor-monitor/performance_scripts/queries/repertoires/pass-field-pcr_target_locus.json,1.5343248844146729,2023-01-17 11:33:39.701973,2023-01-17 03:33:39.701973-08:00,vdjserver,VDJServer (US),,,,pass-field-pcr_target_locus.json,,,,,,,,,,,,,,,,,,,,,,
3,AIRR Data Commons API for VDJServer Community Data Portal,VDJServer ADC API response for repertoire query,1.3,VDJServer,http://vdjserver.org/,vdjserver@utsouthwestern.edu,/home/ubuntu/ireceptor-monitor/performance_scripts/queries/repertoires/pass-field-age-range.json,3.917327880859375,2023-01-17 11:33:44.072154,2023-01-17 03:33:44.072154-08:00,vdjserver,VDJServer (US),,,,pass-field-age-range.json,,,,,,,,,,,,,,,,,,,,,,
4,AIRR Data Commons API for VDJServer Community Data Portal,VDJServer ADC API response for repertoire query,1.3,VDJServer,http://vdjserver.org/,vdjserver@utsouthwestern.edu,/home/ubuntu/ireceptor-monitor/performance_scripts/queries/repertoires/pass-query2_repertoire.json,0.5035388469696045,2023-01-17 11:33:44.592788,2023-01-17 03:33:44.592788-08:00,vdjserver,VDJServer (US),,,,pass-query2_repertoire.json,,,,,,,,,,,,,,,,,,,,,,
0,AIRR Data Commons API for VDJServer Community Data Portal,VDJServer ADC API response for repertoire query,1.3,VDJServer,http://vdjserver.org/,vdjserver@utsouthwestern.edu,/home/ubuntu/ireceptor-monitor/performance_scripts/queries/repertoires/pass-all.json,4.514829397201538,2023-01-17 15:33:38.078906,2023-01-17 07:33:38.078906-08:00,vdjserver,VDJServer (US),,,,pass-all.json,,,,,,,,,,,,,,,,,,,,,,
1,AIRR Data Commons API for VDJServer Community Data Portal,VDJServer ADC API response for repertoire query,1.3,VDJServer,http://vdjserver.org/,vdjserver@utsouthwestern.edu,/home/ubuntu/ireceptor-monitor/performance_scripts/queries/repertoires/pass-field-organism-id.json,1.954049825668335,2023-01-17 15:33:40.190000,2023-01-17 07:33:40.190000-08:00,vdjserver,VDJServer (US),,,,pass-field-organism-id.json,,,,,,,,,,,,,,,,,,,,,,
2,AIRR Data Commons API for VDJServer Community Data Portal,VDJServer ADC API response for repertoire query,1.3,VDJServer,http://vdjserver.org/,vdjserver@utsouthwestern.edu,/home/ubuntu/ireceptor-monitor/performance_scripts/queries/repertoires/pass-field-pcr_target_locus.json,1.3726019859313965,2023-01-17 15:33:41.653045,2023-01-17 07:33:41.653045-08:00,vdjserver,VDJServer (US),,,,pass-field-pcr_target_locus.json,,,,,,,,,,,,,,,,,,,,,,
3,AIRR Data Commons API for VDJServer Community Data Portal,VDJServer ADC API response for repertoire query,1.3,VDJServer,http://vdjserver.org/,vdjserver@utsouthwestern.edu,/home/ubuntu/ireceptor-monitor/performance_scripts/queries/repertoires/pass-field-age-range.json,3.5732648372650133,2023-01-17 15:33:45.675589,2023-01-17 07:33:45.675589-08:00,vdjserver,VDJServer (US),,,,pass-field-age-range.json,,,,,,,,,,,,,,,,,,,,,,
4,AIRR Data Commons API for VDJServer Community Data Portal,VDJServer ADC API response for repertoire query,1.3,VDJServer,http://vdjserver.org/,vdjserver@utsouthwestern.edu,/home/ubuntu/ireceptor-monitor/performance_scripts/queries/repertoires/pass-query2_repertoire.json,0.4194917678833008,2023-01-17 15:33:46.116818,2023-01-17 07:33:46.116818-08:00,vdjserver,VDJServer (US),,,,pass-query2_repertoire.json,,,,,,,,,,,,,,,,,,,,,,
0,AIRR Data Commons API for VDJServer Community Data Portal,VDJServer ADC API response for repertoire query,1.3,VDJServer,http://vdjserver.org/,vdjserver@utsouthwestern.edu,/home/ubuntu/ireceptor-monitor/performance_scripts/queries/repertoires/pass-all.json,8.35088849067688,2023-01-17 19:33:40.643580,2023-01-17 11:33:40.643580-08:00,vdjserver,VDJServer (US),,,,pass-all.json,,,,,,,,,,,,,,,,,,,,,,
1,AIRR Data Commons API for VDJServer Community Data Portal,VDJServer ADC API response for repertoire query,1.3,VDJServer,http://vdjserver.org/,vdjserver@utsouthwestern.edu,/home/ubuntu/ireceptor-monitor/performance_scripts/queries/repertoires/pass-field-organism-id.json,1.7589142322540283,2023-01-17 19:33:42.606978,2023-01-17 11:33:42.606978-08:00,vdjserver,VDJServer (US),,,,pass-field-organism-id.json,,,,,,,,,,,,,,,,,,,,,,
2,AIRR Data Commons API for VDJServer Community Data Portal,VDJServer ADC API response for repertoire query,1.3,VDJServer,http://vdjserver.org/,vdjserver@utsouthwestern.edu,/home/ubuntu/ireceptor-monitor/performance_scripts/queries/repertoires/pass-field-pcr_target_locus.json,1.3684422969818115,2023-01-17 19:33:44.072555,2023-01-17 11:33:44.072555-08:00,vdjserver,VDJServer (US),,,,pass-field-pcr_target_locus.json,,,,,,,,,,,,,,,,,,,,,,
3,AIRR Data Commons API for VDJServer Community Data Portal,VDJServer ADC API response for repertoire query,1.3,VDJServer,http://vdjserver.org/,vdjserver@utsouthwestern.edu,/home/ubuntu/ireceptor-monitor/performance_scripts/queries/repertoires/pass-field-age-range.json,4.072289943695068,2023-01-17 19:33:48.604636,2023-01-17 11:33:48.604636-08:00,vdjserver,VDJServer (US),,,,pass-field-age-range.json,,,,,,,,,,,,,,,,,,,,,,
4,AIRR Data Commons API for VDJServer Community Data Portal,VDJServer ADC API response for repertoire query,1.3,VDJServer,http://vdjserver.org/,vdjserver@utsouthwestern.edu,/home/ubuntu/ireceptor-monitor/performance_scripts/queries/repertoires/pass-query2_repertoire.json,0.5252590179443359,2023-01-17 19:33:49.150981,2023-01-17 11:33:49.150981-08:00,vdjserver,VDJServer (US),,,,pass-query2_repertoire.json,,,,,,,,,,,,,,,,,,,,,,
0,AIRR Data Commons API for VDJServer Community Data Portal,VDJServer ADC API response for repertoire query,1.3,VDJServer,http://vdjserver.org/,vdjserver@utsouthwestern.edu,/home/ubuntu/ireceptor-monitor/performance_scripts/queries/repertoires/pass-all.json,4.445960521697998,2023-01-17 23:33:36.523010,2023-01-17 15:33:36.523010-08:00,vdjserver,VDJServer (US),,,,pass-all.json,,,,,,,,,,,,,,,,,,,,,,
1,AIRR Data Commons API for VDJServer Community Data Portal,VDJServer ADC API response for repertoire query,1.3,VDJServer,http://vdjserver.org/,vdjserver@utsouthwestern.edu,/home/ubuntu/ireceptor-monitor/performance_scripts/queries/repertoires/pass-field-organism-id.json,1.827073097229004,2023-01-17 23:33:38.519497,2023-01-17 15:33:38.519497-08:00,vdjserver,VDJServer (US),,,,pass-field-organism-id.json,,,,,,,,,,,,,,,,,,,,,,
2,AIRR Data Commons API for VDJServer Community Data Portal,VDJServer ADC API response for repertoire query,1.3,VDJServer,http://vdjserver.org/,vdjserver@utsouthwestern.edu,/home/ubuntu/ireceptor-monitor/performance_scripts/queries/repertoires/pass-field-pcr_target_locus.json,1.3900971412658691,2023-01-17 23:33:39.996973,2023-01-17 15:33:39.996973-08:00,vdjserver,VDJServer (US),,,,pass-field-pcr_target_locus.json,,,,,,,,,,,,,,,,,,,,,,
3,AIRR Data Commons API for VDJServer Community Data Portal,VDJServer ADC API response for repertoire query,1.3,VDJServer,http://vdjserver.org/,vdjserver@utsouthwestern.edu,/home/ubuntu/ireceptor-monitor/performance_scripts/queries/repertoires/pass-field-age-range.json,4.002033233642578,2023-01-17 23:33:44.455463,2023-01-17 15:33:44.455463-08:00,vdjserver,VDJServer (US),,,,pass-field-age-range.json,,,,,,,,,,,,,,,,,,,,,,
4,AIRR Data Commons API for VDJServer Community Data Portal,VDJServer ADC API response for repertoire query,1.3,VDJServer,http://vdjserver.org/,vdjserver@utsouthwestern.edu,/home/ubuntu/ireceptor-monitor/performance_scripts/queries/repertoires/pass-query2_repertoire.json,0.4290030002593994,2023-01-17 23:33:44.905103,2023-01-17 15:33:44.905103-08:00,vdjserver,VDJServer (US),,,,pass-query2_repertoire.json,,,,,,,,,,,,,,,,,,,,,,
0,AIRR Data Commons API for VDJServer Community Data Portal,VDJServer ADC API response for repertoire query,1.3,VDJServer,http://vdjserver.org/,vdjserver@utsouthwestern.edu,/home/ubuntu/ireceptor-monitor/performance_scripts/queries/repertoires/pass-all.json,4.8436710834503165,2023-01-18 03:33:35.714742,2023-01-17 19:33:35.714742-08:00,vdjserver,VDJServer (US),,,,pass-all.json,,,,,,,,,,,,,,,,,,,,,,
1,AIRR Data Commons API for VDJServer Community Data Portal,VDJServer ADC API response for repertoire query,1.3,VDJServer,http://vdjserver.org/,vdjserver@utsouthwestern.edu,/home/ubuntu/ireceptor-monitor/performance_scripts/queries/repertoires/pass-field-organism-id.json,1.8000175952911377,2023-01-18 03:33:37.665964,2023-01-17 19:33:37.665964-08:00,vdjserver,VDJServer (US),,,,pass-field-organism-id.json,,,,,,,,,,,,,,,,,,,,,,
2,AIRR Data Commons API for VDJServer Community Data Portal,VDJServer ADC API response for repertoire query,1.3,VDJServer,http://vdjserver.org/,vdjserver@utsouthwestern.edu,/home/ubuntu/ireceptor-monitor/performance_scripts/queries/repertoires/pass-field-pcr_target_locus.json,1.355154514312744,2023-01-18 03:33:39.113230,2023-01-17 19:33:39.113230-08:00,vdjserver,VDJServer (US),,,,pass-field-pcr_target_locus.json,,,,,,,,,,,,,,,,,,,,,,
3,AIRR Data Commons API for VDJServer Community Data Portal,VDJServer ADC API response for repertoire query,1.3,VDJServer,http://vdjserver.org/,vdjserver@utsouthwestern.edu,/home/ubuntu/ireceptor-monitor/performance_scripts/queries/repertoires/pass-field-age-range.json,3.954689502716065,2023-01-18 03:33:43.563586,2023-01-17 19:33:43.563586-08:00,vdjserver,VDJServer (US),,,,pass-field-age-range.json,,,,,,,,,,,,,,,,,,,,,,
4,AIRR Data Commons API for VDJServer Community Data Portal,VDJServer ADC API response for repertoire query,1.3,VDJServer,http://vdjserver.org/,vdjserver@utsouthwestern.edu,/home/ubuntu/ireceptor-monitor/performance_scripts/queries/repertoires/pass-query2_repertoire.json,0.4398918151855469,2023-01-18 03:33:44.020588,2023-01-17 19:33:44.020588-08:00,vdjserver,VDJServer (US),,,,pass-query2_repertoire.json,,,,,,,,,,,,,,,,,,,,,,
0,AIRR Data Commons API for VDJServer Community Data Portal,VDJServer ADC API response for repertoire query,1.3,VDJServer,http://vdjserver.org/,vdjserver@utsouthwestern.edu,/home/ubuntu/ireceptor-monitor/performance_scripts/queries/repertoires/pass-all.json,4.471956729888916,2023-01-18 07:33:42.102861,2023-01-17 23:33:42.102861-08:00,vdjserver,VDJServer (US),,,,pass-all.json,,,,,,,,,,,,,,,,,,,,,,
1,AIRR Data Commons API for VDJServer Community Data Portal,VDJServer ADC API response for repertoire query,1.3,VDJServer,http://vdjserver.org/,vdjserver@utsouthwestern.edu,/home/ubuntu/ireceptor-monitor/performance_scripts/queries/repertoires/pass-field-organism-id.json,1.8436203002929688,2023-01-18 07:33:44.105194,2023-01-17 23:33:44.105194-08:00,vdjserver,VDJServer (US),,,,pass-field-organism-id.json,,,,,,,,,,,,,,,,,,,,,,
2,AIRR Data Commons API for VDJServer Community Data Portal,VDJServer ADC API response for repertoire query,1.3,VDJServer,http://vdjserver.org/,vdjserver@utsouthwestern.edu,/home/ubuntu/ireceptor-monitor/performance_scripts/queries/repertoires/pass-field-pcr_target_locus.json,1.350217342376709,2023-01-18 07:33:45.541438,2023-01-17 23:33:45.541438-08:00,vdjserver,VDJServer (US),,,,pass-field-pcr_target_locus.json,,,,,,,,,,,,,,,,,,,,,,
3,AIRR Data Commons API for VDJServer Community Data Portal,VDJServer ADC API response for repertoire query,1.3,VDJServer,http://vdjserver.org/,vdjserver@utsouthwestern.edu,/home/ubuntu/ireceptor-monitor/performance_scripts/queries/repertoires/pass-field-age-range.json,3.5466623306274414,2023-01-18 07:33:49.521317,2023-01-17 23:33:49.521317-08:00,vdjserver,VDJServer (US),,,,pass-field-age-range.json,,,,,,,,,,,,,,,,,,,,,,
4,AIRR Data Commons API for VDJServer Community Data Portal,VDJServer ADC API response for repertoire query,1.3,VDJServer,http://vdjserver.org/,vdjserver@utsouthwestern.edu,/home/ubuntu/ireceptor-monitor/performance_scripts/queries/repertoires/pass-query2_repertoire.json,0.4240734577178955,2023-01-18 07:33:49.962468,2023-01-17 23:33:49.962468-08:00,vdjserver,VDJServer (US),,,,pass-query2_repertoire.json,,,,,,,,,,,,,,,,,,,,,,
0,AIRR Data Commons API for VDJServer Community Data Portal,VDJServer ADC API response for repertoire query,1.3,VDJServer,http://vdjserver.org/,vdjserver@utsouthwestern.edu,/home/ubuntu/ireceptor-monitor/performance_scripts/queries/repertoires/pass-all.json,5.009036064147949,2023-01-18 11:33:39.779208,2023-01-18 03:33:39.779208-08:00,vdjserver,VDJServer (US),,,,pass-all.json,,,,,,,,,,,,,,,,,,,,,,
1,AIRR Data Commons API for VDJServer Community Data Portal,VDJServer ADC API response for repertoire query,1.3,VDJServer,http://vdjserver.org/,vdjserver@utsouthwestern.edu,/home/ubuntu/ireceptor-monitor/performance_scripts/queries/repertoires/pass-field-organism-id.json,1.7384774684906006,2023-01-18 11:33:41.679229,2023-01-18 03:33:41.679229-08:00,vdjserver,VDJServer (US),,,,pass-field-organism-id.json,,,,,,,,,,,,,,,,,,,,,,
2,AIRR Data Commons API for VDJServer Community Data Portal,VDJServer ADC API response for repertoire query,1.3,VDJServer,http://vdjserver.org/,vdjserver@utsouthwestern.edu,/home/ubuntu/ireceptor-monitor/performance_scripts/queries/repertoires/pass-field-pcr_target_locus.json,2.8796672821044917,2023-01-18 11:33:44.642673,2023-01-18 03:33:44.642673-08:00,vdjserver,VDJServer (US),,,,pass-field-pcr_target_locus.json,,,,,,,,,,,,,,,,,,,,,,
3,AIRR Data Commons API for VDJServer Community Data Portal,VDJServer ADC API response for repertoire query,1.3,VDJServer,http://vdjserver.org/,vdjserver@utsouthwestern.edu,/home/ubuntu/ireceptor-monitor/performance_scripts/queries/repertoires/pass-field-age-range.json,3.658665180206299,2023-01-18 11:33:48.714099,2023-01-18 03:33:48.714099-08:00,vdjserver,VDJServer (US),,,,pass-field-age-range.json,,,,,,,,,,,,,,,,,,,,,,
4,AIRR Data Commons API for VDJServer Community Data Portal,VDJServer ADC API response for repertoire query,1.3,VDJServer,http://vdjserver.org/,vdjserver@utsouthwestern.edu,/home/ubuntu/ireceptor-monitor/performance_scripts/queries/repertoires/pass-query2_repertoire.json,0.4103555679321289,2023-01-18 11:33:49.143168,2023-01-18 03:33:49.143168-08:00,vdjserver,VDJServer (US),,,,pass-query2_repertoire.json,,,,,,,,,,,,,,,,,,,,,,
0,AIRR Data Commons API for VDJServer Community Data Portal,VDJServer ADC API response for repertoire query,1.3,VDJServer,http://vdjserver.org/,vdjserver@utsouthwestern.edu,/home/ubuntu/ireceptor-monitor/performance_scripts/queries/repertoires/pass-all.json,6.027750253677367,2023-01-18 15:33:36.754995,2023-01-18 07:33:36.754995-08:00,vdjserver,VDJServer (US),,,,pass-all.json,,,,,,,,,,,,,,,,,,,,,,
1,AIRR Data Commons API for VDJServer Community Data Portal,VDJServer ADC API response for repertoire query,1.3,VDJServer,http://vdjserver.org/,vdjserver@utsouthwestern.edu,/home/ubuntu/ireceptor-monitor/performance_scripts/queries/repertoires/pass-field-organism-id.json,1.7617576122283936,2023-01-18 15:33:38.672075,2023-01-18 07:33:38.672075-08:00,vdjserver,VDJServer (US),,,,pass-field-organism-id.json,,,,,,,,,,,,,,,,,,,,,,
2,AIRR Data Commons API for VDJServer Community Data Portal,VDJServer ADC API response for repertoire query,1.3,VDJServer,http://vdjserver.org/,vdjserver@utsouthwestern.edu,/home/ubuntu/ireceptor-monitor/performance_scripts/queries/repertoires/pass-field-pcr_target_locus.json,1.4845340251922607,2023-01-18 15:33:40.244502,2023-01-18 07:33:40.244502-08:00,vdjserver,VDJServer (US),,,,pass-field-pcr_target_locus.json,,,,,,,,,,,,,,,,,,,,,,
3,AIRR Data Commons API for VDJServer Community Data Portal,VDJServer ADC API response for repertoire query,1.3,VDJServer,http://vdjserver.org/,vdjserver@utsouthwestern.edu,/home/ubuntu/ireceptor-monitor/performance_scripts/queries/repertoires/pass-field-age-range.json,3.8798444271087646,2023-01-18 15:33:44.559254,2023-01-18 07:33:44.559254-08:00,vdjserver,VDJServer (US),,,,pass-field-age-range.json,,,,,,,,,,,,,,,,,,,,,,
4,AIRR Data Commons API for VDJServer Community Data Portal,VDJServer ADC API response for repertoire query,1.3,VDJServer,http://vdjserver.org/,vdjserver@utsouthwestern.edu,/home/ubuntu/ireceptor-monitor/performance_scripts/queries/repertoires/pass-query2_repertoire.json,0.462352991104126,2023-01-18 15:33:45.043523,2023-01-18 07:33:45.043523-08:00,vdjserver,VDJServer (US),,,,pass-query2_repertoire.json,,,,,,,,,,,,,,,,,,,,,,
0,AIRR Data Commons API for VDJServer Community Data Portal,VDJServer ADC API response for repertoire query,1.3,VDJServer,http://vdjserver.org/,vdjserver@utsouthwestern.edu,/home/ubuntu/ireceptor-monitor/performance_scripts/queries/repertoires/pass-all.json,4.910196542739868,2023-01-18 19:33:41.204851,2023-01-18 11:33:41.204851-08:00,vdjserver,VDJServer (US),,,,pass-all.json,,,,,,,,,,,,,,,,,,,,,,
1,AIRR Data Commons API for VDJServer Community Data Portal,VDJServer ADC API response for repertoire query,1.3,VDJServer,http://vdjserver.org/,vdjserver@utsouthwestern.edu,/home/ubuntu/ireceptor-monitor/performance_scripts/queries/repertoires/pass-field-organism-id.json,3.067060708999634,2023-01-18 19:33:44.418422,2023-01-18 11:33:44.418422-08:00,vdjserver,VDJServer (US),,,,pass-field-organism-id.json,,,,,,,,,,,,,,,,,,,,,,
2,AIRR Data Commons API for VDJServer Community Data Portal,VDJServer ADC API response for repertoire query,1.3,VDJServer,http://vdjserver.org/,vdjserver@utsouthwestern.edu,/home/ubuntu/ireceptor-monitor/performance_scripts/queries/repertoires/pass-field-pcr_target_locus.json,1.4239404201507568,2023-01-18 19:33:45.925508,2023-01-18 11:33:45.925508-08:00,vdjserver,VDJServer (US),,,,pass-field-pcr_target_locus.json,,,,,,,,,,,,,,,,,,,,,,
3,AIRR Data Commons API for VDJServer Community Data Portal,VDJServer ADC API response for repertoire query,1.3,VDJServer,http://vdjserver.org/,vdjserver@utsouthwestern.edu,/home/ubuntu/ireceptor-monitor/performance_scripts/queries/repertoires/pass-field-age-range.json,3.8062853813171382,2023-01-18 19:33:50.175677,2023-01-18 11:33:50.175677-08:00,vdjserver,VDJServer (US),,,,pass-field-age-range.json,,,,,,,,,,,,,,,,,,,,,,
4,AIRR Data Commons API for VDJServer Community Data Portal,VDJServer ADC API response for repertoire query,1.3,VDJServer,http://vdjserver.org/,vdjserver@utsouthwestern.edu,/home/ubuntu/ireceptor-monitor/performance_scripts/queries/repertoires/pass-query2_repertoire.json,0.4201934337615967,2023-01-18 19:33:50.613191,2023-01-18 11:33:50.613191-08:00,vdjserver,VDJServer (US),,,,pass-query2_repertoire.json,,,,,,,,,,,,,,,,,,,,,,
0,AIRR Data Commons API for VDJServer Community Data Portal,VDJServer ADC API response for repertoire query,1.3,VDJServer,http://vdjserver.org/,vdjserver@utsouthwestern.edu,/home/ubuntu/ireceptor-monitor/performance_scripts/queries/repertoires/pass-all.json,4.573092699050903,2023-01-18 23:33:36.475395,2023-01-18 15:33:36.475395-08:00,vdjserver,VDJServer (US),,,,pass-all.json,,,,,,,,,,,,,,,,,,,,,,
1,AIRR Data Commons API for VDJServer Community Data Portal,VDJServer ADC API response for repertoire query,1.3,VDJServer,http://vdjserver.org/,vdjserver@utsouthwestern.edu,/home/ubuntu/ireceptor-monitor/performance_scripts/queries/repertoires/pass-field-organism-id.json,1.7697336673736572,2023-01-18 23:33:38.401602,2023-01-18 15:33:38.401602-08:00,vdjserver,VDJServer (US),,,,pass-field-organism-id.json,,,,,,,,,,,,,,,,,,,,,,
2,AIRR Data Commons API for VDJServer Community Data Portal,VDJServer ADC API response for repertoire query,1.3,VDJServer,http://vdjserver.org/,vdjserver@utsouthwestern.edu,/home/ubuntu/ireceptor-monitor/performance_scripts/queries/repertoires/pass-field-pcr_target_locus.json,1.3807644844055176,2023-01-18 23:33:39.862160,2023-01-18 15:33:39.862160-08:00,vdjserver,VDJServer (US),,,,pass-field-pcr_target_locus.json,,,,,,,,,,,,,,,,,,,,,,
3,AIRR Data Commons API for VDJServer Community Data Portal,VDJServer ADC API response for repertoire query,1.3,VDJServer,http://vdjserver.org/,vdjserver@utsouthwestern.edu,/home/ubuntu/ireceptor-monitor/performance_scripts/queries/repertoires/pass-field-age-range.json,3.435841560363768,2023-01-18 23:33:43.697710,2023-01-18 15:33:43.697710-08:00,vdjserver,VDJServer (US),,,,pass-field-age-range.json,,,,,,,,,,,,,,,,,,,,,,
4,AIRR Data Commons API for VDJServer Community Data Portal,VDJServer ADC API response for repertoire query,1.3,VDJServer,http://vdjserver.org/,vdjserver@utsouthwestern.edu,/home/ubuntu/ireceptor-monitor/performance_scripts/queries/repertoires/pass-query2_repertoire.json,0.4296596050262451,2023-01-18 23:33:44.146243,2023-01-18 15:33:44.146243-08:00,vdjserver,VDJServer (US),,,,pass-query2_repertoire.json,,,,,,,,,,,,,,,,,,,,,,
0,AIRR Data Commons API for VDJServer Community Data Portal,VDJServer ADC API response for repertoire query,1.3,VDJServer,http://vdjserver.org/,vdjserver@utsouthwestern.edu,/home/ubuntu/ireceptor-monitor/performance_scripts/queries/repertoires/pass-all.json,4.525004148483276,2023-01-19 03:33:36.483490,2023-01-18 19:33:36.483490-08:00,vdjserver,VDJServer (US),,,,pass-all.json,,,,,,,,,,,,,,,,,,,,,,
1,AIRR Data Commons API for VDJServer Community Data Portal,VDJServer ADC API response for repertoire query,1.3,VDJServer,http://vdjserver.org/,vdjserver@utsouthwestern.edu,/home/ubuntu/ireceptor-monitor/performance_scripts/queries/repertoires/pass-field-organism-id.json,1.7650742530822754,2023-01-19 03:33:38.397575,2023-01-18 19:33:38.397575-08:00,vdjserver,VDJServer (US),,,,pass-field-organism-id.json,,,,,,,,,,,,,,,,,,,,,,
2,AIRR Data Commons API for VDJServer Community Data Portal,VDJServer ADC API response for repertoire query,1.3,VDJServer,http://vdjserver.org/,vdjserver@utsouthwestern.edu,/home/ubuntu/ireceptor-monitor/performance_scripts/queries/repertoires/pass-field-pcr_target_locus.json,1.323155641555786,2023-01-19 03:33:39.803531,2023-01-18 19:33:39.803531-08:00,vdjserver,VDJServer (US),,,,pass-field-pcr_target_locus.json,,,,,,,,,,,,,,,,,,,,,,
3,AIRR Data Commons API for VDJServer Community Data Portal,VDJServer ADC API response for repertoire query,1.3,VDJServer,http://vdjserver.org/,vdjserver@utsouthwestern.edu,/home/ubuntu/ireceptor-monitor/performance_scripts/queries/repertoires/pass-field-age-range.json,3.4854722023010254,2023-01-19 03:33:43.689133,2023-01-18 19:33:43.689133-08:00,vdjserver,VDJServer (US),,,,pass-field-age-range.json,,,,,,,,,,,,,,,,,,,,,,
4,AIRR Data Commons API for VDJServer Community Data Portal,VDJServer ADC API response for repertoire query,1.3,VDJServer,http://vdjserver.org/,vdjserver@utsouthwestern.edu,/home/ubuntu/ireceptor-monitor/performance_scripts/queries/repertoires/pass-query2_repertoire.json,0.424252986907959,2023-01-19 03:33:44.132746,2023-01-18 19:33:44.132746-08:00,vdjserver,VDJServer (US),,,,pass-query2_repertoire.json,,,,,,,,,,,,,,,,,,,,,,
0,AIRR Data Commons API for VDJServer Community Data Portal,VDJServer ADC API response for repertoire query,1.3,VDJServer,http://vdjserver.org/,vdjserver@utsouthwestern.edu,/home/ubuntu/ireceptor-monitor/performance_scripts/queries/repertoires/pass-all.json,6.792149066925049,2023-01-19 07:33:40.767966,2023-01-18 23:33:40.767966-08:00,vdjserver,VDJServer (US),,,,pass-all.json,,,,,,,,,,,,,,,,,,,,,,
1,AIRR Data Commons API for VDJServer Community Data Portal,VDJServer ADC API response for repertoire query,1.3,VDJServer,http://vdjserver.org/,vdjserver@utsouthwestern.edu,/home/ubuntu/ireceptor-monitor/performance_scripts/queries/repertoires/pass-field-organism-id.json,1.828277587890625,2023-01-19 07:33:42.747606,2023-01-18 23:33:42.747606-08:00,vdjserver,VDJServer (US),,,,pass-field-organism-id.json,,,,,,,,,,,,,,,,,,,,,,
2,AIRR Data Commons API for VDJServer Community Data Portal,VDJServer ADC API response for repertoire query,1.3,VDJServer,http://vdjserver.org/,vdjserver@utsouthwestern.edu,/home/ubuntu/ireceptor-monitor/performance_scripts/queries/repertoires/pass-field-pcr_target_locus.json,1.345665454864502,2023-01-19 07:33:44.180641,2023-01-18 23:33:44.180641-08:00,vdjserver,VDJServer (US),,,,pass-field-pcr_target_locus.json,,,,,,,,,,,,,,,,,,,,,,
3,AIRR Data Commons API for VDJServer Community Data Portal,VDJServer ADC API response for repertoire query,1.3,VDJServer,http://vdjserver.org/,vdjserver@utsouthwestern.edu,/home/ubuntu/ireceptor-monitor/performance_scripts/queries/repertoires/pass-field-age-range.json,3.456251382827759,2023-01-19 07:33:48.062192,2023-01-18 23:33:48.062192-08:00,vdjserver,VDJServer (US),,,,pass-field-age-range.json,,,,,,,,,,,,,,,,,,,,,,
4,AIRR Data Commons API for VDJServer Community Data Portal,VDJServer ADC API response for repertoire query,1.3,VDJServer,http://vdjserver.org/,vdjserver@utsouthwestern.edu,/home/ubuntu/ireceptor-monitor/performance_scripts/queries/repertoires/pass-query2_repertoire.json,0.4708845615386963,2023-01-19 07:33:48.549915,2023-01-18 23:33:48.549915-08:00,vdjserver,VDJServer (US),,,,pass-query2_repertoire.json,,,,,,,,,,,,,,,,,,,,,,
0,AIRR Data Commons API for VDJServer Community Data Portal,VDJServer ADC API response for repertoire query,1.3,VDJServer,http://vdjserver.org/,vdjserver@utsouthwestern.edu,/home/ubuntu/ireceptor-monitor/performance_scripts/queries/repertoires/pass-all.json,4.593256711959839,2023-01-19 11:33:36.968505,2023-01-19 03:33:36.968505-08:00,vdjserver,VDJServer (US),,,,pass-all.json,,,,,,,,,,,,,,,,,,,,,,
1,AIRR Data Commons API for VDJServer Community Data Portal,VDJServer ADC API response for repertoire query,1.3,VDJServer,http://vdjserver.org/,vdjserver@utsouthwestern.edu,/home/ubuntu/ireceptor-monitor/performance_scripts/queries/repertoires/pass-field-organism-id.json,1.9249413013458248,2023-01-19 11:33:39.042212,2023-01-19 03:33:39.042212-08:00,vdjserver,VDJServer (US),,,,pass-field-organism-id.json,,,,,,,,,,,,,,,,,,,,,,
2,AIRR Data Commons API for VDJServer Community Data Portal,VDJServer ADC API response for repertoire query,1.3,VDJServer,http://vdjserver.org/,vdjserver@utsouthwestern.edu,/home/ubuntu/ireceptor-monitor/performance_scripts/queries/repertoires/pass-field-pcr_target_locus.json,1.5438225269317627,2023-01-19 11:33:40.665046,2023-01-19 03:33:40.665046-08:00,vdjserver,VDJServer (US),,,,pass-field-pcr_target_locus.json,,,,,,,,,,,,,,,,,,,,,,
3,AIRR Data Commons API for VDJServer Community Data Portal,VDJServer ADC API response for repertoire query,1.3,VDJServer,http://vdjserver.org/,vdjserver@utsouthwestern.edu,/home/ubuntu/ireceptor-monitor/performance_scripts/queries/repertoires/pass-field-age-range.json,3.835824728012085,2023-01-19 11:33:44.902566,2023-01-19 03:33:44.902566-08:00,vdjserver,VDJServer (US),,,,pass-field-age-range.json,,,,,,,,,,,,,,,,,,,,,,
4,AIRR Data Commons API for VDJServer Community Data Portal,VDJServer ADC API response for repertoire query,1.3,VDJServer,http://vdjserver.org/,vdjserver@utsouthwestern.edu,/home/ubuntu/ireceptor-monitor/performance_scripts/queries/repertoires/pass-query2_repertoire.json,0.4886174201965332,2023-01-19 11:33:45.411539,2023-01-19 03:33:45.411539-08:00,vdjserver,VDJServer (US),,,,pass-query2_repertoire.json,,,,,,,,,,,,,,,,,,,,,,
0,AIRR Data Commons API for VDJServer Community Data Portal,VDJServer ADC API response for repertoire query,1.3,VDJServer,http://vdjserver.org/,vdjserver@utsouthwestern.edu,/home/ubuntu/ireceptor-monitor/performance_scripts/queries/repertoires/pass-all.json,5.511399745941162,2023-01-19 15:33:36.495616,2023-01-19 07:33:36.495616-08:00,vdjserver,VDJServer (US),,,,pass-all.json,,,,,,,,,,,,,,,,,,,,,,
1,AIRR Data Commons API for VDJServer Community Data Portal,VDJServer ADC API response for repertoire query,1.3,VDJServer,http://vdjserver.org/,vdjserver@utsouthwestern.edu,/home/ubuntu/ireceptor-monitor/performance_scripts/queries/repertoires/pass-field-organism-id.json,1.9057626724243164,2023-01-19 15:33:38.557530,2023-01-19 07:33:38.557530-08:00,vdjserver,VDJServer (US),,,,pass-field-organism-id.json,,,,,,,,,,,,,,,,,,,,,,
2,AIRR Data Commons API for VDJServer Community Data Portal,VDJServer ADC API response for repertoire query,1.3,VDJServer,http://vdjserver.org/,vdjserver@utsouthwestern.edu,/home/ubuntu/ireceptor-monitor/performance_scripts/queries/repertoires/pass-field-pcr_target_locus.json,2.0309345722198486,2023-01-19 15:33:40.675785,2023-01-19 07:33:40.675785-08:00,vdjserver,VDJServer (US),,,,pass-field-pcr_target_locus.json,,,,,,,,,,,,,,,,,,,,,,
3,AIRR Data Commons API for VDJServer Community Data Portal,VDJServer ADC API response for repertoire query,1.3,VDJServer,http://vdjserver.org/,vdjserver@utsouthwestern.edu,/home/ubuntu/ireceptor-monitor/performance_scripts/queries/repertoires/pass-field-age-range.json,6.376248359680176,2023-01-19 15:33:47.479822,2023-01-19 07:33:47.479822-08:00,vdjserver,VDJServer (US),,,,pass-field-age-range.json,,,,,,,,,,,,,,,,,,,,,,
4,AIRR Data Commons API for VDJServer Community Data Portal,VDJServer ADC API response for repertoire query,1.3,VDJServer,http://vdjserver.org/,vdjserver@utsouthwestern.edu,/home/ubuntu/ireceptor-monitor/performance_scripts/queries/repertoires/pass-query2_repertoire.json,0.5310029983520508,2023-01-19 15:33:48.026590,2023-01-19 07:33:48.026590-08:00,vdjserver,VDJServer (US),,,,pass-query2_repertoire.json,,,,,,,,,,,,,,,,,,,,,,
0,AIRR Data Commons API for VDJServer Community Data Portal,VDJServer ADC API response for repertoire query,1.3,VDJServer,http://vdjserver.org/,vdjserver@utsouthwestern.edu,/home/ubuntu/ireceptor-monitor/performance_scripts/queries/repertoires/pass-all.json,9.24115800857544,2023-01-19 19:33:40.291339,2023-01-19 11:33:40.291339-08:00,vdjserver,VDJServer (US),,,,pass-all.json,,,,,,,,,,,,,,,,,,,,,,
1,AIRR Data Commons API for VDJServer Community Data Portal,VDJServer ADC API response for repertoire query,1.3,VDJServer,http://vdjserver.org/,vdjserver@utsouthwestern.edu,/home/ubuntu/ireceptor-monitor/performance_scripts/queries/repertoires/pass-field-organism-id.json,4.0709455013275155,2023-01-19 19:33:44.517416,2023-01-19 11:33:44.517416-08:00,vdjserver,VDJServer (US),,,,pass-field-organism-id.json,,,,,,,,,,,,,,,,,,,,,,
2,AIRR Data Commons API for VDJServer Community Data Portal,VDJServer ADC API response for repertoire query,1.3,VDJServer,http://vdjserver.org/,vdjserver@utsouthwestern.edu,/home/ubuntu/ireceptor-monitor/performance_scripts/queries/repertoires/pass-field-pcr_target_locus.json,1.8794205188751216,2023-01-19 19:33:46.481429,2023-01-19 11:33:46.481429-08:00,vdjserver,VDJServer (US),,,,pass-field-pcr_target_locus.json,,,,,,,,,,,,,,,,,,,,,,
3,AIRR Data Commons API for VDJServer Community Data Portal,VDJServer ADC API response for repertoire query,1.3,VDJServer,http://vdjserver.org/,vdjserver@utsouthwestern.edu,/home/ubuntu/ireceptor-monitor/performance_scripts/queries/repertoires/pass-field-age-range.json,4.8667356967926025,2023-01-19 19:33:51.802226,2023-01-19 11:33:51.802226-08:00,vdjserver,VDJServer (US),,,,pass-field-age-range.json,,,,,,,,,,,,,,,,,,,,,,
4,AIRR Data Commons API for VDJServer Community Data Portal,VDJServer ADC API response for repertoire query,1.3,VDJServer,http://vdjserver.org/,vdjserver@utsouthwestern.edu,/home/ubuntu/ireceptor-monitor/performance_scripts/queries/repertoires/pass-query2_repertoire.json,0.5072991847991943,2023-01-19 19:33:52.330284,2023-01-19 11:33:52.330284-08:00,vdjserver,VDJServer (US),,,,pass-query2_repertoire.json,,,,,,,,,,,,,,,,,,,,,,
0,AIRR Data Commons API for VDJServer Community Data Portal,VDJServer ADC API response for repertoire query,1.3,VDJServer,http://vdjserver.org/,vdjserver@utsouthwestern.edu,/home/ubuntu/ireceptor-monitor/performance_scripts/queries/repertoires/pass-all.json,4.992610454559326,2023-01-19 23:33:36.361858,2023-01-19 15:33:36.361858-08:00,vdjserver,VDJServer (US),,,,pass-all.json,,,,,,,,,,,,,,,,,,,,,,
1,AIRR Data Commons API for VDJServer Community Data Portal,VDJServer ADC API response for repertoire query,1.3,VDJServer,http://vdjserver.org/,vdjserver@utsouthwestern.edu,/home/ubuntu/ireceptor-monitor/performance_scripts/queries/repertoires/pass-field-organism-id.json,1.770002365112305,2023-01-19 23:33:38.288880,2023-01-19 15:33:38.288880-08:00,vdjserver,VDJServer (US),,,,pass-field-organism-id.json,,,,,,,,,,,,,,,,,,,,,,
2,AIRR Data Commons API for VDJServer Community Data Portal,VDJServer ADC API response for repertoire query,1.3,VDJServer,http://vdjserver.org/,vdjserver@utsouthwestern.edu,/home/ubuntu/ireceptor-monitor/performance_scripts/queries/repertoires/pass-field-pcr_target_locus.json,1.4429357051849363,2023-01-19 23:33:39.817509,2023-01-19 15:33:39.817509-08:00,vdjserver,VDJServer (US),,,,pass-field-pcr_target_locus.json,,,,,,,,,,,,,,,,,,,,,,
3,AIRR Data Commons API for VDJServer Community Data Portal,VDJServer ADC API response for repertoire query,1.3,VDJServer,http://vdjserver.org/,vdjserver@utsouthwestern.edu,/home/ubuntu/ireceptor-monitor/performance_scripts/queries/repertoires/pass-field-age-range.json,6.0696446895599365,2023-01-19 23:33:46.335729,2023-01-19 15:33:46.335729-08:00,vdjserver,VDJServer (US),,,,pass-field-age-range.json,,,,,,,,,,,,,,,,,,,,,,
4,AIRR Data Commons API for VDJServer Community Data Portal,VDJServer ADC API response for repertoire query,1.3,VDJServer,http://vdjserver.org/,vdjserver@utsouthwestern.edu,/home/ubuntu/ireceptor-monitor/performance_scripts/queries/repertoires/pass-query2_repertoire.json,0.5449221134185791,2023-01-19 23:33:46.897235,2023-01-19 15:33:46.897235-08:00,vdjserver,VDJServer (US),,,,pass-query2_repertoire.json,,,,,,,,,,,,,,,,,,,,,,
0,AIRR Data Commons API for VDJServer Community Data Portal,VDJServer ADC API response for repertoire query,1.3,VDJServer,http://vdjserver.org/,vdjserver@utsouthwestern.edu,/home/ubuntu/ireceptor-monitor/performance_scripts/queries/repertoires/pass-all.json,7.367988109588622,2023-01-20 03:33:37.742796,2023-01-19 19:33:37.742796-08:00,vdjserver,VDJServer (US),,,,pass-all.json,,,,,,,,,,,,,,,,,,,,,,
1,AIRR Data Commons API for VDJServer Community Data Portal,VDJServer ADC API response for repertoire query,1.3,VDJServer,http://vdjserver.org/,vdjserver@utsouthwestern.edu,/home/ubuntu/ireceptor-monitor/performance_scripts/queries/repertoires/pass-field-organism-id.json,1.8902053833007808,2023-01-20 03:33:39.789295,2023-01-19 19:33:39.789295-08:00,vdjserver,VDJServer (US),,,,pass-field-organism-id.json,,,,,,,,,,,,,,,,,,,,,,
2,AIRR Data Commons API for VDJServer Community Data Portal,VDJServer ADC API response for repertoire query,1.3,VDJServer,http://vdjserver.org/,vdjserver@utsouthwestern.edu,/home/ubuntu/ireceptor-monitor/performance_scripts/queries/repertoires/pass-field-pcr_target_locus.json,1.523026704788208,2023-01-20 03:33:41.396618,2023-01-19 19:33:41.396618-08:00,vdjserver,VDJServer (US),,,,pass-field-pcr_target_locus.json,,,,,,,,,,,,,,,,,,,,,,
3,AIRR Data Commons API for VDJServer Community Data Portal,VDJServer ADC API response for repertoire query,1.3,VDJServer,http://vdjserver.org/,vdjserver@utsouthwestern.edu,/home/ubuntu/ireceptor-monitor/performance_scripts/queries/repertoires/pass-field-age-range.json,6.723712682723999,2023-01-20 03:33:48.561995,2023-01-19 19:33:48.561995-08:00,vdjserver,VDJServer (US),,,,pass-field-age-range.json,,,,,,,,,,,,,,,,,,,,,,
4,AIRR Data Commons API for VDJServer Community Data Portal,VDJServer ADC API response for repertoire query,1.3,VDJServer,http://vdjserver.org/,vdjserver@utsouthwestern.edu,/home/ubuntu/ireceptor-monitor/performance_scripts/queries/repertoires/pass-query2_repertoire.json,0.4655935764312744,2023-01-20 03:33:49.045170,2023-01-19 19:33:49.045170-08:00,vdjserver,VDJServer (US),,,,pass-query2_repertoire.json,,,,,,,,,,,,,,,,,,,,,,
0,AIRR Data Commons API for VDJServer Community Data Portal,VDJServer ADC API response for repertoire query,1.3,VDJServer,http://vdjserver.org/,vdjserver@utsouthwestern.edu,/home/ubuntu/ireceptor-monitor/performance_scripts/queries/repertoires/pass-all.json,4.793234586715698,2023-01-20 07:33:35.795787,2023-01-19 23:33:35.795787-08:00,vdjserver,VDJServer (US),,,,pass-all.json,,,,,,,,,,,,,,,,,,,,,,
1,AIRR Data Commons API for VDJServer Community Data Portal,VDJServer ADC API response for repertoire query,1.3,VDJServer,http://vdjserver.org/,vdjserver@utsouthwestern.edu,/home/ubuntu/ireceptor-monitor/performance_scripts/queries/repertoires/pass-field-organism-id.json,3.683594703674317,2023-01-20 07:33:39.635179,2023-01-19 23:33:39.635179-08:00,vdjserver,VDJServer (US),,,,pass-field-organism-id.json,,,,,,,,,,,,,,,,,,,,,,
2,AIRR Data Commons API for VDJServer Community Data Portal,VDJServer ADC API response for repertoire query,1.3,VDJServer,http://vdjserver.org/,vdjserver@utsouthwestern.edu,/home/ubuntu/ireceptor-monitor/performance_scripts/queries/repertoires/pass-field-pcr_target_locus.json,1.4235391616821291,2023-01-20 07:33:41.144481,2023-01-19 23:33:41.144481-08:00,vdjserver,VDJServer (US),,,,pass-field-pcr_target_locus.json,,,,,,,,,,,,,,,,,,,,,,
3,AIRR Data Commons API for VDJServer Community Data Portal,VDJServer ADC API response for repertoire query,1.3,VDJServer,http://vdjserver.org/,vdjserver@utsouthwestern.edu,/home/ubuntu/ireceptor-monitor/performance_scripts/queries/repertoires/pass-field-age-range.json,4.163187503814696,2023-01-20 07:33:45.773401,2023-01-19 23:33:45.773401-08:00,vdjserver,VDJServer (US),,,,pass-field-age-range.json,,,,,,,,,,,,,,,,,,,,,,
4,AIRR Data Commons API for VDJServer Community Data Portal,VDJServer ADC API response for repertoire query,1.3,VDJServer,http://vdjserver.org/,vdjserver@utsouthwestern.edu,/home/ubuntu/ireceptor-monitor/performance_scripts/queries/repertoires/pass-query2_repertoire.json,0.435387134552002,2023-01-20 07:33:46.229300,2023-01-19 23:33:46.229300-08:00,vdjserver,VDJServer (US),,,,pass-query2_repertoire.json,,,,,,,,,,,,,,,,,,,,,,
0,AIRR Data Commons API for VDJServer Community Data Portal,VDJServer ADC API response for repertoire query,1.3,VDJServer,http://vdjserver.org/,vdjserver@utsouthwestern.edu,/home/ubuntu/ireceptor-monitor/performance_scripts/queries/repertoires/pass-all.json,7.0591583251953125,2023-01-20 11:33:37.716004,2023-01-20 03:33:37.716004-08:00,vdjserver,VDJServer (US),,,,pass-all.json,,,,,,,,,,,,,,,,,,,,,,
1,AIRR Data Commons API for VDJServer Community Data Portal,VDJServer ADC API response for repertoire query,1.3,VDJServer,http://vdjserver.org/,vdjserver@utsouthwestern.edu,/home/ubuntu/ireceptor-monitor/performance_scripts/queries/repertoires/pass-field-organism-id.json,2.1273753643035893,2023-01-20 11:33:40.001388,2023-01-20 03:33:40.001388-08:00,vdjserver,VDJServer (US),,,,pass-field-organism-id.json,,,,,,,,,,,,,,,,,,,,,,
2,AIRR Data Commons API for VDJServer Community Data Portal,VDJServer ADC API response for repertoire query,1.3,VDJServer,http://vdjserver.org/,vdjserver@utsouthwestern.edu,/home/ubuntu/ireceptor-monitor/performance_scripts/queries/repertoires/pass-field-pcr_target_locus.json,2.670155763626098,2023-01-20 11:33:42.758270,2023-01-20 03:33:42.758270-08:00,vdjserver,VDJServer (US),,,,pass-field-pcr_target_locus.json,,,,,,,,,,,,,,,,,,,,,,
3,AIRR Data Commons API for VDJServer Community Data Portal,VDJServer ADC API response for repertoire query,1.3,VDJServer,http://vdjserver.org/,vdjserver@utsouthwestern.edu,/home/ubuntu/ireceptor-monitor/performance_scripts/queries/repertoires/pass-field-age-range.json,3.8271231651306152,2023-01-20 11:33:47.034381,2023-01-20 03:33:47.034381-08:00,vdjserver,VDJServer (US),,,,pass-field-age-range.json,,,,,,,,,,,,,,,,,,,,,,
4,AIRR Data Commons API for VDJServer Community Data Portal,VDJServer ADC API response for repertoire query,1.3,VDJServer,http://vdjserver.org/,vdjserver@utsouthwestern.edu,/home/ubuntu/ireceptor-monitor/performance_scripts/queries/repertoires/pass-query2_repertoire.json,0.41829943656921387,2023-01-20 11:33:47.474519,2023-01-20 03:33:47.474519-08:00,vdjserver,VDJServer (US),,,,pass-query2_repertoire.json,,,,,,,,,,,,,,,,,,,,,,
0,AIRR Data Commons API for VDJServer Community Data Portal,VDJServer ADC API response for repertoire query,1.3,VDJServer,http://vdjserver.org/,vdjserver@utsouthwestern.edu,/home/ubuntu/ireceptor-monitor/performance_scripts/queries/repertoires/pass-all.json,5.297387838363648,2023-01-20 15:33:36.115785,2023-01-20 07:33:36.115785-08:00,vdjserver,VDJServer (US),,,,pass-all.json,,,,,,,,,,,,,,,,,,,,,,
1,AIRR Data Commons API for VDJServer Community Data Portal,VDJServer ADC API response for repertoire query,1.3,VDJServer,http://vdjserver.org/,vdjserver@utsouthwestern.edu,/home/ubuntu/ireceptor-monitor/performance_scripts/queries/repertoires/pass-field-organism-id.json,3.203984022140503,2023-01-20 15:33:39.473515,2023-01-20 07:33:39.473515-08:00,vdjserver,VDJServer (US),,,,pass-field-organism-id.json,,,,,,,,,,,,,,,,,,,,,,
2,AIRR Data Commons API for VDJServer Community Data Portal,VDJServer ADC API response for repertoire query,1.3,VDJServer,http://vdjserver.org/,vdjserver@utsouthwestern.edu,/home/ubuntu/ireceptor-monitor/performance_scripts/queries/repertoires/pass-field-pcr_target_locus.json,1.5356318950653076,2023-01-20 15:33:41.096103,2023-01-20 07:33:41.096103-08:00,vdjserver,VDJServer (US),,,,pass-field-pcr_target_locus.json,,,,,,,,,,,,,,,,,,,,,,
3,AIRR Data Commons API for VDJServer Community Data Portal,VDJServer ADC API response for repertoire query,1.3,VDJServer,http://vdjserver.org/,vdjserver@utsouthwestern.edu,/home/ubuntu/ireceptor-monitor/performance_scripts/queries/repertoires/pass-field-age-range.json,3.69387412071228,2023-01-20 15:33:45.236560,2023-01-20 07:33:45.236560-08:00,vdjserver,VDJServer (US),,,,pass-field-age-range.json,,,,,,,,,,,,,,,,,,,,,,
4,AIRR Data Commons API for VDJServer Community Data Portal,VDJServer ADC API response for repertoire query,1.3,VDJServer,http://vdjserver.org/,vdjserver@utsouthwestern.edu,/home/ubuntu/ireceptor-monitor/performance_scripts/queries/repertoires/pass-query2_repertoire.json,0.4822299480438232,2023-01-20 15:33:45.739727,2023-01-20 07:33:45.739727-08:00,vdjserver,VDJServer (US),,,,pass-query2_repertoire.json,,,,,,,,,,,,,,,,,,,,,,
0,AIRR Data Commons API for VDJServer Community Data Portal,VDJServer ADC API response for repertoire query,1.3,VDJServer,http://vdjserver.org/,vdjserver@utsouthwestern.edu,/home/ubuntu/ireceptor-monitor/performance_scripts/queries/repertoires/pass-all.json,4.573317050933838,2023-01-20 19:33:36.490589,2023-01-20 11:33:36.490589-08:00,vdjserver,VDJServer (US),,,,pass-all.json,,,,,,,,,,,,,,,,,,,,,,
1,AIRR Data Commons API for VDJServer Community Data Portal,VDJServer ADC API response for repertoire query,1.3,VDJServer,http://vdjserver.org/,vdjserver@utsouthwestern.edu,/home/ubuntu/ireceptor-monitor/performance_scripts/queries/repertoires/pass-field-organism-id.json,1.7668561935424805,2023-01-20 19:33:38.418137,2023-01-20 11:33:38.418137-08:00,vdjserver,VDJServer (US),,,,pass-field-organism-id.json,,,,,,,,,,,,,,,,,,,,,,
2,AIRR Data Commons API for VDJServer Community Data Portal,VDJServer ADC API response for repertoire query,1.3,VDJServer,http://vdjserver.org/,vdjserver@utsouthwestern.edu,/home/ubuntu/ireceptor-monitor/performance_scripts/queries/repertoires/pass-field-pcr_target_locus.json,2.956120491027832,2023-01-20 19:33:41.460353,2023-01-20 11:33:41.460353-08:00,vdjserver,VDJServer (US),,,,pass-field-pcr_target_locus.json,,,,,,,,,,,,,,,,,,,,,,
3,AIRR Data Commons API for VDJServer Community Data Portal,VDJServer ADC API response for repertoire query,1.3,VDJServer,http://vdjserver.org/,vdjserver@utsouthwestern.edu,/home/ubuntu/ireceptor-monitor/performance_scripts/queries/repertoires/pass-field-age-range.json,3.5233609676361084,2023-01-20 19:33:45.426693,2023-01-20 11:33:45.426693-08:00,vdjserver,VDJServer (US),,,,pass-field-age-range.json,,,,,,,,,,,,,,,,,,,,,,
4,AIRR Data Commons API for VDJServer Community Data Portal,VDJServer ADC API response for repertoire query,1.3,VDJServer,http://vdjserver.org/,vdjserver@utsouthwestern.edu,/home/ubuntu/ireceptor-monitor/performance_scripts/queries/repertoires/pass-query2_repertoire.json,0.4268839359283447,2023-01-20 19:33:45.871830,2023-01-20 11:33:45.871830-08:00,vdjserver,VDJServer (US),,,,pass-query2_repertoire.json,,,,,,,,,,,,,,,,,,,,,,
0,AIRR Data Commons API for VDJServer Community Data Portal,VDJServer ADC API response for repertoire query,1.3,VDJServer,http://vdjserver.org/,vdjserver@utsouthwestern.edu,/home/ubuntu/ireceptor-monitor/performance_scripts/queries/repertoires/pass-all.json,4.49747109413147,2023-01-20 23:33:35.373046,2023-01-20 15:33:35.373046-08:00,vdjserver,VDJServer (US),,,,pass-all.json,,,,,,,,,,,,,,,,,,,,,,
1,AIRR Data Commons API for VDJServer Community Data Portal,VDJServer ADC API response for repertoire query,1.3,VDJServer,http://vdjserver.org/,vdjserver@utsouthwestern.edu,/home/ubuntu/ireceptor-monitor/performance_scripts/queries/repertoires/pass-field-organism-id.json,1.8208398818969729,2023-01-20 23:33:37.346252,2023-01-20 15:33:37.346252-08:00,vdjserver,VDJServer (US),,,,pass-field-organism-id.json,,,,,,,,,,,,,,,,,,,,,,
2,AIRR Data Commons API for VDJServer Community Data Portal,VDJServer ADC API response for repertoire query,1.3,VDJServer,http://vdjserver.org/,vdjserver@utsouthwestern.edu,/home/ubuntu/ireceptor-monitor/performance_scripts/queries/repertoires/pass-field-pcr_target_locus.json,1.33408522605896,2023-01-20 23:33:38.765629,2023-01-20 15:33:38.765629-08:00,vdjserver,VDJServer (US),,,,pass-field-pcr_target_locus.json,,,,,,,,,,,,,,,,,,,,,,
3,AIRR Data Commons API for VDJServer Community Data Portal,VDJServer ADC API response for repertoire query,1.3,VDJServer,http://vdjserver.org/,vdjserver@utsouthwestern.edu,/home/ubuntu/ireceptor-monitor/performance_scripts/queries/repertoires/pass-field-age-range.json,4.158179998397826,2023-01-20 23:33:43.361618,2023-01-20 15:33:43.361618-08:00,vdjserver,VDJServer (US),,,,pass-field-age-range.json,,,,,,,,,,,,,,,,,,,,,,
4,AIRR Data Commons API for VDJServer Community Data Portal,VDJServer ADC API response for repertoire query,1.3,VDJServer,http://vdjserver.org/,vdjserver@utsouthwestern.edu,/home/ubuntu/ireceptor-monitor/performance_scripts/queries/repertoires/pass-query2_repertoire.json,0.5349252223968506,2023-01-20 23:33:43.916459,2023-01-20 15:33:43.916459-08:00,vdjserver,VDJServer (US),,,,pass-query2_repertoire.json,,,,,,,,,,,,,,,,,,,,,,
0,AIRR Data Commons API for VDJServer Community Data Portal,VDJServer ADC API response for repertoire query,1.3,VDJServer,http://vdjserver.org/,vdjserver@utsouthwestern.edu,/home/ubuntu/ireceptor-monitor/performance_scripts/queries/repertoires/pass-all.json,4.436713933944702,2023-01-21 03:33:35.611734,2023-01-20 19:33:35.611734-08:00,vdjserver,VDJServer (US),,,,pass-all.json,,,,,,,,,,,,,,,,,,,,,,
1,AIRR Data Commons API for VDJServer Community Data Portal,VDJServer ADC API response for repertoire query,1.3,VDJServer,http://vdjserver.org/,vdjserver@utsouthwestern.edu,/home/ubuntu/ireceptor-monitor/performance_scripts/queries/repertoires/pass-field-organism-id.json,1.7903077602386477,2023-01-21 03:33:37.555910,2023-01-20 19:33:37.555910-08:00,vdjserver,VDJServer (US),,,,pass-field-organism-id.json,,,,,,,,,,,,,,,,,,,,,,
2,AIRR Data Commons API for VDJServer Community Data Portal,VDJServer ADC API response for repertoire query,1.3,VDJServer,http://vdjserver.org/,vdjserver@utsouthwestern.edu,/home/ubuntu/ireceptor-monitor/performance_scripts/queries/repertoires/pass-field-pcr_target_locus.json,1.3684191703796391,2023-01-21 03:33:39.011245,2023-01-20 19:33:39.011245-08:00,vdjserver,VDJServer (US),,,,pass-field-pcr_target_locus.json,,,,,,,,,,,,,,,,,,,,,,
3,AIRR Data Commons API for VDJServer Community Data Portal,VDJServer ADC API response for repertoire query,1.3,VDJServer,http://vdjserver.org/,vdjserver@utsouthwestern.edu,/home/ubuntu/ireceptor-monitor/performance_scripts/queries/repertoires/pass-field-age-range.json,3.909756422042847,2023-01-21 03:33:43.364645,2023-01-20 19:33:43.364645-08:00,vdjserver,VDJServer (US),,,,pass-field-age-range.json,,,,,,,,,,,,,,,,,,,,,,
4,AIRR Data Commons API for VDJServer Community Data Portal,VDJServer ADC API response for repertoire query,1.3,VDJServer,http://vdjserver.org/,vdjserver@utsouthwestern.edu,/home/ubuntu/ireceptor-monitor/performance_scripts/queries/repertoires/pass-query2_repertoire.json,0.4464728832244873,2023-01-21 03:33:43.828217,2023-01-20 19:33:43.828217-08:00,vdjserver,VDJServer (US),,,,pass-query2_repertoire.json,,,,,,,,,,,,,,,,,,,,,,
0,AIRR Data Commons API for VDJServer Community Data Portal,VDJServer ADC API response for repertoire query,1.3,VDJServer,http://vdjserver.org/,vdjserver@utsouthwestern.edu,/home/ubuntu/ireceptor-monitor/performance_scripts/queries/repertoires/pass-all.json,8.077368021011353,2023-01-21 07:33:44.789462,2023-01-20 23:33:44.789462-08:00,vdjserver,VDJServer (US),,,,pass-all.json,,,,,,,,,,,,,,,,,,,,,,
1,AIRR Data Commons API for VDJServer Community Data Portal,VDJServer ADC API response for repertoire query,1.3,VDJServer,http://vdjserver.org/,vdjserver@utsouthwestern.edu,/home/ubuntu/ireceptor-monitor/performance_scripts/queries/repertoires/pass-field-organism-id.json,2.0147409439086914,2023-01-21 07:33:46.958471,2023-01-20 23:33:46.958471-08:00,vdjserver,VDJServer (US),,,,pass-field-organism-id.json,,,,,,,,,,,,,,,,,,,,,,
2,AIRR Data Commons API for VDJServer Community Data Portal,VDJServer ADC API response for repertoire query,1.3,VDJServer,http://vdjserver.org/,vdjserver@utsouthwestern.edu,/home/ubuntu/ireceptor-monitor/performance_scripts/queries/repertoires/pass-field-pcr_target_locus.json,1.3608520030975342,2023-01-21 07:33:48.405580,2023-01-20 23:33:48.405580-08:00,vdjserver,VDJServer (US),,,,pass-field-pcr_target_locus.json,,,,,,,,,,,,,,,,,,,,,,
3,AIRR Data Commons API for VDJServer Community Data Portal,VDJServer ADC API response for repertoire query,1.3,VDJServer,http://vdjserver.org/,vdjserver@utsouthwestern.edu,/home/ubuntu/ireceptor-monitor/performance_scripts/queries/repertoires/pass-field-age-range.json,4.091053009033203,2023-01-21 07:33:52.938663,2023-01-20 23:33:52.938663-08:00,vdjserver,VDJServer (US),,,,pass-field-age-range.json,,,,,,,,,,,,,,,,,,,,,,
4,AIRR Data Commons API for VDJServer Community Data Portal,VDJServer ADC API response for repertoire query,1.3,VDJServer,http://vdjserver.org/,vdjserver@utsouthwestern.edu,/home/ubuntu/ireceptor-monitor/performance_scripts/queries/repertoires/pass-query2_repertoire.json,0.5104687213897705,2023-01-21 07:33:53.466818,2023-01-20 23:33:53.466818-08:00,vdjserver,VDJServer (US),,,,pass-query2_repertoire.json,,,,,,,,,,,,,,,,,,,,,,
0,AIRR Data Commons API for VDJServer Community Data Portal,VDJServer ADC API response for repertoire query,1.3,VDJServer,http://vdjserver.org/,vdjserver@utsouthwestern.edu,/home/ubuntu/ireceptor-monitor/performance_scripts/queries/repertoires/pass-all.json,8.011466264724731,2023-01-21 11:33:38.548631,2023-01-21 03:33:38.548631-08:00,vdjserver,VDJServer (US),,,,pass-all.json,,,,,,,,,,,,,,,,,,,,,,
1,AIRR Data Commons API for VDJServer Community Data Portal,VDJServer ADC API response for repertoire query,1.3,VDJServer,http://vdjserver.org/,vdjserver@utsouthwestern.edu,/home/ubuntu/ireceptor-monitor/performance_scripts/queries/repertoires/pass-field-organism-id.json,2.3915140628814697,2023-01-21 11:33:41.103494,2023-01-21 03:33:41.103494-08:00,vdjserver,VDJServer (US),,,,pass-field-organism-id.json,,,,,,,,,,,,,,,,,,,,,,
2,AIRR Data Commons API for VDJServer Community Data Portal,VDJServer ADC API response for repertoire query,1.3,VDJServer,http://vdjserver.org/,vdjserver@utsouthwestern.edu,/home/ubuntu/ireceptor-monitor/performance_scripts/queries/repertoires/pass-field-pcr_target_locus.json,1.3697760105133057,2023-01-21 11:33:42.560693,2023-01-21 03:33:42.560693-08:00,vdjserver,VDJServer (US),,,,pass-field-pcr_target_locus.json,,,,,,,,,,,,,,,,,,,,,,
3,AIRR Data Commons API for VDJServer Community Data Portal,VDJServer ADC API response for repertoire query,1.3,VDJServer,http://vdjserver.org/,vdjserver@utsouthwestern.edu,/home/ubuntu/ireceptor-monitor/performance_scripts/queries/repertoires/pass-field-age-range.json,3.5260157585144043,2023-01-21 11:33:46.535075,2023-01-21 03:33:46.535075-08:00,vdjserver,VDJServer (US),,,,pass-field-age-range.json,,,,,,,,,,,,,,,,,,,,,,
4,AIRR Data Commons API for VDJServer Community Data Portal,VDJServer ADC API response for repertoire query,1.3,VDJServer,http://vdjserver.org/,vdjserver@utsouthwestern.edu,/home/ubuntu/ireceptor-monitor/performance_scripts/queries/repertoires/pass-query2_repertoire.json,0.4149801731109619,2023-01-21 11:33:46.970902,2023-01-21 03:33:46.970902-08:00,vdjserver,VDJServer (US),,,,pass-query2_repertoire.json,,,,,,,,,,,,,,,,,,,,,,
0,AIRR Data Commons API for VDJServer Community Data Portal,VDJServer ADC API response for repertoire query,1.3,VDJServer,http://vdjserver.org/,vdjserver@utsouthwestern.edu,/home/ubuntu/ireceptor-monitor/performance_scripts/queries/repertoires/pass-all.json,4.99302864074707,2023-01-21 15:34:44.442053,2023-01-21 07:34:44.442053-08:00,vdjserver,VDJServer (US),,,,pass-all.json,,,,,,,,,,,,,,,,,,,,,,
1,AIRR Data Commons API for VDJServer Community Data Portal,VDJServer ADC API response for repertoire query,1.3,VDJServer,http://vdjserver.org/,vdjserver@utsouthwestern.edu,/home/ubuntu/ireceptor-monitor/performance_scripts/queries/repertoires/pass-field-organism-id.json,2.06986403465271,2023-01-21 15:34:46.670392,2023-01-21 07:34:46.670392-08:00,vdjserver,VDJServer (US),,,,pass-field-organism-id.json,,,,,,,,,,,,,,,,,,,,,,
2,AIRR Data Commons API for VDJServer Community Data Portal,VDJServer ADC API response for repertoire query,1.3,VDJServer,http://vdjserver.org/,vdjserver@utsouthwestern.edu,/home/ubuntu/ireceptor-monitor/performance_scripts/queries/repertoires/pass-field-pcr_target_locus.json,3.136018991470337,2023-01-21 15:34:49.891997,2023-01-21 07:34:49.891997-08:00,vdjserver,VDJServer (US),,,,pass-field-pcr_target_locus.json,,,,,,,,,,,,,,,,,,,,,,
3,AIRR Data Commons API for VDJServer Community Data Portal,VDJServer ADC API response for repertoire query,1.3,VDJServer,http://vdjserver.org/,vdjserver@utsouthwestern.edu,/home/ubuntu/ireceptor-monitor/performance_scripts/queries/repertoires/pass-field-age-range.json,3.768625020980835,2023-01-21 15:34:54.108854,2023-01-21 07:34:54.108854-08:00,vdjserver,VDJServer (US),,,,pass-field-age-range.json,,,,,,,,,,,,,,,,,,,,,,
4,AIRR Data Commons API for VDJServer Community Data Portal,VDJServer ADC API response for repertoire query,1.3,VDJServer,http://vdjserver.org/,vdjserver@utsouthwestern.edu,/home/ubuntu/ireceptor-monitor/performance_scripts/queries/repertoires/pass-query2_repertoire.json,0.4957904815673828,2023-01-21 15:34:54.622766,2023-01-21 07:34:54.622766-08:00,vdjserver,VDJServer (US),,,,pass-query2_repertoire.json,,,,,,,,,,,,,,,,,,,,,,
0,AIRR Data Commons API for VDJServer Community Data Portal,VDJServer ADC API response for repertoire query,1.3,VDJServer,http://vdjserver.org/,vdjserver@utsouthwestern.edu,/home/ubuntu/ireceptor-monitor/performance_scripts/queries/repertoires/pass-all.json,6.261162996292112,2023-01-21 19:33:40.095692,2023-01-21 11:33:40.095692-08:00,vdjserver,VDJServer (US),,,,pass-all.json,,,,,,,,,,,,,,,,,,,,,,
1,AIRR Data Commons API for VDJServer Community Data Portal,VDJServer ADC API response for repertoire query,1.3,VDJServer,http://vdjserver.org/,vdjserver@utsouthwestern.edu,/home/ubuntu/ireceptor-monitor/performance_scripts/queries/repertoires/pass-field-organism-id.json,2.099249839782716,2023-01-21 19:33:42.351475,2023-01-21 11:33:42.351475-08:00,vdjserver,VDJServer (US),,,,pass-field-organism-id.json,,,,,,,,,,,,,,,,,,,,,,
2,AIRR Data Commons API for VDJServer Community Data Portal,VDJServer ADC API response for repertoire query,1.3,VDJServer,http://vdjserver.org/,vdjserver@utsouthwestern.edu,/home/ubuntu/ireceptor-monitor/performance_scripts/queries/repertoires/pass-field-pcr_target_locus.json,1.363361120223999,2023-01-21 19:33:43.803008,2023-01-21 11:33:43.803008-08:00,vdjserver,VDJServer (US),,,,pass-field-pcr_target_locus.json,,,,,,,,,,,,,,,,,,,,,,
3,AIRR Data Commons API for VDJServer Community Data Portal,VDJServer ADC API response for repertoire query,1.3,VDJServer,http://vdjserver.org/,vdjserver@utsouthwestern.edu,/home/ubuntu/ireceptor-monitor/performance_scripts/queries/repertoires/pass-field-age-range.json,3.664995193481445,2023-01-21 19:33:47.917930,2023-01-21 11:33:47.917930-08:00,vdjserver,VDJServer (US),,,,pass-field-age-range.json,,,,,,,,,,,,,,,,,,,,,,
4,AIRR Data Commons API for VDJServer Community Data Portal,VDJServer ADC API response for repertoire query,1.3,VDJServer,http://vdjserver.org/,vdjserver@utsouthwestern.edu,/home/ubuntu/ireceptor-monitor/performance_scripts/queries/repertoires/pass-query2_repertoire.json,0.4086513519287109,2023-01-21 19:33:48.344283,2023-01-21 11:33:48.344283-08:00,vdjserver,VDJServer (US),,,,pass-query2_repertoire.json,,,,,,,,,,,,,,,,,,,,,,
0,AIRR Data Commons API for VDJServer Community Data Portal,VDJServer ADC API response for repertoire query,1.3,VDJServer,http://vdjserver.org/,vdjserver@utsouthwestern.edu,/home/ubuntu/ireceptor-monitor/performance_scripts/queries/repertoires/pass-all.json,5.219851970672607,2023-01-21 23:33:37.921849,2023-01-21 15:33:37.921849-08:00,vdjserver,VDJServer (US),,,,pass-all.json,,,,,,,,,,,,,,,,,,,,,,
1,AIRR Data Commons API for VDJServer Community Data Portal,VDJServer ADC API response for repertoire query,1.3,VDJServer,http://vdjserver.org/,vdjserver@utsouthwestern.edu,/home/ubuntu/ireceptor-monitor/performance_scripts/queries/repertoires/pass-field-organism-id.json,2.1346676349639893,2023-01-21 23:33:40.209349,2023-01-21 15:33:40.209349-08:00,vdjserver,VDJServer (US),,,,pass-field-organism-id.json,,,,,,,,,,,,,,,,,,,,,,
2,AIRR Data Commons API for VDJServer Community Data Portal,VDJServer ADC API response for repertoire query,1.3,VDJServer,http://vdjserver.org/,vdjserver@utsouthwestern.edu,/home/ubuntu/ireceptor-monitor/performance_scripts/queries/repertoires/pass-field-pcr_target_locus.json,1.4119515419006348,2023-01-21 23:33:41.696729,2023-01-21 15:33:41.696729-08:00,vdjserver,VDJServer (US),,,,pass-field-pcr_target_locus.json,,,,,,,,,,,,,,,,,,,,,,
3,AIRR Data Commons API for VDJServer Community Data Portal,VDJServer ADC API response for repertoire query,1.3,VDJServer,http://vdjserver.org/,vdjserver@utsouthwestern.edu,/home/ubuntu/ireceptor-monitor/performance_scripts/queries/repertoires/pass-field-age-range.json,3.6620256900787367,2023-01-21 23:33:45.782980,2023-01-21 15:33:45.782980-08:00,vdjserver,VDJServer (US),,,,pass-field-age-range.json,,,,,,,,,,,,,,,,,,,,,,
4,AIRR Data Commons API for VDJServer Community Data Portal,VDJServer ADC API response for repertoire query,1.3,VDJServer,http://vdjserver.org/,vdjserver@utsouthwestern.edu,/home/ubuntu/ireceptor-monitor/performance_scripts/queries/repertoires/pass-query2_repertoire.json,0.5185372829437256,2023-01-21 23:33:46.318725,2023-01-21 15:33:46.318725-08:00,vdjserver,VDJServer (US),,,,pass-query2_repertoire.json,,,,,,,,,,,,,,,,,,,,,,
0,AIRR Data Commons API for VDJServer Community Data Portal,VDJServer ADC API response for repertoire query,1.3,VDJServer,http://vdjserver.org/,vdjserver@utsouthwestern.edu,/home/ubuntu/ireceptor-monitor/performance_scripts/queries/repertoires/pass-all.json,5.7430641651153564,2023-01-22 03:33:37.026069,2023-01-21 19:33:37.026069-08:00,vdjserver,VDJServer (US),,,,pass-all.json,,,,,,,,,,,,,,,,,,,,,,
1,AIRR Data Commons API for VDJServer Community Data Portal,VDJServer ADC API response for repertoire query,1.3,VDJServer,http://vdjserver.org/,vdjserver@utsouthwestern.edu,/home/ubuntu/ireceptor-monitor/performance_scripts/queries/repertoires/pass-field-organism-id.json,1.731421709060669,2023-01-22 03:33:38.906920,2023-01-21 19:33:38.906920-08:00,vdjserver,VDJServer (US),,,,pass-field-organism-id.json,,,,,,,,,,,,,,,,,,,,,,
2,AIRR Data Commons API for VDJServer Community Data Portal,VDJServer ADC API response for repertoire query,1.3,VDJServer,http://vdjserver.org/,vdjserver@utsouthwestern.edu,/home/ubuntu/ireceptor-monitor/performance_scripts/queries/repertoires/pass-field-pcr_target_locus.json,1.4158403873443604,2023-01-22 03:33:40.407515,2023-01-21 19:33:40.407515-08:00,vdjserver,VDJServer (US),,,,pass-field-pcr_target_locus.json,,,,,,,,,,,,,,,,,,,,,,
3,AIRR Data Commons API for VDJServer Community Data Portal,VDJServer ADC API response for repertoire query,1.3,VDJServer,http://vdjserver.org/,vdjserver@utsouthwestern.edu,/home/ubuntu/ireceptor-monitor/performance_scripts/queries/repertoires/pass-field-age-range.json,3.706736087799072,2023-01-22 03:33:44.534477,2023-01-21 19:33:44.534477-08:00,vdjserver,VDJServer (US),,,,pass-field-age-range.json,,,,,,,,,,,,,,,,,,,,,,
4,AIRR Data Commons API for VDJServer Community Data Portal,VDJServer ADC API response for repertoire query,1.3,VDJServer,http://vdjserver.org/,vdjserver@utsouthwestern.edu,/home/ubuntu/ireceptor-monitor/performance_scripts/queries/repertoires/pass-query2_repertoire.json,0.4214432239532471,2023-01-22 03:33:44.972644,2023-01-21 19:33:44.972644-08:00,vdjserver,VDJServer (US),,,,pass-query2_repertoire.json,,,,,,,,,,,,,,,,,,,,,,
0,AIRR Data Commons API for VDJServer Community Data Portal,VDJServer ADC API response for repertoire query,1.3,VDJServer,http://vdjserver.org/,vdjserver@utsouthwestern.edu,/home/ubuntu/ireceptor-monitor/performance_scripts/queries/repertoires/pass-all.json,7.7272584438323975,2023-01-22 07:33:39.901345,2023-01-21 23:33:39.901345-08:00,vdjserver,VDJServer (US),,,,pass-all.json,,,,,,,,,,,,,,,,,,,,,,
1,AIRR Data Commons API for VDJServer Community Data Portal,VDJServer ADC API response for repertoire query,1.3,VDJServer,http://vdjserver.org/,vdjserver@utsouthwestern.edu,/home/ubuntu/ireceptor-monitor/performance_scripts/queries/repertoires/pass-field-organism-id.json,1.9647231101989744,2023-01-22 07:33:42.017717,2023-01-21 23:33:42.017717-08:00,vdjserver,VDJServer (US),,,,pass-field-organism-id.json,,,,,,,,,,,,,,,,,,,,,,
2,AIRR Data Commons API for VDJServer Community Data Portal,VDJServer ADC API response for repertoire query,1.3,VDJServer,http://vdjserver.org/,vdjserver@utsouthwestern.edu,/home/ubuntu/ireceptor-monitor/performance_scripts/queries/repertoires/pass-field-pcr_target_locus.json,1.5953500270843506,2023-01-22 07:33:43.695983,2023-01-21 23:33:43.695983-08:00,vdjserver,VDJServer (US),,,,pass-field-pcr_target_locus.json,,,,,,,,,,,,,,,,,,,,,,
3,AIRR Data Commons API for VDJServer Community Data Portal,VDJServer ADC API response for repertoire query,1.3,VDJServer,http://vdjserver.org/,vdjserver@utsouthwestern.edu,/home/ubuntu/ireceptor-monitor/performance_scripts/queries/repertoires/pass-field-age-range.json,3.5503745079040527,2023-01-22 07:33:47.657604,2023-01-21 23:33:47.657604-08:00,vdjserver,VDJServer (US),,,,pass-field-age-range.json,,,,,,,,,,,,,,,,,,,,,,
4,AIRR Data Commons API for VDJServer Community Data Portal,VDJServer ADC API response for repertoire query,1.3,VDJServer,http://vdjserver.org/,vdjserver@utsouthwestern.edu,/home/ubuntu/ireceptor-monitor/performance_scripts/queries/repertoires/pass-query2_repertoire.json,0.4767181873321533,2023-01-22 07:33:48.157840,2023-01-21 23:33:48.157840-08:00,vdjserver,VDJServer (US),,,,pass-query2_repertoire.json,,,,,,,,,,,,,,,,,,,,,,
0,AIRR Data Commons API for VDJServer Community Data Portal,VDJServer ADC API response for repertoire query,1.3,VDJServer,http://vdjserver.org/,vdjserver@utsouthwestern.edu,/home/ubuntu/ireceptor-monitor/performance_scripts/queries/repertoires/pass-all.json,4.672703504562378,2023-01-22 11:33:40.307277,2023-01-22 03:33:40.307277-08:00,vdjserver,VDJServer (US),,,,pass-all.json,,,,,,,,,,,,,,,,,,,,,,
1,AIRR Data Commons API for VDJServer Community Data Portal,VDJServer ADC API response for repertoire query,1.3,VDJServer,http://vdjserver.org/,vdjserver@utsouthwestern.edu,/home/ubuntu/ireceptor-monitor/performance_scripts/queries/repertoires/pass-field-organism-id.json,1.762993097305298,2023-01-22 11:33:42.224428,2023-01-22 03:33:42.224428-08:00,vdjserver,VDJServer (US),,,,pass-field-organism-id.json,,,,,,,,,,,,,,,,,,,,,,
2,AIRR Data Commons API for VDJServer Community Data Portal,VDJServer ADC API response for repertoire query,1.3,VDJServer,http://vdjserver.org/,vdjserver@utsouthwestern.edu,/home/ubuntu/ireceptor-monitor/performance_scripts/queries/repertoires/pass-field-pcr_target_locus.json,1.360360622406006,2023-01-22 11:33:43.666724,2023-01-22 03:33:43.666724-08:00,vdjserver,VDJServer (US),,,,pass-field-pcr_target_locus.json,,,,,,,,,,,,,,,,,,,,,,
3,AIRR Data Commons API for VDJServer Community Data Portal,VDJServer ADC API response for repertoire query,1.3,VDJServer,http://vdjserver.org/,vdjserver@utsouthwestern.edu,/home/ubuntu/ireceptor-monitor/performance_scripts/queries/repertoires/pass-field-age-range.json,3.460010528564453,2023-01-22 11:33:47.544394,2023-01-22 03:33:47.544394-08:00,vdjserver,VDJServer (US),,,,pass-field-age-range.json,,,,,,,,,,,,,,,,,,,,,,
4,AIRR Data Commons API for VDJServer Community Data Portal,VDJServer ADC API response for repertoire query,1.3,VDJServer,http://vdjserver.org/,vdjserver@utsouthwestern.edu,/home/ubuntu/ireceptor-monitor/performance_scripts/queries/repertoires/pass-query2_repertoire.json,0.4137094020843506,2023-01-22 11:33:47.974383,2023-01-22 03:33:47.974383-08:00,vdjserver,VDJServer (US),,,,pass-query2_repertoire.json,,,,,,,,,,,,,,,,,,,,,,
0,AIRR Data Commons API for VDJServer Community Data Portal,VDJServer ADC API response for repertoire query,1.3,VDJServer,http://vdjserver.org/,vdjserver@utsouthwestern.edu,/home/ubuntu/ireceptor-monitor/performance_scripts/queries/repertoires/pass-all.json,9.65964651107788,2023-01-22 15:33:41.126164,2023-01-22 07:33:41.126164-08:00,vdjserver,VDJServer (US),,,,pass-all.json,,,,,,,,,,,,,,,,,,,,,,
1,AIRR Data Commons API for VDJServer Community Data Portal,VDJServer ADC API response for repertoire query,1.3,VDJServer,http://vdjserver.org/,vdjserver@utsouthwestern.edu,/home/ubuntu/ireceptor-monitor/performance_scripts/queries/repertoires/pass-field-organism-id.json,1.8692519664764404,2023-01-22 15:33:43.148259,2023-01-22 07:33:43.148259-08:00,vdjserver,VDJServer (US),,,,pass-field-organism-id.json,,,,,,,,,,,,,,,,,,,,,,
2,AIRR Data Commons API for VDJServer Community Data Portal,VDJServer ADC API response for repertoire query,1.3,VDJServer,http://vdjserver.org/,vdjserver@utsouthwestern.edu,/home/ubuntu/ireceptor-monitor/performance_scripts/queries/repertoires/pass-field-pcr_target_locus.json,1.3730952739715576,2023-01-22 15:33:44.609167,2023-01-22 07:33:44.609167-08:00,vdjserver,VDJServer (US),,,,pass-field-pcr_target_locus.json,,,,,,,,,,,,,,,,,,,,,,
3,AIRR Data Commons API for VDJServer Community Data Portal,VDJServer ADC API response for repertoire query,1.3,VDJServer,http://vdjserver.org/,vdjserver@utsouthwestern.edu,/home/ubuntu/ireceptor-monitor/performance_scripts/queries/repertoires/pass-field-age-range.json,3.5228698253631587,2023-01-22 15:33:48.555551,2023-01-22 07:33:48.555551-08:00,vdjserver,VDJServer (US),,,,pass-field-age-range.json,,,,,,,,,,,,,,,,,,,,,,
4,AIRR Data Commons API for VDJServer Community Data Portal,VDJServer ADC API response for repertoire query,1.3,VDJServer,http://vdjserver.org/,vdjserver@utsouthwestern.edu,/home/ubuntu/ireceptor-monitor/performance_scripts/queries/repertoires/pass-query2_repertoire.json,0.4155116081237793,2023-01-22 15:33:48.987381,2023-01-22 07:33:48.987381-08:00,vdjserver,VDJServer (US),,,,pass-query2_repertoire.json,,,,,,,,,,,,,,,,,,,,,,
0,AIRR Data Commons API for VDJServer Community Data Portal,VDJServer ADC API response for repertoire query,1.3,VDJServer,http://vdjserver.org/,vdjserver@utsouthwestern.edu,/home/ubuntu/ireceptor-monitor/performance_scripts/queries/repertoires/pass-all.json,6.615005493164063,2023-01-22 19:33:41.095247,2023-01-22 11:33:41.095247-08:00,vdjserver,VDJServer (US),,,,pass-all.json,,,,,,,,,,,,,,,,,,,,,,
1,AIRR Data Commons API for VDJServer Community Data Portal,VDJServer ADC API response for repertoire query,1.3,VDJServer,http://vdjserver.org/,vdjserver@utsouthwestern.edu,/home/ubuntu/ireceptor-monitor/performance_scripts/queries/repertoires/pass-field-organism-id.json,2.5422346591949463,2023-01-22 19:33:43.796955,2023-01-22 11:33:43.796955-08:00,vdjserver,VDJServer (US),,,,pass-field-organism-id.json,,,,,,,,,,,,,,,,,,,,,,
2,AIRR Data Commons API for VDJServer Community Data Portal,VDJServer ADC API response for repertoire query,1.3,VDJServer,http://vdjserver.org/,vdjserver@utsouthwestern.edu,/home/ubuntu/ireceptor-monitor/performance_scripts/queries/repertoires/pass-field-pcr_target_locus.json,1.3426566123962402,2023-01-22 19:33:45.226687,2023-01-22 11:33:45.226687-08:00,vdjserver,VDJServer (US),,,,pass-field-pcr_target_locus.json,,,,,,,,,,,,,,,,,,,,,,
3,AIRR Data Commons API for VDJServer Community Data Portal,VDJServer ADC API response for repertoire query,1.3,VDJServer,http://vdjserver.org/,vdjserver@utsouthwestern.edu,/home/ubuntu/ireceptor-monitor/performance_scripts/queries/repertoires/pass-field-age-range.json,3.356543064117432,2023-01-22 19:33:49.025893,2023-01-22 11:33:49.025893-08:00,vdjserver,VDJServer (US),,,,pass-field-age-range.json,,,,,,,,,,,,,,,,,,,,,,
4,AIRR Data Commons API for VDJServer Community Data Portal,VDJServer ADC API response for repertoire query,1.3,VDJServer,http://vdjserver.org/,vdjserver@utsouthwestern.edu,/home/ubuntu/ireceptor-monitor/performance_scripts/queries/repertoires/pass-query2_repertoire.json,0.4145128726959229,2023-01-22 19:33:49.457641,2023-01-22 11:33:49.457641-08:00,vdjserver,VDJServer (US),,,,pass-query2_repertoire.json,,,,,,,,,,,,,,,,,,,,,,
0,AIRR Data Commons API for VDJServer Community Data Portal,VDJServer ADC API response for repertoire query,1.3,VDJServer,http://vdjserver.org/,vdjserver@utsouthwestern.edu,/home/ubuntu/ireceptor-monitor/performance_scripts/queries/repertoires/pass-all.json,6.844362497329713,2023-01-22 23:33:39.308120,2023-01-22 15:33:39.308120-08:00,vdjserver,VDJServer (US),,,,pass-all.json,,,,,,,,,,,,,,,,,,,,,,
1,AIRR Data Commons API for VDJServer Community Data Portal,VDJServer ADC API response for repertoire query,1.3,VDJServer,http://vdjserver.org/,vdjserver@utsouthwestern.edu,/home/ubuntu/ireceptor-monitor/performance_scripts/queries/repertoires/pass-field-organism-id.json,2.4191036224365234,2023-01-22 23:33:41.885074,2023-01-22 15:33:41.885074-08:00,vdjserver,VDJServer (US),,,,pass-field-organism-id.json,,,,,,,,,,,,,,,,,,,,,,
2,AIRR Data Commons API for VDJServer Community Data Portal,VDJServer ADC API response for repertoire query,1.3,VDJServer,http://vdjserver.org/,vdjserver@utsouthwestern.edu,/home/ubuntu/ireceptor-monitor/performance_scripts/queries/repertoires/pass-field-pcr_target_locus.json,1.8963205814361568,2023-01-22 23:33:43.866255,2023-01-22 15:33:43.866255-08:00,vdjserver,VDJServer (US),,,,pass-field-pcr_target_locus.json,,,,,,,,,,,,,,,,,,,,,,
3,AIRR Data Commons API for VDJServer Community Data Portal,VDJServer ADC API response for repertoire query,1.3,VDJServer,http://vdjserver.org/,vdjserver@utsouthwestern.edu,/home/ubuntu/ireceptor-monitor/performance_scripts/queries/repertoires/pass-field-age-range.json,3.4980225563049316,2023-01-22 23:33:47.811611,2023-01-22 15:33:47.811611-08:00,vdjserver,VDJServer (US),,,,pass-field-age-range.json,,,,,,,,,,,,,,,,,,,,,,
4,AIRR Data Commons API for VDJServer Community Data Portal,VDJServer ADC API response for repertoire query,1.3,VDJServer,http://vdjserver.org/,vdjserver@utsouthwestern.edu,/home/ubuntu/ireceptor-monitor/performance_scripts/queries/repertoires/pass-query2_repertoire.json,0.5020744800567627,2023-01-22 23:33:48.334415,2023-01-22 15:33:48.334415-08:00,vdjserver,VDJServer (US),,,,pass-query2_repertoire.json,,,,,,,,,,,,,,,,,,,,,,
0,AIRR Data Commons API for VDJServer Community Data Portal,VDJServer ADC API response for repertoire query,1.3,VDJServer,http://vdjserver.org/,vdjserver@utsouthwestern.edu,/home/ubuntu/ireceptor-monitor/performance_scripts/queries/repertoires/pass-all.json,4.819314241409302,2023-01-23 03:33:38.970649,2023-01-22 19:33:38.970649-08:00,vdjserver,VDJServer (US),,,,pass-all.json,,,,,,,,,,,,,,,,,,,,,,
1,AIRR Data Commons API for VDJServer Community Data Portal,VDJServer ADC API response for repertoire query,1.3,VDJServer,http://vdjserver.org/,vdjserver@utsouthwestern.edu,/home/ubuntu/ireceptor-monitor/performance_scripts/queries/repertoires/pass-field-organism-id.json,1.8143103122711184,2023-01-23 03:33:40.940662,2023-01-22 19:33:40.940662-08:00,vdjserver,VDJServer (US),,,,pass-field-organism-id.json,,,,,,,,,,,,,,,,,,,,,,
2,AIRR Data Commons API for VDJServer Community Data Portal,VDJServer ADC API response for repertoire query,1.3,VDJServer,http://vdjserver.org/,vdjserver@utsouthwestern.edu,/home/ubuntu/ireceptor-monitor/performance_scripts/queries/repertoires/pass-field-pcr_target_locus.json,1.3651883602142334,2023-01-23 03:33:42.393817,2023-01-22 19:33:42.393817-08:00,vdjserver,VDJServer (US),,,,pass-field-pcr_target_locus.json,,,,,,,,,,,,,,,,,,,,,,
3,AIRR Data Commons API for VDJServer Community Data Portal,VDJServer ADC API response for repertoire query,1.3,VDJServer,http://vdjserver.org/,vdjserver@utsouthwestern.edu,/home/ubuntu/ireceptor-monitor/performance_scripts/queries/repertoires/pass-field-age-range.json,3.900435447692871,2023-01-23 03:33:46.745706,2023-01-22 19:33:46.745706-08:00,vdjserver,VDJServer (US),,,,pass-field-age-range.json,,,,,,,,,,,,,,,,,,,,,,
4,AIRR Data Commons API for VDJServer Community Data Portal,VDJServer ADC API response for repertoire query,1.3,VDJServer,http://vdjserver.org/,vdjserver@utsouthwestern.edu,/home/ubuntu/ireceptor-monitor/performance_scripts/queries/repertoires/pass-query2_repertoire.json,0.4238245487213135,2023-01-23 03:33:47.187002,2023-01-22 19:33:47.187002-08:00,vdjserver,VDJServer (US),,,,pass-query2_repertoire.json,,,,,,,,,,,,,,,,,,,,,,
0,AIRR Data Commons API for VDJServer Community Data Portal,VDJServer ADC API response for repertoire query,1.3,VDJServer,http://vdjserver.org/,vdjserver@utsouthwestern.edu,/home/ubuntu/ireceptor-monitor/performance_scripts/queries/repertoires/pass-all.json,6.015707492828369,2023-01-23 07:33:47.476447,2023-01-22 23:33:47.476447-08:00,vdjserver,VDJServer (US),,,,pass-all.json,,,,,,,,,,,,,,,,,,,,,,
1,AIRR Data Commons API for VDJServer Community Data Portal,VDJServer ADC API response for repertoire query,1.3,VDJServer,http://vdjserver.org/,vdjserver@utsouthwestern.edu,/home/ubuntu/ireceptor-monitor/performance_scripts/queries/repertoires/pass-field-organism-id.json,3.2057363986968994,2023-01-23 07:33:50.837543,2023-01-22 23:33:50.837543-08:00,vdjserver,VDJServer (US),,,,pass-field-organism-id.json,,,,,,,,,,,,,,,,,,,,,,
2,AIRR Data Commons API for VDJServer Community Data Portal,VDJServer ADC API response for repertoire query,1.3,VDJServer,http://vdjserver.org/,vdjserver@utsouthwestern.edu,/home/ubuntu/ireceptor-monitor/performance_scripts/queries/repertoires/pass-field-pcr_target_locus.json,1.3431694507598877,2023-01-23 07:33:52.265280,2023-01-22 23:33:52.265280-08:00,vdjserver,VDJServer (US),,,,pass-field-pcr_target_locus.json,,,,,,,,,,,,,,,,,,,,,,
3,AIRR Data Commons API for VDJServer Community Data Portal,VDJServer ADC API response for repertoire query,1.3,VDJServer,http://vdjserver.org/,vdjserver@utsouthwestern.edu,/home/ubuntu/ireceptor-monitor/performance_scripts/queries/repertoires/pass-field-age-range.json,3.6913492679595934,2023-01-23 07:33:56.364168,2023-01-22 23:33:56.364168-08:00,vdjserver,VDJServer (US),,,,pass-field-age-range.json,,,,,,,,,,,,,,,,,,,,,,
4,AIRR Data Commons API for VDJServer Community Data Portal,VDJServer ADC API response for repertoire query,1.3,VDJServer,http://vdjserver.org/,vdjserver@utsouthwestern.edu,/home/ubuntu/ireceptor-monitor/performance_scripts/queries/repertoires/pass-query2_repertoire.json,0.425426721572876,2023-01-23 07:33:56.806902,2023-01-22 23:33:56.806902-08:00,vdjserver,VDJServer (US),,,,pass-query2_repertoire.json,,,,,,,,,,,,,,,,,,,,,,
0,AIRR Data Commons API for VDJServer Community Data Portal,VDJServer ADC API response for repertoire query,1.3,VDJServer,http://vdjserver.org/,vdjserver@utsouthwestern.edu,/home/ubuntu/ireceptor-monitor/performance_scripts/queries/repertoires/pass-all.json,6.1279802322387695,2023-01-23 11:33:44.027470,2023-01-23 03:33:44.027470-08:00,vdjserver,VDJServer (US),,,,pass-all.json,,,,,,,,,,,,,,,,,,,,,,
1,AIRR Data Commons API for VDJServer Community Data Portal,VDJServer ADC API response for repertoire query,1.3,VDJServer,http://vdjserver.org/,vdjserver@utsouthwestern.edu,/home/ubuntu/ireceptor-monitor/performance_scripts/queries/repertoires/pass-field-organism-id.json,1.7807388305664062,2023-01-23 11:33:45.959912,2023-01-23 03:33:45.959912-08:00,vdjserver,VDJServer (US),,,,pass-field-organism-id.json,,,,,,,,,,,,,,,,,,,,,,
2,AIRR Data Commons API for VDJServer Community Data Portal,VDJServer ADC API response for repertoire query,1.3,VDJServer,http://vdjserver.org/,vdjserver@utsouthwestern.edu,/home/ubuntu/ireceptor-monitor/performance_scripts/queries/repertoires/pass-field-pcr_target_locus.json,1.4433932304382324,2023-01-23 11:33:47.497988,2023-01-23 03:33:47.497988-08:00,vdjserver,VDJServer (US),,,,pass-field-pcr_target_locus.json,,,,,,,,,,,,,,,,,,,,,,
3,AIRR Data Commons API for VDJServer Community Data Portal,VDJServer ADC API response for repertoire query,1.3,VDJServer,http://vdjserver.org/,vdjserver@utsouthwestern.edu,/home/ubuntu/ireceptor-monitor/performance_scripts/queries/repertoires/pass-field-age-range.json,4.323270082473755,2023-01-23 11:33:52.279426,2023-01-23 03:33:52.279426-08:00,vdjserver,VDJServer (US),,,,pass-field-age-range.json,,,,,,,,,,,,,,,,,,,,,,
4,AIRR Data Commons API for VDJServer Community Data Portal,VDJServer ADC API response for repertoire query,1.3,VDJServer,http://vdjserver.org/,vdjserver@utsouthwestern.edu,/home/ubuntu/ireceptor-monitor/performance_scripts/queries/repertoires/pass-query2_repertoire.json,0.43593883514404297,2023-01-23 11:33:52.735953,2023-01-23 03:33:52.735953-08:00,vdjserver,VDJServer (US),,,,pass-query2_repertoire.json,,,,,,,,,,,,,,,,,,,,,,
0,AIRR Data Commons API for VDJServer Community Data Portal,VDJServer ADC API response for repertoire query,1.3,VDJServer,http://vdjserver.org/,vdjserver@utsouthwestern.edu,/home/ubuntu/ireceptor-monitor/performance_scripts/queries/repertoires/pass-all.json,4.428651332855225,2023-01-23 15:33:36.298742,2023-01-23 07:33:36.298742-08:00,vdjserver,VDJServer (US),,,,pass-all.json,,,,,,,,,,,,,,,,,,,,,,
1,AIRR Data Commons API for VDJServer Community Data Portal,VDJServer ADC API response for repertoire query,1.3,VDJServer,http://vdjserver.org/,vdjserver@utsouthwestern.edu,/home/ubuntu/ireceptor-monitor/performance_scripts/queries/repertoires/pass-field-organism-id.json,1.7617971897125244,2023-01-23 15:33:38.221862,2023-01-23 07:33:38.221862-08:00,vdjserver,VDJServer (US),,,,pass-field-organism-id.json,,,,,,,,,,,,,,,,,,,,,,
2,AIRR Data Commons API for VDJServer Community Data Portal,VDJServer ADC API response for repertoire query,1.3,VDJServer,http://vdjserver.org/,vdjserver@utsouthwestern.edu,/home/ubuntu/ireceptor-monitor/performance_scripts/queries/repertoires/pass-field-pcr_target_locus.json,1.389111042022705,2023-01-23 15:33:39.695670,2023-01-23 07:33:39.695670-08:00,vdjserver,VDJServer (US),,,,pass-field-pcr_target_locus.json,,,,,,,,,,,,,,,,,,,,,,
3,AIRR Data Commons API for VDJServer Community Data Portal,VDJServer ADC API response for repertoire query,1.3,VDJServer,http://vdjserver.org/,vdjserver@utsouthwestern.edu,/home/ubuntu/ireceptor-monitor/performance_scripts/queries/repertoires/pass-field-age-range.json,3.4420528411865234,2023-01-23 15:33:43.563774,2023-01-23 07:33:43.563774-08:00,vdjserver,VDJServer (US),,,,pass-field-age-range.json,,,,,,,,,,,,,,,,,,,,,,
4,AIRR Data Commons API for VDJServer Community Data Portal,VDJServer ADC API response for repertoire query,1.3,VDJServer,http://vdjserver.org/,vdjserver@utsouthwestern.edu,/home/ubuntu/ireceptor-monitor/performance_scripts/queries/repertoires/pass-query2_repertoire.json,0.4294769763946533,2023-01-23 15:33:44.010104,2023-01-23 07:33:44.010104-08:00,vdjserver,VDJServer (US),,,,pass-query2_repertoire.json,,,,,,,,,,,,,,,,,,,,,,
0,AIRR Data Commons API for VDJServer Community Data Portal,VDJServer ADC API response for repertoire query,1.3,VDJServer,http://vdjserver.org/,vdjserver@utsouthwestern.edu,/home/ubuntu/ireceptor-monitor/performance_scripts/queries/repertoires/pass-all.json,4.9965901374816895,2023-01-23 19:33:38.322231,2023-01-23 11:33:38.322231-08:00,vdjserver,VDJServer (US),,,,pass-all.json,,,,,,,,,,,,,,,,,,,,,,
1,AIRR Data Commons API for VDJServer Community Data Portal,VDJServer ADC API response for repertoire query,1.3,VDJServer,http://vdjserver.org/,vdjserver@utsouthwestern.edu,/home/ubuntu/ireceptor-monitor/performance_scripts/queries/repertoires/pass-field-organism-id.json,6.059534788131714,2023-01-23 19:33:44.546076,2023-01-23 11:33:44.546076-08:00,vdjserver,VDJServer (US),,,,pass-field-organism-id.json,,,,,,,,,,,,,,,,,,,,,,
2,AIRR Data Commons API for VDJServer Community Data Portal,VDJServer ADC API response for repertoire query,1.3,VDJServer,http://vdjserver.org/,vdjserver@utsouthwestern.edu,/home/ubuntu/ireceptor-monitor/performance_scripts/queries/repertoires/pass-field-pcr_target_locus.json,2.126717329025269,2023-01-23 19:33:46.764144,2023-01-23 11:33:46.764144-08:00,vdjserver,VDJServer (US),,,,pass-field-pcr_target_locus.json,,,,,,,,,,,,,,,,,,,,,,
3,AIRR Data Commons API for VDJServer Community Data Portal,VDJServer ADC API response for repertoire query,1.3,VDJServer,http://vdjserver.org/,vdjserver@utsouthwestern.edu,/home/ubuntu/ireceptor-monitor/performance_scripts/queries/repertoires/pass-field-age-range.json,10.2523992061615,2023-01-23 19:33:57.473557,2023-01-23 11:33:57.473557-08:00,vdjserver,VDJServer (US),,,,pass-field-age-range.json,,,,,,,,,,,,,,,,,,,,,,
4,AIRR Data Commons API for VDJServer Community Data Portal,VDJServer ADC API response for repertoire query,1.3,VDJServer,http://vdjserver.org/,vdjserver@utsouthwestern.edu,/home/ubuntu/ireceptor-monitor/performance_scripts/queries/repertoires/pass-query2_repertoire.json,0.4458291530609131,2023-01-23 19:33:57.939748,2023-01-23 11:33:57.939748-08:00,vdjserver,VDJServer (US),,,,pass-query2_repertoire.json,,,,,,,,,,,,,,,,,,,,,,
0,AIRR Data Commons API for VDJServer Community Data Portal,VDJServer ADC API response for repertoire query,1.3,VDJServer,http://vdjserver.org/,vdjserver@utsouthwestern.edu,/home/ubuntu/ireceptor-monitor/performance_scripts/queries/repertoires/pass-all.json,5.313386917114258,2023-01-23 23:33:41.487127,2023-01-23 15:33:41.487127-08:00,vdjserver,VDJServer (US),,,,pass-all.json,,,,,,,,,,,,,,,,,,,,,,
1,AIRR Data Commons API for VDJServer Community Data Portal,VDJServer ADC API response for repertoire query,1.3,VDJServer,http://vdjserver.org/,vdjserver@utsouthwestern.edu,/home/ubuntu/ireceptor-monitor/performance_scripts/queries/repertoires/pass-field-organism-id.json,1.9930737018585205,2023-01-23 23:33:43.638276,2023-01-23 15:33:43.638276-08:00,vdjserver,VDJServer (US),,,,pass-field-organism-id.json,,,,,,,,,,,,,,,,,,,,,,
2,AIRR Data Commons API for VDJServer Community Data Portal,VDJServer ADC API response for repertoire query,1.3,VDJServer,http://vdjserver.org/,vdjserver@utsouthwestern.edu,/home/ubuntu/ireceptor-monitor/performance_scripts/queries/repertoires/pass-field-pcr_target_locus.json,1.5172929763793943,2023-01-23 23:33:45.233823,2023-01-23 15:33:45.233823-08:00,vdjserver,VDJServer (US),,,,pass-field-pcr_target_locus.json,,,,,,,,,,,,,,,,,,,,,,
3,AIRR Data Commons API for VDJServer Community Data Portal,VDJServer ADC API response for repertoire query,1.3,VDJServer,http://vdjserver.org/,vdjserver@utsouthwestern.edu,/home/ubuntu/ireceptor-monitor/performance_scripts/queries/repertoires/pass-field-age-range.json,3.8533644676208496,2023-01-23 23:33:49.503323,2023-01-23 15:33:49.503323-08:00,vdjserver,VDJServer (US),,,,pass-field-age-range.json,,,,,,,,,,,,,,,,,,,,,,
4,AIRR Data Commons API for VDJServer Community Data Portal,VDJServer ADC API response for repertoire query,1.3,VDJServer,http://vdjserver.org/,vdjserver@utsouthwestern.edu,/home/ubuntu/ireceptor-monitor/performance_scripts/queries/repertoires/pass-query2_repertoire.json,0.4231724739074707,2023-01-23 23:33:49.946733,2023-01-23 15:33:49.946733-08:00,vdjserver,VDJServer (US),,,,pass-query2_repertoire.json,,,,,,,,,,,,,,,,,,,,,,
0,AIRR Data Commons API for VDJServer Community Data Portal,VDJServer ADC API response for repertoire query,1.3,VDJServer,http://vdjserver.org/,vdjserver@utsouthwestern.edu,/home/ubuntu/ireceptor-monitor/performance_scripts/queries/repertoires/pass-all.json,8.065788745880129,2023-01-24 03:33:43.138189,2023-01-23 19:33:43.138189-08:00,vdjserver,VDJServer (US),,,,pass-all.json,,,,,,,,,,,,,,,,,,,,,,
1,AIRR Data Commons API for VDJServer Community Data Portal,VDJServer ADC API response for repertoire query,1.3,VDJServer,http://vdjserver.org/,vdjserver@utsouthwestern.edu,/home/ubuntu/ireceptor-monitor/performance_scripts/queries/repertoires/pass-field-organism-id.json,2.28706955909729,2023-01-24 03:33:45.570950,2023-01-23 19:33:45.570950-08:00,vdjserver,VDJServer (US),,,,pass-field-organism-id.json,,,,,,,,,,,,,,,,,,,,,,
2,AIRR Data Commons API for VDJServer Community Data Portal,VDJServer ADC API response for repertoire query,1.3,VDJServer,http://vdjserver.org/,vdjserver@utsouthwestern.edu,/home/ubuntu/ireceptor-monitor/performance_scripts/queries/repertoires/pass-field-pcr_target_locus.json,1.7143077850341797,2023-01-24 03:33:47.365669,2023-01-23 19:33:47.365669-08:00,vdjserver,VDJServer (US),,,,pass-field-pcr_target_locus.json,,,,,,,,,,,,,,,,,,,,,,
3,AIRR Data Commons API for VDJServer Community Data Portal,VDJServer ADC API response for repertoire query,1.3,VDJServer,http://vdjserver.org/,vdjserver@utsouthwestern.edu,/home/ubuntu/ireceptor-monitor/performance_scripts/queries/repertoires/pass-field-age-range.json,3.9627408981323238,2023-01-24 03:33:51.721229,2023-01-23 19:33:51.721229-08:00,vdjserver,VDJServer (US),,,,pass-field-age-range.json,,,,,,,,,,,,,,,,,,,,,,
4,AIRR Data Commons API for VDJServer Community Data Portal,VDJServer ADC API response for repertoire query,1.3,VDJServer,http://vdjserver.org/,vdjserver@utsouthwestern.edu,/home/ubuntu/ireceptor-monitor/performance_scripts/queries/repertoires/pass-query2_repertoire.json,0.5082006454467773,2023-01-24 03:33:52.246262,2023-01-23 19:33:52.246262-08:00,vdjserver,VDJServer (US),,,,pass-query2_repertoire.json,,,,,,,,,,,,,,,,,,,,,,
0,AIRR Data Commons API for VDJServer Community Data Portal,VDJServer ADC API response for repertoire query,1.3,VDJServer,http://vdjserver.org/,vdjserver@utsouthwestern.edu,/home/ubuntu/ireceptor-monitor/performance_scripts/queries/repertoires/pass-all.json,8.237123489379883,2023-01-24 07:33:39.103040,2023-01-23 23:33:39.103040-08:00,vdjserver,VDJServer (US),,,,pass-all.json,,,,,,,,,,,,,,,,,,,,,,
1,AIRR Data Commons API for VDJServer Community Data Portal,VDJServer ADC API response for repertoire query,1.3,VDJServer,http://vdjserver.org/,vdjserver@utsouthwestern.edu,/home/ubuntu/ireceptor-monitor/performance_scripts/queries/repertoires/pass-field-organism-id.json,2.269026517868042,2023-01-24 07:33:41.519250,2023-01-23 23:33:41.519250-08:00,vdjserver,VDJServer (US),,,,pass-field-organism-id.json,,,,,,,,,,,,,,,,,,,,,,
2,AIRR Data Commons API for VDJServer Community Data Portal,VDJServer ADC API response for repertoire query,1.3,VDJServer,http://vdjserver.org/,vdjserver@utsouthwestern.edu,/home/ubuntu/ireceptor-monitor/performance_scripts/queries/repertoires/pass-field-pcr_target_locus.json,1.941481351852417,2023-01-24 07:33:43.547918,2023-01-23 23:33:43.547918-08:00,vdjserver,VDJServer (US),,,,pass-field-pcr_target_locus.json,,,,,,,,,,,,,,,,,,,,,,
3,AIRR Data Commons API for VDJServer Community Data Portal,VDJServer ADC API response for repertoire query,1.3,VDJServer,http://vdjserver.org/,vdjserver@utsouthwestern.edu,/home/ubuntu/ireceptor-monitor/performance_scripts/queries/repertoires/pass-field-age-range.json,3.4572582244873047,2023-01-24 07:33:47.448659,2023-01-23 23:33:47.448659-08:00,vdjserver,VDJServer (US),,,,pass-field-age-range.json,,,,,,,,,,,,,,,,,,,,,,
4,AIRR Data Commons API for VDJServer Community Data Portal,VDJServer ADC API response for repertoire query,1.3,VDJServer,http://vdjserver.org/,vdjserver@utsouthwestern.edu,/home/ubuntu/ireceptor-monitor/performance_scripts/queries/repertoires/pass-query2_repertoire.json,0.4139103889465332,2023-01-24 07:33:47.880049,2023-01-23 23:33:47.880049-08:00,vdjserver,VDJServer (US),,,,pass-query2_repertoire.json,,,,,,,,,,,,,,,,,,,,,,
0,AIRR Data Commons API for VDJServer Community Data Portal,VDJServer ADC API response for repertoire query,1.3,VDJServer,http://vdjserver.org/,vdjserver@utsouthwestern.edu,/home/ubuntu/ireceptor-monitor/performance_scripts/queries/repertoires/pass-all.json,7.541460990905763,2023-01-24 11:33:40.034589,2023-01-24 03:33:40.034589-08:00,vdjserver,VDJServer (US),,,,pass-all.json,,,,,,,,,,,,,,,,,,,,,,
1,AIRR Data Commons API for VDJServer Community Data Portal,VDJServer ADC API response for repertoire query,1.3,VDJServer,http://vdjserver.org/,vdjserver@utsouthwestern.edu,/home/ubuntu/ireceptor-monitor/performance_scripts/queries/repertoires/pass-field-organism-id.json,2.639233350753784,2023-01-24 11:33:42.825016,2023-01-24 03:33:42.825016-08:00,vdjserver,VDJServer (US),,,,pass-field-organism-id.json,,,,,,,,,,,,,,,,,,,,,,
2,AIRR Data Commons API for VDJServer Community Data Portal,VDJServer ADC API response for repertoire query,1.3,VDJServer,http://vdjserver.org/,vdjserver@utsouthwestern.edu,/home/ubuntu/ireceptor-monitor/performance_scripts/queries/repertoires/pass-field-pcr_target_locus.json,1.9770739078521729,2023-01-24 11:33:44.928120,2023-01-24 03:33:44.928120-08:00,vdjserver,VDJServer (US),,,,pass-field-pcr_target_locus.json,,,,,,,,,,,,,,,,,,,,,,
3,AIRR Data Commons API for VDJServer Community Data Portal,VDJServer ADC API response for repertoire query,1.3,VDJServer,http://vdjserver.org/,vdjserver@utsouthwestern.edu,/home/ubuntu/ireceptor-monitor/performance_scripts/queries/repertoires/pass-field-age-range.json,4.050322771072389,2023-01-24 11:33:49.386740,2023-01-24 03:33:49.386740-08:00,vdjserver,VDJServer (US),,,,pass-field-age-range.json,,,,,,,,,,,,,,,,,,,,,,
4,AIRR Data Commons API for VDJServer Community Data Portal,VDJServer ADC API response for repertoire query,1.3,VDJServer,http://vdjserver.org/,vdjserver@utsouthwestern.edu,/home/ubuntu/ireceptor-monitor/performance_scripts/queries/repertoires/pass-query2_repertoire.json,0.4954683780670166,2023-01-24 11:33:49.901190,2023-01-24 03:33:49.901190-08:00,vdjserver,VDJServer (US),,,,pass-query2_repertoire.json,,,,,,,,,,,,,,,,,,,,,,
0,AIRR Data Commons API for VDJServer Community Data Portal,VDJServer ADC API response for repertoire query,1.3,VDJServer,http://vdjserver.org/,vdjserver@utsouthwestern.edu,/home/ubuntu/ireceptor-monitor/performance_scripts/queries/repertoires/pass-all.json,5.278532028198242,2023-01-24 19:33:40.261138,2023-01-24 11:33:40.261138-08:00,vdjserver,VDJServer (US),,,,pass-all.json,,,,,,,,,,,,,,,,,,,,,,
1,AIRR Data Commons API for VDJServer Community Data Portal,VDJServer ADC API response for repertoire query,1.3,VDJServer,http://vdjserver.org/,vdjserver@utsouthwestern.edu,/home/ubuntu/ireceptor-monitor/performance_scripts/queries/repertoires/pass-field-organism-id.json,2.0147924423217773,2023-01-24 19:33:42.432836,2023-01-24 11:33:42.432836-08:00,vdjserver,VDJServer (US),,,,pass-field-organism-id.json,,,,,,,,,,,,,,,,,,,,,,
2,AIRR Data Commons API for VDJServer Community Data Portal,VDJServer ADC API response for repertoire query,1.3,VDJServer,http://vdjserver.org/,vdjserver@utsouthwestern.edu,/home/ubuntu/ireceptor-monitor/performance_scripts/queries/repertoires/pass-field-pcr_target_locus.json,1.4145891666412354,2023-01-24 19:33:43.934767,2023-01-24 11:33:43.934767-08:00,vdjserver,VDJServer (US),,,,pass-field-pcr_target_locus.json,,,,,,,,,,,,,,,,,,,,,,
3,AIRR Data Commons API for VDJServer Community Data Portal,VDJServer ADC API response for repertoire query,1.3,VDJServer,http://vdjserver.org/,vdjserver@utsouthwestern.edu,/home/ubuntu/ireceptor-monitor/performance_scripts/queries/repertoires/pass-field-age-range.json,3.89151382446289,2023-01-24 19:33:48.253394,2023-01-24 11:33:48.253394-08:00,vdjserver,VDJServer (US),,,,pass-field-age-range.json,,,,,,,,,,,,,,,,,,,,,,
4,AIRR Data Commons API for VDJServer Community Data Portal,VDJServer ADC API response for repertoire query,1.3,VDJServer,http://vdjserver.org/,vdjserver@utsouthwestern.edu,/home/ubuntu/ireceptor-monitor/performance_scripts/queries/repertoires/pass-query2_repertoire.json,0.4255766868591309,2023-01-24 19:33:48.698833,2023-01-24 11:33:48.698833-08:00,vdjserver,VDJServer (US),,,,pass-query2_repertoire.json,,,,,,,,,,,,,,,,,,,,,,
0,AIRR Data Commons API for VDJServer Community Data Portal,VDJServer ADC API response for repertoire query,1.3,VDJServer,http://vdjserver.org/,vdjserver@utsouthwestern.edu,/home/ubuntu/ireceptor-monitor/performance_scripts/queries/repertoires/pass-all.json,7.090319395065308,2023-01-24 23:33:37.644439,2023-01-24 15:33:37.644439-08:00,vdjserver,VDJServer (US),,,,pass-all.json,,,,,,,,,,,,,,,,,,,,,,
1,AIRR Data Commons API for VDJServer Community Data Portal,VDJServer ADC API response for repertoire query,1.3,VDJServer,http://vdjserver.org/,vdjserver@utsouthwestern.edu,/home/ubuntu/ireceptor-monitor/performance_scripts/queries/repertoires/pass-field-organism-id.json,3.234874725341797,2023-01-24 23:33:41.031672,2023-01-24 15:33:41.031672-08:00,vdjserver,VDJServer (US),,,,pass-field-organism-id.json,,,,,,,,,,,,,,,,,,,,,,
2,AIRR Data Commons API for VDJServer Community Data Portal,VDJServer ADC API response for repertoire query,1.3,VDJServer,http://vdjserver.org/,vdjserver@utsouthwestern.edu,/home/ubuntu/ireceptor-monitor/performance_scripts/queries/repertoires/pass-field-pcr_target_locus.json,1.5131914615631104,2023-01-24 23:33:42.625200,2023-01-24 15:33:42.625200-08:00,vdjserver,VDJServer (US),,,,pass-field-pcr_target_locus.json,,,,,,,,,,,,,,,,,,,,,,
3,AIRR Data Commons API for VDJServer Community Data Portal,VDJServer ADC API response for repertoire query,1.3,VDJServer,http://vdjserver.org/,vdjserver@utsouthwestern.edu,/home/ubuntu/ireceptor-monitor/performance_scripts/queries/repertoires/pass-field-age-range.json,4.3088459968566895,2023-01-24 23:33:47.364911,2023-01-24 15:33:47.364911-08:00,vdjserver,VDJServer (US),,,,pass-field-age-range.json,,,,,,,,,,,,,,,,,,,,,,
4,AIRR Data Commons API for VDJServer Community Data Portal,VDJServer ADC API response for repertoire query,1.3,VDJServer,http://vdjserver.org/,vdjserver@utsouthwestern.edu,/home/ubuntu/ireceptor-monitor/performance_scripts/queries/repertoires/pass-query2_repertoire.json,0.4669172763824463,2023-01-24 23:33:47.852153,2023-01-24 15:33:47.852153-08:00,vdjserver,VDJServer (US),,,,pass-query2_repertoire.json,,,,,,,,,,,,,,,,,,,,,,
0,AIRR Data Commons API for VDJServer Community Data Portal,VDJServer ADC API response for repertoire query,1.3,VDJServer,http://vdjserver.org/,vdjserver@utsouthwestern.edu,/home/ubuntu/ireceptor-monitor/performance_scripts/queries/repertoires/pass-all.json,6.791672706604004,2023-01-25 03:33:40.165820,2023-01-24 19:33:40.165820-08:00,vdjserver,VDJServer (US),,,,pass-all.json,,,,,,,,,,,,,,,,,,,,,,
1,AIRR Data Commons API for VDJServer Community Data Portal,VDJServer ADC API response for repertoire query,1.3,VDJServer,http://vdjserver.org/,vdjserver@utsouthwestern.edu,/home/ubuntu/ireceptor-monitor/performance_scripts/queries/repertoires/pass-field-organism-id.json,4.24846887588501,2023-01-25 03:33:44.572396,2023-01-24 19:33:44.572396-08:00,vdjserver,VDJServer (US),,,,pass-field-organism-id.json,,,,,,,,,,,,,,,,,,,,,,
2,AIRR Data Commons API for VDJServer Community Data Portal,VDJServer ADC API response for repertoire query,1.3,VDJServer,http://vdjserver.org/,vdjserver@utsouthwestern.edu,/home/ubuntu/ireceptor-monitor/performance_scripts/queries/repertoires/pass-field-pcr_target_locus.json,1.5006418228149414,2023-01-25 03:33:46.156067,2023-01-24 19:33:46.156067-08:00,vdjserver,VDJServer (US),,,,pass-field-pcr_target_locus.json,,,,,,,,,,,,,,,,,,,,,,
3,AIRR Data Commons API for VDJServer Community Data Portal,VDJServer ADC API response for repertoire query,1.3,VDJServer,http://vdjserver.org/,vdjserver@utsouthwestern.edu,/home/ubuntu/ireceptor-monitor/performance_scripts/queries/repertoires/pass-field-age-range.json,5.715031623840332,2023-01-25 03:33:52.316608,2023-01-24 19:33:52.316608-08:00,vdjserver,VDJServer (US),,,,pass-field-age-range.json,,,,,,,,,,,,,,,,,,,,,,
4,AIRR Data Commons API for VDJServer Community Data Portal,VDJServer ADC API response for repertoire query,1.3,VDJServer,http://vdjserver.org/,vdjserver@utsouthwestern.edu,/home/ubuntu/ireceptor-monitor/performance_scripts/queries/repertoires/pass-query2_repertoire.json,0.5967526435852051,2023-01-25 03:33:52.930505,2023-01-24 19:33:52.930505-08:00,vdjserver,VDJServer (US),,,,pass-query2_repertoire.json,,,,,,,,,,,,,,,,,,,,,,
0,AIRR Data Commons API for VDJServer Community Data Portal,VDJServer ADC API response for repertoire query,1.3,VDJServer,http://vdjserver.org/,vdjserver@utsouthwestern.edu,/home/ubuntu/ireceptor-monitor/performance_scripts/queries/repertoires/pass-all.json,5.6609063148498535,2023-01-25 07:33:38.095869,2023-01-24 23:33:38.095869-08:00,vdjserver,VDJServer (US),,,,pass-all.json,,,,,,,,,,,,,,,,,,,,,,
1,AIRR Data Commons API for VDJServer Community Data Portal,VDJServer ADC API response for repertoire query,1.3,VDJServer,http://vdjserver.org/,vdjserver@utsouthwestern.edu,/home/ubuntu/ireceptor-monitor/performance_scripts/queries/repertoires/pass-field-organism-id.json,2.52092719078064,2023-01-25 07:33:40.767480,2023-01-24 23:33:40.767480-08:00,vdjserver,VDJServer (US),,,,pass-field-organism-id.json,,,,,,,,,,,,,,,,,,,,,,
2,AIRR Data Commons API for VDJServer Community Data Portal,VDJServer ADC API response for repertoire query,1.3,VDJServer,http://vdjserver.org/,vdjserver@utsouthwestern.edu,/home/ubuntu/ireceptor-monitor/performance_scripts/queries/repertoires/pass-field-pcr_target_locus.json,1.732595443725586,2023-01-25 07:33:42.583927,2023-01-24 23:33:42.583927-08:00,vdjserver,VDJServer (US),,,,pass-field-pcr_target_locus.json,,,,,,,,,,,,,,,,,,,,,,
3,AIRR Data Commons API for VDJServer Community Data Portal,VDJServer ADC API response for repertoire query,1.3,VDJServer,http://vdjserver.org/,vdjserver@utsouthwestern.edu,/home/ubuntu/ireceptor-monitor/performance_scripts/queries/repertoires/pass-field-age-range.json,5.1165385246276855,2023-01-25 07:33:48.113932,2023-01-24 23:33:48.113932-08:00,vdjserver,VDJServer (US),,,,pass-field-age-range.json,,,,,,,,,,,,,,,,,,,,,,
4,AIRR Data Commons API for VDJServer Community Data Portal,VDJServer ADC API response for repertoire query,1.3,VDJServer,http://vdjserver.org/,vdjserver@utsouthwestern.edu,/home/ubuntu/ireceptor-monitor/performance_scripts/queries/repertoires/pass-query2_repertoire.json,0.4365787506103516,2023-01-25 07:33:48.566432,2023-01-24 23:33:48.566432-08:00,vdjserver,VDJServer (US),,,,pass-query2_repertoire.json,,,,,,,,,,,,,,,,,,,,,,
0,AIRR Data Commons API for VDJServer Community Data Portal,VDJServer ADC API response for repertoire query,1.3,VDJServer,http://vdjserver.org/,vdjserver@utsouthwestern.edu,/home/ubuntu/ireceptor-monitor/performance_scripts/queries/repertoires/pass-all.json,6.259061098098755,2023-01-25 11:33:38.812878,2023-01-25 03:33:38.812878-08:00,vdjserver,VDJServer (US),,,,pass-all.json,,,,,,,,,,,,,,,,,,,,,,
1,AIRR Data Commons API for VDJServer Community Data Portal,VDJServer ADC API response for repertoire query,1.3,VDJServer,http://vdjserver.org/,vdjserver@utsouthwestern.edu,/home/ubuntu/ireceptor-monitor/performance_scripts/queries/repertoires/pass-field-organism-id.json,1.7519845962524414,2023-01-25 11:33:40.711250,2023-01-25 03:33:40.711250-08:00,vdjserver,VDJServer (US),,,,pass-field-organism-id.json,,,,,,,,,,,,,,,,,,,,,,
2,AIRR Data Commons API for VDJServer Community Data Portal,VDJServer ADC API response for repertoire query,1.3,VDJServer,http://vdjserver.org/,vdjserver@utsouthwestern.edu,/home/ubuntu/ireceptor-monitor/performance_scripts/queries/repertoires/pass-field-pcr_target_locus.json,1.7357358932495115,2023-01-25 11:33:42.531698,2023-01-25 03:33:42.531698-08:00,vdjserver,VDJServer (US),,,,pass-field-pcr_target_locus.json,,,,,,,,,,,,,,,,,,,,,,
3,AIRR Data Commons API for VDJServer Community Data Portal,VDJServer ADC API response for repertoire query,1.3,VDJServer,http://vdjserver.org/,vdjserver@utsouthwestern.edu,/home/ubuntu/ireceptor-monitor/performance_scripts/queries/repertoires/pass-field-age-range.json,4.023214817047118,2023-01-25 11:33:46.962010,2023-01-25 03:33:46.962010-08:00,vdjserver,VDJServer (US),,,,pass-field-age-range.json,,,,,,,,,,,,,,,,,,,,,,
4,AIRR Data Commons API for VDJServer Community Data Portal,VDJServer ADC API response for repertoire query,1.3,VDJServer,http://vdjserver.org/,vdjserver@utsouthwestern.edu,/home/ubuntu/ireceptor-monitor/performance_scripts/queries/repertoires/pass-query2_repertoire.json,0.4336173534393311,2023-01-25 11:33:47.418716,2023-01-25 03:33:47.418716-08:00,vdjserver,VDJServer (US),,,,pass-query2_repertoire.json,,,,,,,,,,,,,,,,,,,,,,
0,AIRR Data Commons API for VDJServer Community Data Portal,VDJServer ADC API response for repertoire query,1.3,VDJServer,http://vdjserver.org/,vdjserver@utsouthwestern.edu,/home/ubuntu/ireceptor-monitor/performance_scripts/queries/repertoires/pass-all.json,6.8906965255737305,2023-01-25 15:33:39.201813,2023-01-25 07:33:39.201813-08:00,vdjserver,VDJServer (US),,,,pass-all.json,,,,,,,,,,,,,,,,,,,,,,
1,AIRR Data Commons API for VDJServer Community Data Portal,VDJServer ADC API response for repertoire query,1.3,VDJServer,http://vdjserver.org/,vdjserver@utsouthwestern.edu,/home/ubuntu/ireceptor-monitor/performance_scripts/queries/repertoires/pass-field-organism-id.json,2.172694444656372,2023-01-25 15:33:41.526202,2023-01-25 07:33:41.526202-08:00,vdjserver,VDJServer (US),,,,pass-field-organism-id.json,,,,,,,,,,,,,,,,,,,,,,
2,AIRR Data Commons API for VDJServer Community Data Portal,VDJServer ADC API response for repertoire query,1.3,VDJServer,http://vdjserver.org/,vdjserver@utsouthwestern.edu,/home/ubuntu/ireceptor-monitor/performance_scripts/queries/repertoires/pass-field-pcr_target_locus.json,2.042557001113892,2023-01-25 15:33:43.655876,2023-01-25 07:33:43.655876-08:00,vdjserver,VDJServer (US),,,,pass-field-pcr_target_locus.json,,,,,,,,,,,,,,,,,,,,,,
3,AIRR Data Commons API for VDJServer Community Data Portal,VDJServer ADC API response for repertoire query,1.3,VDJServer,http://vdjserver.org/,vdjserver@utsouthwestern.edu,/home/ubuntu/ireceptor-monitor/performance_scripts/queries/repertoires/pass-field-age-range.json,5.255352020263672,2023-01-25 15:33:49.382140,2023-01-25 07:33:49.382140-08:00,vdjserver,VDJServer (US),,,,pass-field-age-range.json,,,,,,,,,,,,,,,,,,,,,,
4,AIRR Data Commons API for VDJServer Community Data Portal,VDJServer ADC API response for repertoire query,1.3,VDJServer,http://vdjserver.org/,vdjserver@utsouthwestern.edu,/home/ubuntu/ireceptor-monitor/performance_scripts/queries/repertoires/pass-query2_repertoire.json,0.5442526340484619,2023-01-25 15:33:49.946624,2023-01-25 07:33:49.946624-08:00,vdjserver,VDJServer (US),,,,pass-query2_repertoire.json,,,,,,,,,,,,,,,,,,,,,,
0,AIRR Data Commons API for VDJServer Community Data Portal,VDJServer ADC API response for repertoire query,1.3,VDJServer,http://vdjserver.org/,vdjserver@utsouthwestern.edu,/home/ubuntu/ireceptor-monitor/performance_scripts/queries/repertoires/pass-all.json,10.043501853942873,2023-01-25 19:33:44.022305,2023-01-25 11:33:44.022305-08:00,vdjserver,VDJServer (US),,,,pass-all.json,,,,,,,,,,,,,,,,,,,,,,
1,AIRR Data Commons API for VDJServer Community Data Portal,VDJServer ADC API response for repertoire query,1.3,VDJServer,http://vdjserver.org/,vdjserver@utsouthwestern.edu,/home/ubuntu/ireceptor-monitor/performance_scripts/queries/repertoires/pass-field-organism-id.json,4.122157573699951,2023-01-25 19:33:48.314245,2023-01-25 11:33:48.314245-08:00,vdjserver,VDJServer (US),,,,pass-field-organism-id.json,,,,,,,,,,,,,,,,,,,,,,
2,AIRR Data Commons API for VDJServer Community Data Portal,VDJServer ADC API response for repertoire query,1.3,VDJServer,http://vdjserver.org/,vdjserver@utsouthwestern.edu,/home/ubuntu/ireceptor-monitor/performance_scripts/queries/repertoires/pass-field-pcr_target_locus.json,1.812299728393555,2023-01-25 19:33:50.216163,2023-01-25 11:33:50.216163-08:00,vdjserver,VDJServer (US),,,,pass-field-pcr_target_locus.json,,,,,,,,,,,,,,,,,,,,,,
3,AIRR Data Commons API for VDJServer Community Data Portal,VDJServer ADC API response for repertoire query,1.3,VDJServer,http://vdjserver.org/,vdjserver@utsouthwestern.edu,/home/ubuntu/ireceptor-monitor/performance_scripts/queries/repertoires/pass-field-age-range.json,6.9528398513793945,2023-01-25 19:33:57.613110,2023-01-25 11:33:57.613110-08:00,vdjserver,VDJServer (US),,,,pass-field-age-range.json,,,,,,,,,,,,,,,,,,,,,,
4,AIRR Data Commons API for VDJServer Community Data Portal,VDJServer ADC API response for repertoire query,1.3,VDJServer,http://vdjserver.org/,vdjserver@utsouthwestern.edu,/home/ubuntu/ireceptor-monitor/performance_scripts/queries/repertoires/pass-query2_repertoire.json,0.5340163707733154,2023-01-25 19:33:58.164045,2023-01-25 11:33:58.164045-08:00,vdjserver,VDJServer (US),,,,pass-query2_repertoire.json,,,,,,,,,,,,,,,,,,,,,,
0,AIRR Data Commons API for VDJServer Community Data Portal,VDJServer ADC API response for repertoire query,1.3,VDJServer,http://vdjserver.org/,vdjserver@utsouthwestern.edu,/home/ubuntu/ireceptor-monitor/performance_scripts/queries/repertoires/pass-all.json,8.498486280441284,2023-01-25 23:33:41.223497,2023-01-25 15:33:41.223497-08:00,vdjserver,VDJServer (US),,,,pass-all.json,,,,,,,,,,,,,,,,,,,,,,
1,AIRR Data Commons API for VDJServer Community Data Portal,VDJServer ADC API response for repertoire query,1.3,VDJServer,http://vdjserver.org/,vdjserver@utsouthwestern.edu,/home/ubuntu/ireceptor-monitor/performance_scripts/queries/repertoires/pass-field-organism-id.json,3.022953748703003,2023-01-25 23:33:44.403692,2023-01-25 15:33:44.403692-08:00,vdjserver,VDJServer (US),,,,pass-field-organism-id.json,,,,,,,,,,,,,,,,,,,,,,
2,AIRR Data Commons API for VDJServer Community Data Portal,VDJServer ADC API response for repertoire query,1.3,VDJServer,http://vdjserver.org/,vdjserver@utsouthwestern.edu,/home/ubuntu/ireceptor-monitor/performance_scripts/queries/repertoires/pass-field-pcr_target_locus.json,1.907270908355713,2023-01-25 23:33:46.398076,2023-01-25 15:33:46.398076-08:00,vdjserver,VDJServer (US),,,,pass-field-pcr_target_locus.json,,,,,,,,,,,,,,,,,,,,,,
3,AIRR Data Commons API for VDJServer Community Data Portal,VDJServer ADC API response for repertoire query,1.3,VDJServer,http://vdjserver.org/,vdjserver@utsouthwestern.edu,/home/ubuntu/ireceptor-monitor/performance_scripts/queries/repertoires/pass-field-age-range.json,7.358402252197266,2023-01-25 23:33:54.210797,2023-01-25 15:33:54.210797-08:00,vdjserver,VDJServer (US),,,,pass-field-age-range.json,,,,,,,,,,,,,,,,,,,,,,
4,AIRR Data Commons API for VDJServer Community Data Portal,VDJServer ADC API response for repertoire query,1.3,VDJServer,http://vdjserver.org/,vdjserver@utsouthwestern.edu,/home/ubuntu/ireceptor-monitor/performance_scripts/queries/repertoires/pass-query2_repertoire.json,0.5393142700195312,2023-01-25 23:33:54.767978,2023-01-25 15:33:54.767978-08:00,vdjserver,VDJServer (US),,,,pass-query2_repertoire.json,,,,,,,,,,,,,,,,,,,,,,
0,AIRR Data Commons API for VDJServer Community Data Portal,VDJServer ADC API response for repertoire query,1.3,VDJServer,http://vdjserver.org/,vdjserver@utsouthwestern.edu,/home/ubuntu/ireceptor-monitor/performance_scripts/queries/repertoires/pass-all.json,7.1271960735321045,2023-01-26 03:33:43.806608,2023-01-25 19:33:43.806608-08:00,vdjserver,VDJServer (US),,,,pass-all.json,,,,,,,,,,,,,,,,,,,,,,
1,AIRR Data Commons API for VDJServer Community Data Portal,VDJServer ADC API response for repertoire query,1.3,VDJServer,http://vdjserver.org/,vdjserver@utsouthwestern.edu,/home/ubuntu/ireceptor-monitor/performance_scripts/queries/repertoires/pass-field-organism-id.json,2.24946403503418,2023-01-26 03:33:46.218775,2023-01-25 19:33:46.218775-08:00,vdjserver,VDJServer (US),,,,pass-field-organism-id.json,,,,,,,,,,,,,,,,,,,,,,
2,AIRR Data Commons API for VDJServer Community Data Portal,VDJServer ADC API response for repertoire query,1.3,VDJServer,http://vdjserver.org/,vdjserver@utsouthwestern.edu,/home/ubuntu/ireceptor-monitor/performance_scripts/queries/repertoires/pass-field-pcr_target_locus.json,1.8603196144104004,2023-01-26 03:33:48.164680,2023-01-25 19:33:48.164680-08:00,vdjserver,VDJServer (US),,,,pass-field-pcr_target_locus.json,,,,,,,,,,,,,,,,,,,,,,
3,AIRR Data Commons API for VDJServer Community Data Portal,VDJServer ADC API response for repertoire query,1.3,VDJServer,http://vdjserver.org/,vdjserver@utsouthwestern.edu,/home/ubuntu/ireceptor-monitor/performance_scripts/queries/repertoires/pass-field-age-range.json,7.402381896972656,2023-01-26 03:33:56.014015,2023-01-25 19:33:56.014015-08:00,vdjserver,VDJServer (US),,,,pass-field-age-range.json,,,,,,,,,,,,,,,,,,,,,,
4,AIRR Data Commons API for VDJServer Community Data Portal,VDJServer ADC API response for repertoire query,1.3,VDJServer,http://vdjserver.org/,vdjserver@utsouthwestern.edu,/home/ubuntu/ireceptor-monitor/performance_scripts/queries/repertoires/pass-query2_repertoire.json,0.43169617652893066,2023-01-26 03:33:56.468528,2023-01-25 19:33:56.468528-08:00,vdjserver,VDJServer (US),,,,pass-query2_repertoire.json,,,,,,,,,,,,,,,,,,,,,,
0,AIRR Data Commons API for VDJServer Community Data Portal,VDJServer ADC API response for repertoire query,1.3,VDJServer,http://vdjserver.org/,vdjserver@utsouthwestern.edu,/home/ubuntu/ireceptor-monitor/performance_scripts/queries/repertoires/pass-all.json,5.985682010650635,2023-01-26 07:33:41.209656,2023-01-25 23:33:41.209656-08:00,vdjserver,VDJServer (US),,,,pass-all.json,,,,,,,,,,,,,,,,,,,,,,
1,AIRR Data Commons API for VDJServer Community Data Portal,VDJServer ADC API response for repertoire query,1.3,VDJServer,http://vdjserver.org/,vdjserver@utsouthwestern.edu,/home/ubuntu/ireceptor-monitor/performance_scripts/queries/repertoires/pass-field-organism-id.json,1.7534701824188232,2023-01-26 07:33:43.124037,2023-01-25 23:33:43.124037-08:00,vdjserver,VDJServer (US),,,,pass-field-organism-id.json,,,,,,,,,,,,,,,,,,,,,,
2,AIRR Data Commons API for VDJServer Community Data Portal,VDJServer ADC API response for repertoire query,1.3,VDJServer,http://vdjserver.org/,vdjserver@utsouthwestern.edu,/home/ubuntu/ireceptor-monitor/performance_scripts/queries/repertoires/pass-field-pcr_target_locus.json,1.892219066619873,2023-01-26 07:33:45.104267,2023-01-25 23:33:45.104267-08:00,vdjserver,VDJServer (US),,,,pass-field-pcr_target_locus.json,,,,,,,,,,,,,,,,,,,,,,
3,AIRR Data Commons API for VDJServer Community Data Portal,VDJServer ADC API response for repertoire query,1.3,VDJServer,http://vdjserver.org/,vdjserver@utsouthwestern.edu,/home/ubuntu/ireceptor-monitor/performance_scripts/queries/repertoires/pass-field-age-range.json,4.740360498428345,2023-01-26 07:33:50.288165,2023-01-25 23:33:50.288165-08:00,vdjserver,VDJServer (US),,,,pass-field-age-range.json,,,,,,,,,,,,,,,,,,,,,,
4,AIRR Data Commons API for VDJServer Community Data Portal,VDJServer ADC API response for repertoire query,1.3,VDJServer,http://vdjserver.org/,vdjserver@utsouthwestern.edu,/home/ubuntu/ireceptor-monitor/performance_scripts/queries/repertoires/pass-query2_repertoire.json,0.4591348171234131,2023-01-26 07:33:50.764717,2023-01-25 23:33:50.764717-08:00,vdjserver,VDJServer (US),,,,pass-query2_repertoire.json,,,,,,,,,,,,,,,,,,,,,,
0,AIRR Data Commons API for VDJServer Community Data Portal,VDJServer ADC API response for repertoire query,1.3,VDJServer,http://vdjserver.org/,vdjserver@utsouthwestern.edu,/home/ubuntu/ireceptor-monitor/performance_scripts/queries/repertoires/pass-all.json,7.91508150100708,2023-01-26 11:33:41.944329,2023-01-26 03:33:41.944329-08:00,vdjserver,VDJServer (US),,,,pass-all.json,,,,,,,,,,,,,,,,,,,,,,
1,AIRR Data Commons API for VDJServer Community Data Portal,VDJServer ADC API response for repertoire query,1.3,VDJServer,http://vdjserver.org/,vdjserver@utsouthwestern.edu,/home/ubuntu/ireceptor-monitor/performance_scripts/queries/repertoires/pass-field-organism-id.json,4.445334911346436,2023-01-26 11:33:46.540562,2023-01-26 03:33:46.540562-08:00,vdjserver,VDJServer (US),,,,pass-field-organism-id.json,,,,,,,,,,,,,,,,,,,,,,
2,AIRR Data Commons API for VDJServer Community Data Portal,VDJServer ADC API response for repertoire query,1.3,VDJServer,http://vdjserver.org/,vdjserver@utsouthwestern.edu,/home/ubuntu/ireceptor-monitor/performance_scripts/queries/repertoires/pass-field-pcr_target_locus.json,1.855050802230835,2023-01-26 11:33:48.483715,2023-01-26 03:33:48.483715-08:00,vdjserver,VDJServer (US),,,,pass-field-pcr_target_locus.json,,,,,,,,,,,,,,,,,,,,,,
3,AIRR Data Commons API for VDJServer Community Data Portal,VDJServer ADC API response for repertoire query,1.3,VDJServer,http://vdjserver.org/,vdjserver@utsouthwestern.edu,/home/ubuntu/ireceptor-monitor/performance_scripts/queries/repertoires/pass-field-age-range.json,6.214931964874268,2023-01-26 11:33:55.143588,2023-01-26 03:33:55.143588-08:00,vdjserver,VDJServer (US),,,,pass-field-age-range.json,,,,,,,,,,,,,,,,,,,,,,
4,AIRR Data Commons API for VDJServer Community Data Portal,VDJServer ADC API response for repertoire query,1.3,VDJServer,http://vdjserver.org/,vdjserver@utsouthwestern.edu,/home/ubuntu/ireceptor-monitor/performance_scripts/queries/repertoires/pass-query2_repertoire.json,0.5957598686218262,2023-01-26 11:33:55.756738,2023-01-26 03:33:55.756738-08:00,vdjserver,VDJServer (US),,,,pass-query2_repertoire.json,,,,,,,,,,,,,,,,,,,,,,
0,AIRR Data Commons API for VDJServer Community Data Portal,VDJServer ADC API response for repertoire query,1.3,VDJServer,http://vdjserver.org/,vdjserver@utsouthwestern.edu,/home/ubuntu/ireceptor-monitor/performance_scripts/queries/repertoires/pass-all.json,6.434264659881593,2023-01-26 15:33:38.012473,2023-01-26 07:33:38.012473-08:00,vdjserver,VDJServer (US),,,,pass-all.json,,,,,,,,,,,,,,,,,,,,,,
1,AIRR Data Commons API for VDJServer Community Data Portal,VDJServer ADC API response for repertoire query,1.3,VDJServer,http://vdjserver.org/,vdjserver@utsouthwestern.edu,/home/ubuntu/ireceptor-monitor/performance_scripts/queries/repertoires/pass-field-organism-id.json,2.5161125659942627,2023-01-26 15:33:40.694328,2023-01-26 07:33:40.694328-08:00,vdjserver,VDJServer (US),,,,pass-field-organism-id.json,,,,,,,,,,,,,,,,,,,,,,
2,AIRR Data Commons API for VDJServer Community Data Portal,VDJServer ADC API response for repertoire query,1.3,VDJServer,http://vdjserver.org/,vdjserver@utsouthwestern.edu,/home/ubuntu/ireceptor-monitor/performance_scripts/queries/repertoires/pass-field-pcr_target_locus.json,1.358219861984253,2023-01-26 15:33:42.141984,2023-01-26 07:33:42.141984-08:00,vdjserver,VDJServer (US),,,,pass-field-pcr_target_locus.json,,,,,,,,,,,,,,,,,,,,,,
3,AIRR Data Commons API for VDJServer Community Data Portal,VDJServer ADC API response for repertoire query,1.3,VDJServer,http://vdjserver.org/,vdjserver@utsouthwestern.edu,/home/ubuntu/ireceptor-monitor/performance_scripts/queries/repertoires/pass-field-age-range.json,3.864917755126953,2023-01-26 15:33:46.455232,2023-01-26 07:33:46.455232-08:00,vdjserver,VDJServer (US),,,,pass-field-age-range.json,,,,,,,,,,,,,,,,,,,,,,
4,AIRR Data Commons API for VDJServer Community Data Portal,VDJServer ADC API response for repertoire query,1.3,VDJServer,http://vdjserver.org/,vdjserver@utsouthwestern.edu,/home/ubuntu/ireceptor-monitor/performance_scripts/queries/repertoires/pass-query2_repertoire.json,0.4207279682159424,2023-01-26 15:33:46.893049,2023-01-26 07:33:46.893049-08:00,vdjserver,VDJServer (US),,,,pass-query2_repertoire.json,,,,,,,,,,,,,,,,,,,,,,
0,AIRR Data Commons API for VDJServer Community Data Portal,VDJServer ADC API response for repertoire query,1.3,VDJServer,http://vdjserver.org/,vdjserver@utsouthwestern.edu,/home/ubuntu/ireceptor-monitor/performance_scripts/queries/repertoires/pass-all.json,6.112339019775393,2023-01-26 19:33:38.069631,2023-01-26 11:33:38.069631-08:00,vdjserver,VDJServer (US),,,,pass-all.json,,,,,,,,,,,,,,,,,,,,,,
1,AIRR Data Commons API for VDJServer Community Data Portal,VDJServer ADC API response for repertoire query,1.3,VDJServer,http://vdjserver.org/,vdjserver@utsouthwestern.edu,/home/ubuntu/ireceptor-monitor/performance_scripts/queries/repertoires/pass-field-organism-id.json,2.5851030349731445,2023-01-26 19:33:40.813442,2023-01-26 11:33:40.813442-08:00,vdjserver,VDJServer (US),,,,pass-field-organism-id.json,,,,,,,,,,,,,,,,,,,,,,
2,AIRR Data Commons API for VDJServer Community Data Portal,VDJServer ADC API response for repertoire query,1.3,VDJServer,http://vdjserver.org/,vdjserver@utsouthwestern.edu,/home/ubuntu/ireceptor-monitor/performance_scripts/queries/repertoires/pass-field-pcr_target_locus.json,1.9038133621215816,2023-01-26 19:33:42.803593,2023-01-26 11:33:42.803593-08:00,vdjserver,VDJServer (US),,,,pass-field-pcr_target_locus.json,,,,,,,,,,,,,,,,,,,,,,
3,AIRR Data Commons API for VDJServer Community Data Portal,VDJServer ADC API response for repertoire query,1.3,VDJServer,http://vdjserver.org/,vdjserver@utsouthwestern.edu,/home/ubuntu/ireceptor-monitor/performance_scripts/queries/repertoires/pass-field-age-range.json,5.065449476242065,2023-01-26 19:33:48.324679,2023-01-26 11:33:48.324679-08:00,vdjserver,VDJServer (US),,,,pass-field-age-range.json,,,,,,,,,,,,,,,,,,,,,,
4,AIRR Data Commons API for VDJServer Community Data Portal,VDJServer ADC API response for repertoire query,1.3,VDJServer,http://vdjserver.org/,vdjserver@utsouthwestern.edu,/home/ubuntu/ireceptor-monitor/performance_scripts/queries/repertoires/pass-query2_repertoire.json,0.4269399642944336,2023-01-26 19:33:48.769206,2023-01-26 11:33:48.769206-08:00,vdjserver,VDJServer (US),,,,pass-query2_repertoire.json,,,,,,,,,,,,,,,,,,,,,,
0,AIRR Data Commons API for VDJServer Community Data Portal,VDJServer ADC API response for repertoire query,1.3,VDJServer,http://vdjserver.org/,vdjserver@utsouthwestern.edu,/home/ubuntu/ireceptor-monitor/performance_scripts/queries/repertoires/pass-all.json,6.8432793617248535,2023-01-26 23:33:38.760313,2023-01-26 15:33:38.760313-08:00,vdjserver,VDJServer (US),,,,pass-all.json,,,,,,,,,,,,,,,,,,,,,,
1,AIRR Data Commons API for VDJServer Community Data Portal,VDJServer ADC API response for repertoire query,1.3,VDJServer,http://vdjserver.org/,vdjserver@utsouthwestern.edu,/home/ubuntu/ireceptor-monitor/performance_scripts/queries/repertoires/pass-field-organism-id.json,3.866496801376343,2023-01-26 23:33:42.768543,2023-01-26 15:33:42.768543-08:00,vdjserver,VDJServer (US),,,,pass-field-organism-id.json,,,,,,,,,,,,,,,,,,,,,,
2,AIRR Data Commons API for VDJServer Community Data Portal,VDJServer ADC API response for repertoire query,1.3,VDJServer,http://vdjserver.org/,vdjserver@utsouthwestern.edu,/home/ubuntu/ireceptor-monitor/performance_scripts/queries/repertoires/pass-field-pcr_target_locus.json,1.8570821285247805,2023-01-26 23:33:44.707140,2023-01-26 15:33:44.707140-08:00,vdjserver,VDJServer (US),,,,pass-field-pcr_target_locus.json,,,,,,,,,,,,,,,,,,,,,,
3,AIRR Data Commons API for VDJServer Community Data Portal,VDJServer ADC API response for repertoire query,1.3,VDJServer,http://vdjserver.org/,vdjserver@utsouthwestern.edu,/home/ubuntu/ireceptor-monitor/performance_scripts/queries/repertoires/pass-field-age-range.json,5.010606288909912,2023-01-26 23:33:50.125971,2023-01-26 15:33:50.125971-08:00,vdjserver,VDJServer (US),,,,pass-field-age-range.json,,,,,,,,,,,,,,,,,,,,,,
4,AIRR Data Commons API for VDJServer Community Data Portal,VDJServer ADC API response for repertoire query,1.3,VDJServer,http://vdjserver.org/,vdjserver@utsouthwestern.edu,/home/ubuntu/ireceptor-monitor/performance_scripts/queries/repertoires/pass-query2_repertoire.json,0.4446408748626709,2023-01-26 23:33:50.589135,2023-01-26 15:33:50.589135-08:00,vdjserver,VDJServer (US),,,,pass-query2_repertoire.json,,,,,,,,,,,,,,,,,,,,,,
0,AIRR Data Commons API for VDJServer Community Data Portal,VDJServer ADC API response for repertoire query,1.3,VDJServer,http://vdjserver.org/,vdjserver@utsouthwestern.edu,/home/ubuntu/ireceptor-monitor/performance_scripts/queries/repertoires/pass-all.json,6.932347297668457,2023-01-27 03:33:37.720779,2023-01-26 19:33:37.720779-08:00,vdjserver,VDJServer (US),,,,pass-all.json,,,,,,,,,,,,,,,,,,,,,,
1,AIRR Data Commons API for VDJServer Community Data Portal,VDJServer ADC API response for repertoire query,1.3,VDJServer,http://vdjserver.org/,vdjserver@utsouthwestern.edu,/home/ubuntu/ireceptor-monitor/performance_scripts/queries/repertoires/pass-field-organism-id.json,2.507630586624145,2023-01-27 03:33:40.384584,2023-01-26 19:33:40.384584-08:00,vdjserver,VDJServer (US),,,,pass-field-organism-id.json,,,,,,,,,,,,,,,,,,,,,,
2,AIRR Data Commons API for VDJServer Community Data Portal,VDJServer ADC API response for repertoire query,1.3,VDJServer,http://vdjserver.org/,vdjserver@utsouthwestern.edu,/home/ubuntu/ireceptor-monitor/performance_scripts/queries/repertoires/pass-field-pcr_target_locus.json,1.7459282875061035,2023-01-27 03:33:42.216455,2023-01-26 19:33:42.216455-08:00,vdjserver,VDJServer (US),,,,pass-field-pcr_target_locus.json,,,,,,,,,,,,,,,,,,,,,,
3,AIRR Data Commons API for VDJServer Community Data Portal,VDJServer ADC API response for repertoire query,1.3,VDJServer,http://vdjserver.org/,vdjserver@utsouthwestern.edu,/home/ubuntu/ireceptor-monitor/performance_scripts/queries/repertoires/pass-field-age-range.json,5.287093877792358,2023-01-27 03:33:47.952864,2023-01-26 19:33:47.952864-08:00,vdjserver,VDJServer (US),,,,pass-field-age-range.json,,,,,,,,,,,,,,,,,,,,,,
4,AIRR Data Commons API for VDJServer Community Data Portal,VDJServer ADC API response for repertoire query,1.3,VDJServer,http://vdjserver.org/,vdjserver@utsouthwestern.edu,/home/ubuntu/ireceptor-monitor/performance_scripts/queries/repertoires/pass-query2_repertoire.json,0.41471409797668457,2023-01-27 03:33:48.385587,2023-01-26 19:33:48.385587-08:00,vdjserver,VDJServer (US),,,,pass-query2_repertoire.json,,,,,,,,,,,,,,,,,,,,,,
0,AIRR Data Commons API for VDJServer Community Data Portal,VDJServer ADC API response for repertoire query,1.3,VDJServer,http://vdjserver.org/,vdjserver@utsouthwestern.edu,/home/ubuntu/ireceptor-monitor/performance_scripts/queries/repertoires/pass-all.json,5.238284111022949,2023-01-27 07:33:38.003175,2023-01-26 23:33:38.003175-08:00,vdjserver,VDJServer (US),,,,pass-all.json,,,,,,,,,,,,,,,,,,,,,,
1,AIRR Data Commons API for VDJServer Community Data Portal,VDJServer ADC API response for repertoire query,1.3,VDJServer,http://vdjserver.org/,vdjserver@utsouthwestern.edu,/home/ubuntu/ireceptor-monitor/performance_scripts/queries/repertoires/pass-field-organism-id.json,1.9887604713439941,2023-01-27 07:33:40.149055,2023-01-26 23:33:40.149055-08:00,vdjserver,VDJServer (US),,,,pass-field-organism-id.json,,,,,,,,,,,,,,,,,,,,,,
2,AIRR Data Commons API for VDJServer Community Data Portal,VDJServer ADC API response for repertoire query,1.3,VDJServer,http://vdjserver.org/,vdjserver@utsouthwestern.edu,/home/ubuntu/ireceptor-monitor/performance_scripts/queries/repertoires/pass-field-pcr_target_locus.json,1.5243644714355469,2023-01-27 07:33:41.760591,2023-01-26 23:33:41.760591-08:00,vdjserver,VDJServer (US),,,,pass-field-pcr_target_locus.json,,,,,,,,,,,,,,,,,,,,,,
3,AIRR Data Commons API for VDJServer Community Data Portal,VDJServer ADC API response for repertoire query,1.3,VDJServer,http://vdjserver.org/,vdjserver@utsouthwestern.edu,/home/ubuntu/ireceptor-monitor/performance_scripts/queries/repertoires/pass-field-age-range.json,3.5078246593475337,2023-01-27 07:33:45.713148,2023-01-26 23:33:45.713148-08:00,vdjserver,VDJServer (US),,,,pass-field-age-range.json,,,,,,,,,,,,,,,,,,,,,,
4,AIRR Data Commons API for VDJServer Community Data Portal,VDJServer ADC API response for repertoire query,1.3,VDJServer,http://vdjserver.org/,vdjserver@utsouthwestern.edu,/home/ubuntu/ireceptor-monitor/performance_scripts/queries/repertoires/pass-query2_repertoire.json,0.39768433570861816,2023-01-27 07:33:46.128928,2023-01-26 23:33:46.128928-08:00,vdjserver,VDJServer (US),,,,pass-query2_repertoire.json,,,,,,,,,,,,,,,,,,,,,,
0,AIRR Data Commons API for VDJServer Community Data Portal,VDJServer ADC API response for repertoire query,1.3,VDJServer,http://vdjserver.org/,vdjserver@utsouthwestern.edu,/home/ubuntu/ireceptor-monitor/performance_scripts/queries/repertoires/pass-all.json,4.703387975692749,2023-01-27 11:33:37.218339,2023-01-27 03:33:37.218339-08:00,vdjserver,VDJServer (US),,,,pass-all.json,,,,,,,,,,,,,,,,,,,,,,
1,AIRR Data Commons API for VDJServer Community Data Portal,VDJServer ADC API response for repertoire query,1.3,VDJServer,http://vdjserver.org/,vdjserver@utsouthwestern.edu,/home/ubuntu/ireceptor-monitor/performance_scripts/queries/repertoires/pass-field-organism-id.json,1.8283758163452148,2023-01-27 11:33:39.209704,2023-01-27 03:33:39.209704-08:00,vdjserver,VDJServer (US),,,,pass-field-organism-id.json,,,,,,,,,,,,,,,,,,,,,,
2,AIRR Data Commons API for VDJServer Community Data Portal,VDJServer ADC API response for repertoire query,1.3,VDJServer,http://vdjserver.org/,vdjserver@utsouthwestern.edu,/home/ubuntu/ireceptor-monitor/performance_scripts/queries/repertoires/pass-field-pcr_target_locus.json,1.32228422164917,2023-01-27 11:33:40.619280,2023-01-27 03:33:40.619280-08:00,vdjserver,VDJServer (US),,,,pass-field-pcr_target_locus.json,,,,,,,,,,,,,,,,,,,,,,
3,AIRR Data Commons API for VDJServer Community Data Portal,VDJServer ADC API response for repertoire query,1.3,VDJServer,http://vdjserver.org/,vdjserver@utsouthwestern.edu,/home/ubuntu/ireceptor-monitor/performance_scripts/queries/repertoires/pass-field-age-range.json,6.366478681564331,2023-01-27 11:33:47.427313,2023-01-27 03:33:47.427313-08:00,vdjserver,VDJServer (US),,,,pass-field-age-range.json,,,,,,,,,,,,,,,,,,,,,,
4,AIRR Data Commons API for VDJServer Community Data Portal,VDJServer ADC API response for repertoire query,1.3,VDJServer,http://vdjserver.org/,vdjserver@utsouthwestern.edu,/home/ubuntu/ireceptor-monitor/performance_scripts/queries/repertoires/pass-query2_repertoire.json,0.3998179435729981,2023-01-27 11:33:47.844515,2023-01-27 03:33:47.844515-08:00,vdjserver,VDJServer (US),,,,pass-query2_repertoire.json,,,,,,,,,,,,,,,,,,,,,,
0,AIRR Data Commons API for VDJServer Community Data Portal,VDJServer ADC API response for repertoire query,1.3,VDJServer,http://vdjserver.org/,vdjserver@utsouthwestern.edu,/home/ubuntu/ireceptor-monitor/performance_scripts/queries/repertoires/pass-all.json,4.815831422805786,2023-01-27 15:33:36.599131,2023-01-27 07:33:36.599131-08:00,vdjserver,VDJServer (US),,,,pass-all.json,,,,,,,,,,,,,,,,,,,,,,
1,AIRR Data Commons API for VDJServer Community Data Portal,VDJServer ADC API response for repertoire query,1.3,VDJServer,http://vdjserver.org/,vdjserver@utsouthwestern.edu,/home/ubuntu/ireceptor-monitor/performance_scripts/queries/repertoires/pass-field-organism-id.json,1.7232484817504885,2023-01-27 15:33:38.473113,2023-01-27 07:33:38.473113-08:00,vdjserver,VDJServer (US),,,,pass-field-organism-id.json,,,,,,,,,,,,,,,,,,,,,,
2,AIRR Data Commons API for VDJServer Community Data Portal,VDJServer ADC API response for repertoire query,1.3,VDJServer,http://vdjserver.org/,vdjserver@utsouthwestern.edu,/home/ubuntu/ireceptor-monitor/performance_scripts/queries/repertoires/pass-field-pcr_target_locus.json,1.335200309753418,2023-01-27 15:33:39.895012,2023-01-27 07:33:39.895012-08:00,vdjserver,VDJServer (US),,,,pass-field-pcr_target_locus.json,,,,,,,,,,,,,,,,,,,,,,
3,AIRR Data Commons API for VDJServer Community Data Portal,VDJServer ADC API response for repertoire query,1.3,VDJServer,http://vdjserver.org/,vdjserver@utsouthwestern.edu,/home/ubuntu/ireceptor-monitor/performance_scripts/queries/repertoires/pass-field-age-range.json,3.4323337078094482,2023-01-27 15:33:43.772168,2023-01-27 07:33:43.772168-08:00,vdjserver,VDJServer (US),,,,pass-field-age-range.json,,,,,,,,,,,,,,,,,,,,,,
4,AIRR Data Commons API for VDJServer Community Data Portal,VDJServer ADC API response for repertoire query,1.3,VDJServer,http://vdjserver.org/,vdjserver@utsouthwestern.edu,/home/ubuntu/ireceptor-monitor/performance_scripts/queries/repertoires/pass-query2_repertoire.json,0.4081370830535889,2023-01-27 15:33:44.197012,2023-01-27 07:33:44.197012-08:00,vdjserver,VDJServer (US),,,,pass-query2_repertoire.json,,,,,,,,,,,,,,,,,,,,,,
0,AIRR Data Commons API for VDJServer Community Data Portal,VDJServer ADC API response for repertoire query,1.3,VDJServer,http://vdjserver.org/,vdjserver@utsouthwestern.edu,/home/ubuntu/ireceptor-monitor/performance_scripts/queries/repertoires/pass-all.json,7.222445487976074,2023-01-27 19:33:38.703166,2023-01-27 11:33:38.703166-08:00,vdjserver,VDJServer (US),,,,pass-all.json,,,,,,,,,,,,,,,,,,,,,,
1,AIRR Data Commons API for VDJServer Community Data Portal,VDJServer ADC API response for repertoire query,1.3,VDJServer,http://vdjserver.org/,vdjserver@utsouthwestern.edu,/home/ubuntu/ireceptor-monitor/performance_scripts/queries/repertoires/pass-field-organism-id.json,2.671832323074341,2023-01-27 19:33:41.524471,2023-01-27 11:33:41.524471-08:00,vdjserver,VDJServer (US),,,,pass-field-organism-id.json,,,,,,,,,,,,,,,,,,,,,,
2,AIRR Data Commons API for VDJServer Community Data Portal,VDJServer ADC API response for repertoire query,1.3,VDJServer,http://vdjserver.org/,vdjserver@utsouthwestern.edu,/home/ubuntu/ireceptor-monitor/performance_scripts/queries/repertoires/pass-field-pcr_target_locus.json,1.938772678375244,2023-01-27 19:33:43.552992,2023-01-27 11:33:43.552992-08:00,vdjserver,VDJServer (US),,,,pass-field-pcr_target_locus.json,,,,,,,,,,,,,,,,,,,,,,
3,AIRR Data Commons API for VDJServer Community Data Portal,VDJServer ADC API response for repertoire query,1.3,VDJServer,http://vdjserver.org/,vdjserver@utsouthwestern.edu,/home/ubuntu/ireceptor-monitor/performance_scripts/queries/repertoires/pass-field-age-range.json,8.73089599609375,2023-01-27 19:33:52.738858,2023-01-27 11:33:52.738858-08:00,vdjserver,VDJServer (US),,,,pass-field-age-range.json,,,,,,,,,,,,,,,,,,,,,,
4,AIRR Data Commons API for VDJServer Community Data Portal,VDJServer ADC API response for repertoire query,1.3,VDJServer,http://vdjserver.org/,vdjserver@utsouthwestern.edu,/home/ubuntu/ireceptor-monitor/performance_scripts/queries/repertoires/pass-query2_repertoire.json,0.5087134838104248,2023-01-27 19:33:53.268262,2023-01-27 11:33:53.268262-08:00,vdjserver,VDJServer (US),,,,pass-query2_repertoire.json,,,,,,,,,,,,,,,,,,,,,,
0,AIRR Data Commons API for VDJServer Community Data Portal,VDJServer ADC API response for repertoire query,1.3,VDJServer,http://vdjserver.org/,vdjserver@utsouthwestern.edu,/home/ubuntu/ireceptor-monitor/performance_scripts/queries/repertoires/pass-all.json,4.340392827987672,2023-01-27 23:33:38.335908,2023-01-27 15:33:38.335908-08:00,vdjserver,VDJServer (US),,,,pass-all.json,,,,,,,,,,,,,,,,,,,,,,
1,AIRR Data Commons API for VDJServer Community Data Portal,VDJServer ADC API response for repertoire query,1.3,VDJServer,http://vdjserver.org/,vdjserver@utsouthwestern.edu,/home/ubuntu/ireceptor-monitor/performance_scripts/queries/repertoires/pass-field-organism-id.json,1.8333439826965328,2023-01-27 23:33:40.325731,2023-01-27 15:33:40.325731-08:00,vdjserver,VDJServer (US),,,,pass-field-organism-id.json,,,,,,,,,,,,,,,,,,,,,,
2,AIRR Data Commons API for VDJServer Community Data Portal,VDJServer ADC API response for repertoire query,1.3,VDJServer,http://vdjserver.org/,vdjserver@utsouthwestern.edu,/home/ubuntu/ireceptor-monitor/performance_scripts/queries/repertoires/pass-field-pcr_target_locus.json,1.351961374282837,2023-01-27 23:33:41.763344,2023-01-27 15:33:41.763344-08:00,vdjserver,VDJServer (US),,,,pass-field-pcr_target_locus.json,,,,,,,,,,,,,,,,,,,,,,
3,AIRR Data Commons API for VDJServer Community Data Portal,VDJServer ADC API response for repertoire query,1.3,VDJServer,http://vdjserver.org/,vdjserver@utsouthwestern.edu,/home/ubuntu/ireceptor-monitor/performance_scripts/queries/repertoires/pass-field-age-range.json,3.4312801361083984,2023-01-27 23:33:45.642309,2023-01-27 15:33:45.642309-08:00,vdjserver,VDJServer (US),,,,pass-field-age-range.json,,,,,,,,,,,,,,,,,,,,,,
4,AIRR Data Commons API for VDJServer Community Data Portal,VDJServer ADC API response for repertoire query,1.3,VDJServer,http://vdjserver.org/,vdjserver@utsouthwestern.edu,/home/ubuntu/ireceptor-monitor/performance_scripts/queries/repertoires/pass-query2_repertoire.json,0.4091711044311523,2023-01-27 23:33:46.071470,2023-01-27 15:33:46.071470-08:00,vdjserver,VDJServer (US),,,,pass-query2_repertoire.json,,,,,,,,,,,,,,,,,,,,,,
0,AIRR Data Commons API for VDJServer Community Data Portal,VDJServer ADC API response for repertoire query,1.3,VDJServer,http://vdjserver.org/,vdjserver@utsouthwestern.edu,/home/ubuntu/ireceptor-monitor/performance_scripts/queries/repertoires/pass-all.json,5.212638378143311,2023-01-28 03:33:36.979953,2023-01-27 19:33:36.979953-08:00,vdjserver,VDJServer (US),,,,pass-all.json,,,,,,,,,,,,,,,,,,,,,,
1,AIRR Data Commons API for VDJServer Community Data Portal,VDJServer ADC API response for repertoire query,1.3,VDJServer,http://vdjserver.org/,vdjserver@utsouthwestern.edu,/home/ubuntu/ireceptor-monitor/performance_scripts/queries/repertoires/pass-field-organism-id.json,1.7990612983703609,2023-01-28 03:33:38.927556,2023-01-27 19:33:38.927556-08:00,vdjserver,VDJServer (US),,,,pass-field-organism-id.json,,,,,,,,,,,,,,,,,,,,,,
2,AIRR Data Commons API for VDJServer Community Data Portal,VDJServer ADC API response for repertoire query,1.3,VDJServer,http://vdjserver.org/,vdjserver@utsouthwestern.edu,/home/ubuntu/ireceptor-monitor/performance_scripts/queries/repertoires/pass-field-pcr_target_locus.json,1.3871679306030271,2023-01-28 03:33:40.411970,2023-01-27 19:33:40.411970-08:00,vdjserver,VDJServer (US),,,,pass-field-pcr_target_locus.json,,,,,,,,,,,,,,,,,,,,,,
3,AIRR Data Commons API for VDJServer Community Data Portal,VDJServer ADC API response for repertoire query,1.3,VDJServer,http://vdjserver.org/,vdjserver@utsouthwestern.edu,/home/ubuntu/ireceptor-monitor/performance_scripts/queries/repertoires/pass-field-age-range.json,4.074056386947632,2023-01-28 03:33:44.927244,2023-01-27 19:33:44.927244-08:00,vdjserver,VDJServer (US),,,,pass-field-age-range.json,,,,,,,,,,,,,,,,,,,,,,
4,AIRR Data Commons API for VDJServer Community Data Portal,VDJServer ADC API response for repertoire query,1.3,VDJServer,http://vdjserver.org/,vdjserver@utsouthwestern.edu,/home/ubuntu/ireceptor-monitor/performance_scripts/queries/repertoires/pass-query2_repertoire.json,0.4547820091247559,2023-01-28 03:33:45.403242,2023-01-27 19:33:45.403242-08:00,vdjserver,VDJServer (US),,,,pass-query2_repertoire.json,,,,,,,,,,,,,,,,,,,,,,
0,AIRR Data Commons API for VDJServer Community Data Portal,VDJServer ADC API response for repertoire query,1.3,VDJServer,http://vdjserver.org/,vdjserver@utsouthwestern.edu,/home/ubuntu/ireceptor-monitor/performance_scripts/queries/repertoires/pass-all.json,5.845888614654541,2023-01-28 07:33:37.769392,2023-01-27 23:33:37.769392-08:00,vdjserver,VDJServer (US),,,,pass-all.json,,,,,,,,,,,,,,,,,,,,,,
1,AIRR Data Commons API for VDJServer Community Data Portal,VDJServer ADC API response for repertoire query,1.3,VDJServer,http://vdjserver.org/,vdjserver@utsouthwestern.edu,/home/ubuntu/ireceptor-monitor/performance_scripts/queries/repertoires/pass-field-organism-id.json,4.099335432052611,2023-01-28 07:33:42.027894,2023-01-27 23:33:42.027894-08:00,vdjserver,VDJServer (US),,,,pass-field-organism-id.json,,,,,,,,,,,,,,,,,,,,,,
2,AIRR Data Commons API for VDJServer Community Data Portal,VDJServer ADC API response for repertoire query,1.3,VDJServer,http://vdjserver.org/,vdjserver@utsouthwestern.edu,/home/ubuntu/ireceptor-monitor/performance_scripts/queries/repertoires/pass-field-pcr_target_locus.json,1.4401848316192627,2023-01-28 07:33:43.554568,2023-01-27 23:33:43.554568-08:00,vdjserver,VDJServer (US),,,,pass-field-pcr_target_locus.json,,,,,,,,,,,,,,,,,,,,,,
3,AIRR Data Commons API for VDJServer Community Data Portal,VDJServer ADC API response for repertoire query,1.3,VDJServer,http://vdjserver.org/,vdjserver@utsouthwestern.edu,/home/ubuntu/ireceptor-monitor/performance_scripts/queries/repertoires/pass-field-age-range.json,4.023699998855592,2023-01-28 07:33:48.028081,2023-01-27 23:33:48.028081-08:00,vdjserver,VDJServer (US),,,,pass-field-age-range.json,,,,,,,,,,,,,,,,,,,,,,
4,AIRR Data Commons API for VDJServer Community Data Portal,VDJServer ADC API response for repertoire query,1.3,VDJServer,http://vdjserver.org/,vdjserver@utsouthwestern.edu,/home/ubuntu/ireceptor-monitor/performance_scripts/queries/repertoires/pass-query2_repertoire.json,0.4636154174804688,2023-01-28 07:33:48.508099,2023-01-27 23:33:48.508099-08:00,vdjserver,VDJServer (US),,,,pass-query2_repertoire.json,,,,,,,,,,,,,,,,,,,,,,
0,AIRR Data Commons API for VDJServer Community Data Portal,VDJServer ADC API response for repertoire query,1.3,VDJServer,http://vdjserver.org/,vdjserver@utsouthwestern.edu,/home/ubuntu/ireceptor-monitor/performance_scripts/queries/repertoires/pass-all.json,5.455429553985597,2023-01-28 11:33:39.421543,2023-01-28 03:33:39.421543-08:00,vdjserver,VDJServer (US),,,,pass-all.json,,,,,,,,,,,,,,,,,,,,,,
1,AIRR Data Commons API for VDJServer Community Data Portal,VDJServer ADC API response for repertoire query,1.3,VDJServer,http://vdjserver.org/,vdjserver@utsouthwestern.edu,/home/ubuntu/ireceptor-monitor/performance_scripts/queries/repertoires/pass-field-organism-id.json,2.0140540599823002,2023-01-28 11:33:41.584681,2023-01-28 03:33:41.584681-08:00,vdjserver,VDJServer (US),,,,pass-field-organism-id.json,,,,,,,,,,,,,,,,,,,,,,
2,AIRR Data Commons API for VDJServer Community Data Portal,VDJServer ADC API response for repertoire query,1.3,VDJServer,http://vdjserver.org/,vdjserver@utsouthwestern.edu,/home/ubuntu/ireceptor-monitor/performance_scripts/queries/repertoires/pass-field-pcr_target_locus.json,1.493941068649292,2023-01-28 11:33:43.161847,2023-01-28 03:33:43.161847-08:00,vdjserver,VDJServer (US),,,,pass-field-pcr_target_locus.json,,,,,,,,,,,,,,,,,,,,,,
3,AIRR Data Commons API for VDJServer Community Data Portal,VDJServer ADC API response for repertoire query,1.3,VDJServer,http://vdjserver.org/,vdjserver@utsouthwestern.edu,/home/ubuntu/ireceptor-monitor/performance_scripts/queries/repertoires/pass-field-age-range.json,3.7481598854064937,2023-01-28 11:33:47.343658,2023-01-28 03:33:47.343658-08:00,vdjserver,VDJServer (US),,,,pass-field-age-range.json,,,,,,,,,,,,,,,,,,,,,,
4,AIRR Data Commons API for VDJServer Community Data Portal,VDJServer ADC API response for repertoire query,1.3,VDJServer,http://vdjserver.org/,vdjserver@utsouthwestern.edu,/home/ubuntu/ireceptor-monitor/performance_scripts/queries/repertoires/pass-query2_repertoire.json,0.4560713768005371,2023-01-28 11:33:47.820269,2023-01-28 03:33:47.820269-08:00,vdjserver,VDJServer (US),,,,pass-query2_repertoire.json,,,,,,,,,,,,,,,,,,,,,,
0,AIRR Data Commons API for VDJServer Community Data Portal,VDJServer ADC API response for repertoire query,1.3,VDJServer,http://vdjserver.org/,vdjserver@utsouthwestern.edu,/home/ubuntu/ireceptor-monitor/performance_scripts/queries/repertoires/pass-all.json,4.945393800735474,2023-01-28 15:33:39.638580,2023-01-28 07:33:39.638580-08:00,vdjserver,VDJServer (US),,,,pass-all.json,,,,,,,,,,,,,,,,,,,,,,
1,AIRR Data Commons API for VDJServer Community Data Portal,VDJServer ADC API response for repertoire query,1.3,VDJServer,http://vdjserver.org/,vdjserver@utsouthwestern.edu,/home/ubuntu/ireceptor-monitor/performance_scripts/queries/repertoires/pass-field-organism-id.json,1.8574025630950928,2023-01-28 15:33:41.662155,2023-01-28 07:33:41.662155-08:00,vdjserver,VDJServer (US),,,,pass-field-organism-id.json,,,,,,,,,,,,,,,,,,,,,,
2,AIRR Data Commons API for VDJServer Community Data Portal,VDJServer ADC API response for repertoire query,1.3,VDJServer,http://vdjserver.org/,vdjserver@utsouthwestern.edu,/home/ubuntu/ireceptor-monitor/performance_scripts/queries/repertoires/pass-field-pcr_target_locus.json,1.4018480777740479,2023-01-28 15:33:43.154644,2023-01-28 07:33:43.154644-08:00,vdjserver,VDJServer (US),,,,pass-field-pcr_target_locus.json,,,,,,,,,,,,,,,,,,,,,,
3,AIRR Data Commons API for VDJServer Community Data Portal,VDJServer ADC API response for repertoire query,1.3,VDJServer,http://vdjserver.org/,vdjserver@utsouthwestern.edu,/home/ubuntu/ireceptor-monitor/performance_scripts/queries/repertoires/pass-field-age-range.json,3.58432674407959,2023-01-28 15:33:47.212323,2023-01-28 07:33:47.212323-08:00,vdjserver,VDJServer (US),,,,pass-field-age-range.json,,,,,,,,,,,,,,,,,,,,,,
4,AIRR Data Commons API for VDJServer Community Data Portal,VDJServer ADC API response for repertoire query,1.3,VDJServer,http://vdjserver.org/,vdjserver@utsouthwestern.edu,/home/ubuntu/ireceptor-monitor/performance_scripts/queries/repertoires/pass-query2_repertoire.json,0.4145548343658447,2023-01-28 15:33:47.647456,2023-01-28 07:33:47.647456-08:00,vdjserver,VDJServer (US),,,,pass-query2_repertoire.json,,,,,,,,,,,,,,,,,,,,,,
0,AIRR Data Commons API for VDJServer Community Data Portal,VDJServer ADC API response for repertoire query,1.3,VDJServer,http://vdjserver.org/,vdjserver@utsouthwestern.edu,/home/ubuntu/ireceptor-monitor/performance_scripts/queries/repertoires/pass-all.json,4.533639669418335,2023-01-28 19:33:35.196544,2023-01-28 11:33:35.196544-08:00,vdjserver,VDJServer (US),,,,pass-all.json,,,,,,,,,,,,,,,,,,,,,,
1,AIRR Data Commons API for VDJServer Community Data Portal,VDJServer ADC API response for repertoire query,1.3,VDJServer,http://vdjserver.org/,vdjserver@utsouthwestern.edu,/home/ubuntu/ireceptor-monitor/performance_scripts/queries/repertoires/pass-field-organism-id.json,1.7291882038116455,2023-01-28 19:33:37.076640,2023-01-28 11:33:37.076640-08:00,vdjserver,VDJServer (US),,,,pass-field-organism-id.json,,,,,,,,,,,,,,,,,,,,,,
2,AIRR Data Commons API for VDJServer Community Data Portal,VDJServer ADC API response for repertoire query,1.3,VDJServer,http://vdjserver.org/,vdjserver@utsouthwestern.edu,/home/ubuntu/ireceptor-monitor/performance_scripts/queries/repertoires/pass-field-pcr_target_locus.json,1.3926551342010498,2023-01-28 19:33:38.558911,2023-01-28 11:33:38.558911-08:00,vdjserver,VDJServer (US),,,,pass-field-pcr_target_locus.json,,,,,,,,,,,,,,,,,,,,,,
3,AIRR Data Commons API for VDJServer Community Data Portal,VDJServer ADC API response for repertoire query,1.3,VDJServer,http://vdjserver.org/,vdjserver@utsouthwestern.edu,/home/ubuntu/ireceptor-monitor/performance_scripts/queries/repertoires/pass-field-age-range.json,3.5735158920288086,2023-01-28 19:33:42.563156,2023-01-28 11:33:42.563156-08:00,vdjserver,VDJServer (US),,,,pass-field-age-range.json,,,,,,,,,,,,,,,,,,,,,,
4,AIRR Data Commons API for VDJServer Community Data Portal,VDJServer ADC API response for repertoire query,1.3,VDJServer,http://vdjserver.org/,vdjserver@utsouthwestern.edu,/home/ubuntu/ireceptor-monitor/performance_scripts/queries/repertoires/pass-query2_repertoire.json,0.4104554653167725,2023-01-28 19:33:42.994041,2023-01-28 11:33:42.994041-08:00,vdjserver,VDJServer (US),,,,pass-query2_repertoire.json,,,,,,,,,,,,,,,,,,,,,,
0,AIRR Data Commons API for VDJServer Community Data Portal,VDJServer ADC API response for repertoire query,1.3,VDJServer,http://vdjserver.org/,vdjserver@utsouthwestern.edu,/home/ubuntu/ireceptor-monitor/performance_scripts/queries/repertoires/pass-all.json,4.27932071685791,2023-01-28 23:33:36.053667,2023-01-28 15:33:36.053667-08:00,vdjserver,VDJServer (US),,,,pass-all.json,,,,,,,,,,,,,,,,,,,,,,
1,AIRR Data Commons API for VDJServer Community Data Portal,VDJServer ADC API response for repertoire query,1.3,VDJServer,http://vdjserver.org/,vdjserver@utsouthwestern.edu,/home/ubuntu/ireceptor-monitor/performance_scripts/queries/repertoires/pass-field-organism-id.json,1.7302696704864502,2023-01-28 23:33:37.938514,2023-01-28 15:33:37.938514-08:00,vdjserver,VDJServer (US),,,,pass-field-organism-id.json,,,,,,,,,,,,,,,,,,,,,,
2,AIRR Data Commons API for VDJServer Community Data Portal,VDJServer ADC API response for repertoire query,1.3,VDJServer,http://vdjserver.org/,vdjserver@utsouthwestern.edu,/home/ubuntu/ireceptor-monitor/performance_scripts/queries/repertoires/pass-field-pcr_target_locus.json,1.3285284042358398,2023-01-28 23:33:39.353276,2023-01-28 15:33:39.353276-08:00,vdjserver,VDJServer (US),,,,pass-field-pcr_target_locus.json,,,,,,,,,,,,,,,,,,,,,,
3,AIRR Data Commons API for VDJServer Community Data Portal,VDJServer ADC API response for repertoire query,1.3,VDJServer,http://vdjserver.org/,vdjserver@utsouthwestern.edu,/home/ubuntu/ireceptor-monitor/performance_scripts/queries/repertoires/pass-field-age-range.json,4.343770742416382,2023-01-28 23:33:44.159013,2023-01-28 15:33:44.159013-08:00,vdjserver,VDJServer (US),,,,pass-field-age-range.json,,,,,,,,,,,,,,,,,,,,,,
4,AIRR Data Commons API for VDJServer Community Data Portal,VDJServer ADC API response for repertoire query,1.3,VDJServer,http://vdjserver.org/,vdjserver@utsouthwestern.edu,/home/ubuntu/ireceptor-monitor/performance_scripts/queries/repertoires/pass-query2_repertoire.json,0.4088160991668701,2023-01-28 23:33:44.587284,2023-01-28 15:33:44.587284-08:00,vdjserver,VDJServer (US),,,,pass-query2_repertoire.json,,,,,,,,,,,,,,,,,,,,,,
0,AIRR Data Commons API for VDJServer Community Data Portal,VDJServer ADC API response for repertoire query,1.3,VDJServer,http://vdjserver.org/,vdjserver@utsouthwestern.edu,/home/ubuntu/ireceptor-monitor/performance_scripts/queries/repertoires/pass-all.json,4.700787544250488,2023-01-29 03:33:35.895170,2023-01-28 19:33:35.895170-08:00,vdjserver,VDJServer (US),,,,pass-all.json,,,,,,,,,,,,,,,,,,,,,,
1,AIRR Data Commons API for VDJServer Community Data Portal,VDJServer ADC API response for repertoire query,1.3,VDJServer,http://vdjserver.org/,vdjserver@utsouthwestern.edu,/home/ubuntu/ireceptor-monitor/performance_scripts/queries/repertoires/pass-field-organism-id.json,1.954283237457276,2023-01-29 03:33:38.000415,2023-01-28 19:33:38.000415-08:00,vdjserver,VDJServer (US),,,,pass-field-organism-id.json,,,,,,,,,,,,,,,,,,,,,,
2,AIRR Data Commons API for VDJServer Community Data Portal,VDJServer ADC API response for repertoire query,1.3,VDJServer,http://vdjserver.org/,vdjserver@utsouthwestern.edu,/home/ubuntu/ireceptor-monitor/performance_scripts/queries/repertoires/pass-field-pcr_target_locus.json,1.3396728038787842,2023-01-29 03:33:39.431355,2023-01-28 19:33:39.431355-08:00,vdjserver,VDJServer (US),,,,pass-field-pcr_target_locus.json,,,,,,,,,,,,,,,,,,,,,,
3,AIRR Data Commons API for VDJServer Community Data Portal,VDJServer ADC API response for repertoire query,1.3,VDJServer,http://vdjserver.org/,vdjserver@utsouthwestern.edu,/home/ubuntu/ireceptor-monitor/performance_scripts/queries/repertoires/pass-field-age-range.json,3.7148938179016113,2023-01-29 03:33:43.607966,2023-01-28 19:33:43.607966-08:00,vdjserver,VDJServer (US),,,,pass-field-age-range.json,,,,,,,,,,,,,,,,,,,,,,
4,AIRR Data Commons API for VDJServer Community Data Portal,VDJServer ADC API response for repertoire query,1.3,VDJServer,http://vdjserver.org/,vdjserver@utsouthwestern.edu,/home/ubuntu/ireceptor-monitor/performance_scripts/queries/repertoires/pass-query2_repertoire.json,0.4263463020324707,2023-01-29 03:33:44.055179,2023-01-28 19:33:44.055179-08:00,vdjserver,VDJServer (US),,,,pass-query2_repertoire.json,,,,,,,,,,,,,,,,,,,,,,
0,AIRR Data Commons API for VDJServer Community Data Portal,VDJServer ADC API response for repertoire query,1.3,VDJServer,http://vdjserver.org/,vdjserver@utsouthwestern.edu,/home/ubuntu/ireceptor-monitor/performance_scripts/queries/repertoires/pass-all.json,4.8066980838775635,2023-01-29 07:33:36.318530,2023-01-28 23:33:36.318530-08:00,vdjserver,VDJServer (US),,,,pass-all.json,,,,,,,,,,,,,,,,,,,,,,
1,AIRR Data Commons API for VDJServer Community Data Portal,VDJServer ADC API response for repertoire query,1.3,VDJServer,http://vdjserver.org/,vdjserver@utsouthwestern.edu,/home/ubuntu/ireceptor-monitor/performance_scripts/queries/repertoires/pass-field-organism-id.json,1.890153646469116,2023-01-29 07:33:38.369983,2023-01-28 23:33:38.369983-08:00,vdjserver,VDJServer (US),,,,pass-field-organism-id.json,,,,,,,,,,,,,,,,,,,,,,
2,AIRR Data Commons API for VDJServer Community Data Portal,VDJServer ADC API response for repertoire query,1.3,VDJServer,http://vdjserver.org/,vdjserver@utsouthwestern.edu,/home/ubuntu/ireceptor-monitor/performance_scripts/queries/repertoires/pass-field-pcr_target_locus.json,1.5015580654144287,2023-01-29 07:33:39.961408,2023-01-28 23:33:39.961408-08:00,vdjserver,VDJServer (US),,,,pass-field-pcr_target_locus.json,,,,,,,,,,,,,,,,,,,,,,
3,AIRR Data Commons API for VDJServer Community Data Portal,VDJServer ADC API response for repertoire query,1.3,VDJServer,http://vdjserver.org/,vdjserver@utsouthwestern.edu,/home/ubuntu/ireceptor-monitor/performance_scripts/queries/repertoires/pass-field-age-range.json,3.6278159618377686,2023-01-29 07:33:44.075395,2023-01-28 23:33:44.075395-08:00,vdjserver,VDJServer (US),,,,pass-field-age-range.json,,,,,,,,,,,,,,,,,,,,,,
4,AIRR Data Commons API for VDJServer Community Data Portal,VDJServer ADC API response for repertoire query,1.3,VDJServer,http://vdjserver.org/,vdjserver@utsouthwestern.edu,/home/ubuntu/ireceptor-monitor/performance_scripts/queries/repertoires/pass-query2_repertoire.json,0.4066207408905029,2023-01-29 07:33:44.503118,2023-01-28 23:33:44.503118-08:00,vdjserver,VDJServer (US),,,,pass-query2_repertoire.json,,,,,,,,,,,,,,,,,,,,,,
0,AIRR Data Commons API for VDJServer Community Data Portal,VDJServer ADC API response for repertoire query,1.3,VDJServer,http://vdjserver.org/,vdjserver@utsouthwestern.edu,/home/ubuntu/ireceptor-monitor/performance_scripts/queries/repertoires/pass-all.json,5.387513160705566,2023-01-29 11:33:37.839561,2023-01-29 03:33:37.839561-08:00,vdjserver,VDJServer (US),,,,pass-all.json,,,,,,,,,,,,,,,,,,,,,,
1,AIRR Data Commons API for VDJServer Community Data Portal,VDJServer ADC API response for repertoire query,1.3,VDJServer,http://vdjserver.org/,vdjserver@utsouthwestern.edu,/home/ubuntu/ireceptor-monitor/performance_scripts/queries/repertoires/pass-field-organism-id.json,1.8959801197052,2023-01-29 11:33:39.895153,2023-01-29 03:33:39.895153-08:00,vdjserver,VDJServer (US),,,,pass-field-organism-id.json,,,,,,,,,,,,,,,,,,,,,,
2,AIRR Data Commons API for VDJServer Community Data Portal,VDJServer ADC API response for repertoire query,1.3,VDJServer,http://vdjserver.org/,vdjserver@utsouthwestern.edu,/home/ubuntu/ireceptor-monitor/performance_scripts/queries/repertoires/pass-field-pcr_target_locus.json,1.4156789779663086,2023-01-29 11:33:41.400983,2023-01-29 03:33:41.400983-08:00,vdjserver,VDJServer (US),,,,pass-field-pcr_target_locus.json,,,,,,,,,,,,,,,,,,,,,,
3,AIRR Data Commons API for VDJServer Community Data Portal,VDJServer ADC API response for repertoire query,1.3,VDJServer,http://vdjserver.org/,vdjserver@utsouthwestern.edu,/home/ubuntu/ireceptor-monitor/performance_scripts/queries/repertoires/pass-field-age-range.json,3.622815608978272,2023-01-29 11:33:45.469731,2023-01-29 03:33:45.469731-08:00,vdjserver,VDJServer (US),,,,pass-field-age-range.json,,,,,,,,,,,,,,,,,,,,,,
4,AIRR Data Commons API for VDJServer Community Data Portal,VDJServer ADC API response for repertoire query,1.3,VDJServer,http://vdjserver.org/,vdjserver@utsouthwestern.edu,/home/ubuntu/ireceptor-monitor/performance_scripts/queries/repertoires/pass-query2_repertoire.json,0.3987658023834229,2023-01-29 11:33:45.889461,2023-01-29 03:33:45.889461-08:00,vdjserver,VDJServer (US),,,,pass-query2_repertoire.json,,,,,,,,,,,,,,,,,,,,,,
0,AIRR Data Commons API for VDJServer Community Data Portal,VDJServer ADC API response for repertoire query,1.3,VDJServer,http://vdjserver.org/,vdjserver@utsouthwestern.edu,/home/ubuntu/ireceptor-monitor/performance_scripts/queries/repertoires/pass-all.json,5.510934829711914,2023-01-29 15:33:37.518871,2023-01-29 07:33:37.518871-08:00,vdjserver,VDJServer (US),,,,pass-all.json,,,,,,,,,,,,,,,,,,,,,,
1,AIRR Data Commons API for VDJServer Community Data Portal,VDJServer ADC API response for repertoire query,1.3,VDJServer,http://vdjserver.org/,vdjserver@utsouthwestern.edu,/home/ubuntu/ireceptor-monitor/performance_scripts/queries/repertoires/pass-field-organism-id.json,1.9221651554107664,2023-01-29 15:33:39.598020,2023-01-29 07:33:39.598020-08:00,vdjserver,VDJServer (US),,,,pass-field-organism-id.json,,,,,,,,,,,,,,,,,,,,,,
2,AIRR Data Commons API for VDJServer Community Data Portal,VDJServer ADC API response for repertoire query,1.3,VDJServer,http://vdjserver.org/,vdjserver@utsouthwestern.edu,/home/ubuntu/ireceptor-monitor/performance_scripts/queries/repertoires/pass-field-pcr_target_locus.json,1.3938989639282229,2023-01-29 15:33:41.081801,2023-01-29 07:33:41.081801-08:00,vdjserver,VDJServer (US),,,,pass-field-pcr_target_locus.json,,,,,,,,,,,,,,,,,,,,,,
3,AIRR Data Commons API for VDJServer Community Data Portal,VDJServer ADC API response for repertoire query,1.3,VDJServer,http://vdjserver.org/,vdjserver@utsouthwestern.edu,/home/ubuntu/ireceptor-monitor/performance_scripts/queries/repertoires/pass-field-age-range.json,3.4199349880218506,2023-01-29 15:33:44.987836,2023-01-29 07:33:44.987836-08:00,vdjserver,VDJServer (US),,,,pass-field-age-range.json,,,,,,,,,,,,,,,,,,,,,,
4,AIRR Data Commons API for VDJServer Community Data Portal,VDJServer ADC API response for repertoire query,1.3,VDJServer,http://vdjserver.org/,vdjserver@utsouthwestern.edu,/home/ubuntu/ireceptor-monitor/performance_scripts/queries/repertoires/pass-query2_repertoire.json,0.4115436077117921,2023-01-29 15:33:45.417164,2023-01-29 07:33:45.417164-08:00,vdjserver,VDJServer (US),,,,pass-query2_repertoire.json,,,,,,,,,,,,,,,,,,,,,,
0,AIRR Data Commons API for VDJServer Community Data Portal,VDJServer ADC API response for repertoire query,1.3,VDJServer,http://vdjserver.org/,vdjserver@utsouthwestern.edu,/home/ubuntu/ireceptor-monitor/performance_scripts/queries/repertoires/pass-all.json,4.511644124984741,2023-01-29 19:33:35.788576,2023-01-29 11:33:35.788576-08:00,vdjserver,VDJServer (US),,,,pass-all.json,,,,,,,,,,,,,,,,,,,,,,
1,AIRR Data Commons API for VDJServer Community Data Portal,VDJServer ADC API response for repertoire query,1.3,VDJServer,http://vdjserver.org/,vdjserver@utsouthwestern.edu,/home/ubuntu/ireceptor-monitor/performance_scripts/queries/repertoires/pass-field-organism-id.json,1.7645506858825684,2023-01-29 19:33:37.712728,2023-01-29 11:33:37.712728-08:00,vdjserver,VDJServer (US),,,,pass-field-organism-id.json,,,,,,,,,,,,,,,,,,,,,,
2,AIRR Data Commons API for VDJServer Community Data Portal,VDJServer ADC API response for repertoire query,1.3,VDJServer,http://vdjserver.org/,vdjserver@utsouthwestern.edu,/home/ubuntu/ireceptor-monitor/performance_scripts/queries/repertoires/pass-field-pcr_target_locus.json,1.598945379257202,2023-01-29 19:33:39.399590,2023-01-29 11:33:39.399590-08:00,vdjserver,VDJServer (US),,,,pass-field-pcr_target_locus.json,,,,,,,,,,,,,,,,,,,,,,
3,AIRR Data Commons API for VDJServer Community Data Portal,VDJServer ADC API response for repertoire query,1.3,VDJServer,http://vdjserver.org/,vdjserver@utsouthwestern.edu,/home/ubuntu/ireceptor-monitor/performance_scripts/queries/repertoires/pass-field-age-range.json,3.4874699115753174,2023-01-29 19:33:43.350997,2023-01-29 11:33:43.350997-08:00,vdjserver,VDJServer (US),,,,pass-field-age-range.json,,,,,,,,,,,,,,,,,,,,,,
4,AIRR Data Commons API for VDJServer Community Data Portal,VDJServer ADC API response for repertoire query,1.3,VDJServer,http://vdjserver.org/,vdjserver@utsouthwestern.edu,/home/ubuntu/ireceptor-monitor/performance_scripts/queries/repertoires/pass-query2_repertoire.json,0.4151051044464111,2023-01-29 19:33:43.786897,2023-01-29 11:33:43.786897-08:00,vdjserver,VDJServer (US),,,,pass-query2_repertoire.json,,,,,,,,,,,,,,,,,,,,,,
0,AIRR Data Commons API for VDJServer Community Data Portal,VDJServer ADC API response for repertoire query,1.3,VDJServer,http://vdjserver.org/,vdjserver@utsouthwestern.edu,/home/ubuntu/ireceptor-monitor/performance_scripts/queries/repertoires/pass-all.json,4.612523555755615,2023-01-29 23:33:37.478595,2023-01-29 15:33:37.478595-08:00,vdjserver,VDJServer (US),,,,pass-all.json,,,,,,,,,,,,,,,,,,,,,,
1,AIRR Data Commons API for VDJServer Community Data Portal,VDJServer ADC API response for repertoire query,1.3,VDJServer,http://vdjserver.org/,vdjserver@utsouthwestern.edu,/home/ubuntu/ireceptor-monitor/performance_scripts/queries/repertoires/pass-field-organism-id.json,1.7031266689300537,2023-01-29 23:33:39.333217,2023-01-29 15:33:39.333217-08:00,vdjserver,VDJServer (US),,,,pass-field-organism-id.json,,,,,,,,,,,,,,,,,,,,,,
2,AIRR Data Commons API for VDJServer Community Data Portal,VDJServer ADC API response for repertoire query,1.3,VDJServer,http://vdjserver.org/,vdjserver@utsouthwestern.edu,/home/ubuntu/ireceptor-monitor/performance_scripts/queries/repertoires/pass-field-pcr_target_locus.json,1.4632041454315186,2023-01-29 23:33:40.880576,2023-01-29 15:33:40.880576-08:00,vdjserver,VDJServer (US),,,,pass-field-pcr_target_locus.json,,,,,,,,,,,,,,,,,,,,,,
3,AIRR Data Commons API for VDJServer Community Data Portal,VDJServer ADC API response for repertoire query,1.3,VDJServer,http://vdjserver.org/,vdjserver@utsouthwestern.edu,/home/ubuntu/ireceptor-monitor/performance_scripts/queries/repertoires/pass-field-age-range.json,3.300154209136963,2023-01-29 23:33:44.614688,2023-01-29 15:33:44.614688-08:00,vdjserver,VDJServer (US),,,,pass-field-age-range.json,,,,,,,,,,,,,,,,,,,,,,
4,AIRR Data Commons API for VDJServer Community Data Portal,VDJServer ADC API response for repertoire query,1.3,VDJServer,http://vdjserver.org/,vdjserver@utsouthwestern.edu,/home/ubuntu/ireceptor-monitor/performance_scripts/queries/repertoires/pass-query2_repertoire.json,0.4086992740631104,2023-01-29 23:33:45.039719,2023-01-29 15:33:45.039719-08:00,vdjserver,VDJServer (US),,,,pass-query2_repertoire.json,,,,,,,,,,,,,,,,,,,,,,
0,AIRR Data Commons API for VDJServer Community Data Portal,VDJServer ADC API response for repertoire query,1.3,VDJServer,http://vdjserver.org/,vdjserver@utsouthwestern.edu,/home/ubuntu/ireceptor-monitor/performance_scripts/queries/repertoires/pass-all.json,4.4294607639312735,2023-01-30 03:33:38.023590,2023-01-29 19:33:38.023590-08:00,vdjserver,VDJServer (US),,,,pass-all.json,,,,,,,,,,,,,,,,,,,,,,
1,AIRR Data Commons API for VDJServer Community Data Portal,VDJServer ADC API response for repertoire query,1.3,VDJServer,http://vdjserver.org/,vdjserver@utsouthwestern.edu,/home/ubuntu/ireceptor-monitor/performance_scripts/queries/repertoires/pass-field-organism-id.json,1.7001831531524658,2023-01-30 03:33:39.880677,2023-01-29 19:33:39.880677-08:00,vdjserver,VDJServer (US),,,,pass-field-organism-id.json,,,,,,,,,,,,,,,,,,,,,,
2,AIRR Data Commons API for VDJServer Community Data Portal,VDJServer ADC API response for repertoire query,1.3,VDJServer,http://vdjserver.org/,vdjserver@utsouthwestern.edu,/home/ubuntu/ireceptor-monitor/performance_scripts/queries/repertoires/pass-field-pcr_target_locus.json,1.311800479888916,2023-01-30 03:33:41.277600,2023-01-29 19:33:41.277600-08:00,vdjserver,VDJServer (US),,,,pass-field-pcr_target_locus.json,,,,,,,,,,,,,,,,,,,,,,
3,AIRR Data Commons API for VDJServer Community Data Portal,VDJServer ADC API response for repertoire query,1.3,VDJServer,http://vdjserver.org/,vdjserver@utsouthwestern.edu,/home/ubuntu/ireceptor-monitor/performance_scripts/queries/repertoires/pass-field-age-range.json,3.1883385181427,2023-01-30 03:33:44.888314,2023-01-29 19:33:44.888314-08:00,vdjserver,VDJServer (US),,,,pass-field-age-range.json,,,,,,,,,,,,,,,,,,,,,,
4,AIRR Data Commons API for VDJServer Community Data Portal,VDJServer ADC API response for repertoire query,1.3,VDJServer,http://vdjserver.org/,vdjserver@utsouthwestern.edu,/home/ubuntu/ireceptor-monitor/performance_scripts/queries/repertoires/pass-query2_repertoire.json,0.4134743213653565,2023-01-30 03:33:45.318490,2023-01-29 19:33:45.318490-08:00,vdjserver,VDJServer (US),,,,pass-query2_repertoire.json,,,,,,,,,,,,,,,,,,,,,,
0,AIRR Data Commons API for VDJServer Community Data Portal,VDJServer ADC API response for repertoire query,1.3,VDJServer,http://vdjserver.org/,vdjserver@utsouthwestern.edu,/home/ubuntu/ireceptor-monitor/performance_scripts/queries/repertoires/pass-all.json,4.494226932525635,2023-01-30 07:33:34.314074,2023-01-29 23:33:34.314074-08:00,vdjserver,VDJServer (US),,,,pass-all.json,,,,,,,,,,,,,,,,,,,,,,
1,AIRR Data Commons API for VDJServer Community Data Portal,VDJServer ADC API response for repertoire query,1.3,VDJServer,http://vdjserver.org/,vdjserver@utsouthwestern.edu,/home/ubuntu/ireceptor-monitor/performance_scripts/queries/repertoires/pass-field-organism-id.json,1.6745479106903076,2023-01-30 07:33:36.141341,2023-01-29 23:33:36.141341-08:00,vdjserver,VDJServer (US),,,,pass-field-organism-id.json,,,,,,,,,,,,,,,,,,,,,,
2,AIRR Data Commons API for VDJServer Community Data Portal,VDJServer ADC API response for repertoire query,1.3,VDJServer,http://vdjserver.org/,vdjserver@utsouthwestern.edu,/home/ubuntu/ireceptor-monitor/performance_scripts/queries/repertoires/pass-field-pcr_target_locus.json,1.458862066268921,2023-01-30 07:33:37.685403,2023-01-29 23:33:37.685403-08:00,vdjserver,VDJServer (US),,,,pass-field-pcr_target_locus.json,,,,,,,,,,,,,,,,,,,,,,
3,AIRR Data Commons API for VDJServer Community Data Portal,VDJServer ADC API response for repertoire query,1.3,VDJServer,http://vdjserver.org/,vdjserver@utsouthwestern.edu,/home/ubuntu/ireceptor-monitor/performance_scripts/queries/repertoires/pass-field-age-range.json,3.614694356918335,2023-01-30 07:33:41.741626,2023-01-29 23:33:41.741626-08:00,vdjserver,VDJServer (US),,,,pass-field-age-range.json,,,,,,,,,,,,,,,,,,,,,,
4,AIRR Data Commons API for VDJServer Community Data Portal,VDJServer ADC API response for repertoire query,1.3,VDJServer,http://vdjserver.org/,vdjserver@utsouthwestern.edu,/home/ubuntu/ireceptor-monitor/performance_scripts/queries/repertoires/pass-query2_repertoire.json,0.4050498008728027,2023-01-30 07:33:42.164968,2023-01-29 23:33:42.164968-08:00,vdjserver,VDJServer (US),,,,pass-query2_repertoire.json,,,,,,,,,,,,,,,,,,,,,,
0,AIRR Data Commons API for VDJServer Community Data Portal,VDJServer ADC API response for repertoire query,1.3,VDJServer,http://vdjserver.org/,vdjserver@utsouthwestern.edu,/home/ubuntu/ireceptor-monitor/performance_scripts/queries/repertoires/pass-all.json,4.2915027141571045,2023-01-30 11:33:37.221083,2023-01-30 03:33:37.221083-08:00,vdjserver,VDJServer (US),,,,pass-all.json,,,,,,,,,,,,,,,,,,,,,,
1,AIRR Data Commons API for VDJServer Community Data Portal,VDJServer ADC API response for repertoire query,1.3,VDJServer,http://vdjserver.org/,vdjserver@utsouthwestern.edu,/home/ubuntu/ireceptor-monitor/performance_scripts/queries/repertoires/pass-field-organism-id.json,1.6674244403839111,2023-01-30 11:33:39.046968,2023-01-30 03:33:39.046968-08:00,vdjserver,VDJServer (US),,,,pass-field-organism-id.json,,,,,,,,,,,,,,,,,,,,,,
2,AIRR Data Commons API for VDJServer Community Data Portal,VDJServer ADC API response for repertoire query,1.3,VDJServer,http://vdjserver.org/,vdjserver@utsouthwestern.edu,/home/ubuntu/ireceptor-monitor/performance_scripts/queries/repertoires/pass-field-pcr_target_locus.json,1.30049729347229,2023-01-30 11:33:40.432126,2023-01-30 03:33:40.432126-08:00,vdjserver,VDJServer (US),,,,pass-field-pcr_target_locus.json,,,,,,,,,,,,,,,,,,,,,,
3,AIRR Data Commons API for VDJServer Community Data Portal,VDJServer ADC API response for repertoire query,1.3,VDJServer,http://vdjserver.org/,vdjserver@utsouthwestern.edu,/home/ubuntu/ireceptor-monitor/performance_scripts/queries/repertoires/pass-field-age-range.json,3.3935327529907227,2023-01-30 11:33:44.249550,2023-01-30 03:33:44.249550-08:00,vdjserver,VDJServer (US),,,,pass-field-age-range.json,,,,,,,,,,,,,,,,,,,,,,
4,AIRR Data Commons API for VDJServer Community Data Portal,VDJServer ADC API response for repertoire query,1.3,VDJServer,http://vdjserver.org/,vdjserver@utsouthwestern.edu,/home/ubuntu/ireceptor-monitor/performance_scripts/queries/repertoires/pass-query2_repertoire.json,0.4022798538208008,2023-01-30 11:33:44.667685,2023-01-30 03:33:44.667685-08:00,vdjserver,VDJServer (US),,,,pass-query2_repertoire.json,,,,,,,,,,,,,,,,,,,,,,
0,AIRR Data Commons API for VDJServer Community Data Portal,VDJServer ADC API response for repertoire query,1.3,VDJServer,http://vdjserver.org/,vdjserver@utsouthwestern.edu,/home/ubuntu/ireceptor-monitor/performance_scripts/queries/repertoires/pass-all.json,5.368060827255249,2023-01-30 15:33:38.211903,2023-01-30 07:33:38.211903-08:00,vdjserver,VDJServer (US),,,,pass-all.json,,,,,,,,,,,,,,,,,,,,,,
1,AIRR Data Commons API for VDJServer Community Data Portal,VDJServer ADC API response for repertoire query,1.3,VDJServer,http://vdjserver.org/,vdjserver@utsouthwestern.edu,/home/ubuntu/ireceptor-monitor/performance_scripts/queries/repertoires/pass-field-organism-id.json,2.273554563522339,2023-01-30 15:33:40.640102,2023-01-30 07:33:40.640102-08:00,vdjserver,VDJServer (US),,,,pass-field-organism-id.json,,,,,,,,,,,,,,,,,,,,,,
2,AIRR Data Commons API for VDJServer Community Data Portal,VDJServer ADC API response for repertoire query,1.3,VDJServer,http://vdjserver.org/,vdjserver@utsouthwestern.edu,/home/ubuntu/ireceptor-monitor/performance_scripts/queries/repertoires/pass-field-pcr_target_locus.json,1.6652095317840576,2023-01-30 15:33:42.389861,2023-01-30 07:33:42.389861-08:00,vdjserver,VDJServer (US),,,,pass-field-pcr_target_locus.json,,,,,,,,,,,,,,,,,,,,,,
3,AIRR Data Commons API for VDJServer Community Data Portal,VDJServer ADC API response for repertoire query,1.3,VDJServer,http://vdjserver.org/,vdjserver@utsouthwestern.edu,/home/ubuntu/ireceptor-monitor/performance_scripts/queries/repertoires/pass-field-age-range.json,4.486217737197876,2023-01-30 15:33:47.308320,2023-01-30 07:33:47.308320-08:00,vdjserver,VDJServer (US),,,,pass-field-age-range.json,,,,,,,,,,,,,,,,,,,,,,
4,AIRR Data Commons API for VDJServer Community Data Portal,VDJServer ADC API response for repertoire query,1.3,VDJServer,http://vdjserver.org/,vdjserver@utsouthwestern.edu,/home/ubuntu/ireceptor-monitor/performance_scripts/queries/repertoires/pass-query2_repertoire.json,0.4533505439758301,2023-01-30 15:33:47.778050,2023-01-30 07:33:47.778050-08:00,vdjserver,VDJServer (US),,,,pass-query2_repertoire.json,,,,,,,,,,,,,,,,,,,,,,
0,AIRR Data Commons API for VDJServer Community Data Portal,VDJServer ADC API response for repertoire query,1.3,VDJServer,http://vdjserver.org/,vdjserver@utsouthwestern.edu,/home/ubuntu/ireceptor-monitor/performance_scripts/queries/repertoires/pass-all.json,6.102660417556763,2023-01-30 19:33:40.700765,2023-01-30 11:33:40.700765-08:00,vdjserver,VDJServer (US),,,,pass-all.json,,,,,,,,,,,,,,,,,,,,,,
1,AIRR Data Commons API for VDJServer Community Data Portal,VDJServer ADC API response for repertoire query,1.3,VDJServer,http://vdjserver.org/,vdjserver@utsouthwestern.edu,/home/ubuntu/ireceptor-monitor/performance_scripts/queries/repertoires/pass-field-organism-id.json,1.7315950393676758,2023-01-30 19:33:42.583814,2023-01-30 11:33:42.583814-08:00,vdjserver,VDJServer (US),,,,pass-field-organism-id.json,,,,,,,,,,,,,,,,,,,,,,
2,AIRR Data Commons API for VDJServer Community Data Portal,VDJServer ADC API response for repertoire query,1.3,VDJServer,http://vdjserver.org/,vdjserver@utsouthwestern.edu,/home/ubuntu/ireceptor-monitor/performance_scripts/queries/repertoires/pass-field-pcr_target_locus.json,1.361647129058838,2023-01-30 19:33:44.031317,2023-01-30 11:33:44.031317-08:00,vdjserver,VDJServer (US),,,,pass-field-pcr_target_locus.json,,,,,,,,,,,,,,,,,,,,,,
3,AIRR Data Commons API for VDJServer Community Data Portal,VDJServer ADC API response for repertoire query,1.3,VDJServer,http://vdjserver.org/,vdjserver@utsouthwestern.edu,/home/ubuntu/ireceptor-monitor/performance_scripts/queries/repertoires/pass-field-age-range.json,3.665417909622192,2023-01-30 19:33:48.150418,2023-01-30 11:33:48.150418-08:00,vdjserver,VDJServer (US),,,,pass-field-age-range.json,,,,,,,,,,,,,,,,,,,,,,
4,AIRR Data Commons API for VDJServer Community Data Portal,VDJServer ADC API response for repertoire query,1.3,VDJServer,http://vdjserver.org/,vdjserver@utsouthwestern.edu,/home/ubuntu/ireceptor-monitor/performance_scripts/queries/repertoires/pass-query2_repertoire.json,0.4116878509521485,2023-01-30 19:33:48.578558,2023-01-30 11:33:48.578558-08:00,vdjserver,VDJServer (US),,,,pass-query2_repertoire.json,,,,,,,,,,,,,,,,,,,,,,
0,AIRR Data Commons API for VDJServer Community Data Portal,VDJServer ADC API response for repertoire query,1.3,VDJServer,http://vdjserver.org/,vdjserver@utsouthwestern.edu,/home/ubuntu/ireceptor-monitor/performance_scripts/queries/repertoires/pass-all.json,6.905142068862915,2023-01-30 23:33:38.624491,2023-01-30 15:33:38.624491-08:00,vdjserver,VDJServer (US),,,,pass-all.json,,,,,,,,,,,,,,,,,,,,,,
1,AIRR Data Commons API for VDJServer Community Data Portal,VDJServer ADC API response for repertoire query,1.3,VDJServer,http://vdjserver.org/,vdjserver@utsouthwestern.edu,/home/ubuntu/ireceptor-monitor/performance_scripts/queries/repertoires/pass-field-organism-id.json,2.188263416290283,2023-01-30 23:33:40.978941,2023-01-30 15:33:40.978941-08:00,vdjserver,VDJServer (US),,,,pass-field-organism-id.json,,,,,,,,,,,,,,,,,,,,,,
2,AIRR Data Commons API for VDJServer Community Data Portal,VDJServer ADC API response for repertoire query,1.3,VDJServer,http://vdjserver.org/,vdjserver@utsouthwestern.edu,/home/ubuntu/ireceptor-monitor/performance_scripts/queries/repertoires/pass-field-pcr_target_locus.json,1.7384634017944336,2023-01-30 23:33:42.810630,2023-01-30 15:33:42.810630-08:00,vdjserver,VDJServer (US),,,,pass-field-pcr_target_locus.json,,,,,,,,,,,,,,,,,,,,,,
3,AIRR Data Commons API for VDJServer Community Data Portal,VDJServer ADC API response for repertoire query,1.3,VDJServer,http://vdjserver.org/,vdjserver@utsouthwestern.edu,/home/ubuntu/ireceptor-monitor/performance_scripts/queries/repertoires/pass-field-age-range.json,5.3228933811187735,2023-01-30 23:33:48.597750,2023-01-30 15:33:48.597750-08:00,vdjserver,VDJServer (US),,,,pass-field-age-range.json,,,,,,,,,,,,,,,,,,,,,,
4,AIRR Data Commons API for VDJServer Community Data Portal,VDJServer ADC API response for repertoire query,1.3,VDJServer,http://vdjserver.org/,vdjserver@utsouthwestern.edu,/home/ubuntu/ireceptor-monitor/performance_scripts/queries/repertoires/pass-query2_repertoire.json,0.4184916019439697,2023-01-30 23:33:49.034146,2023-01-30 15:33:49.034146-08:00,vdjserver,VDJServer (US),,,,pass-query2_repertoire.json,,,,,,,,,,,,,,,,,,,,,,
0,AIRR Data Commons API for VDJServer Community Data Portal,VDJServer ADC API response for repertoire query,1.3,VDJServer,http://vdjserver.org/,vdjserver@utsouthwestern.edu,/home/ubuntu/ireceptor-monitor/performance_scripts/queries/repertoires/pass-all.json,6.5328028202056885,2023-01-31 03:33:36.583662,2023-01-30 19:33:36.583662-08:00,vdjserver,VDJServer (US),,,,pass-all.json,,,,,,,,,,,,,,,,,,,,,,
1,AIRR Data Commons API for VDJServer Community Data Portal,VDJServer ADC API response for repertoire query,1.3,VDJServer,http://vdjserver.org/,vdjserver@utsouthwestern.edu,/home/ubuntu/ireceptor-monitor/performance_scripts/queries/repertoires/pass-field-organism-id.json,2.568518877029419,2023-01-31 03:33:39.309914,2023-01-30 19:33:39.309914-08:00,vdjserver,VDJServer (US),,,,pass-field-organism-id.json,,,,,,,,,,,,,,,,,,,,,,
2,AIRR Data Commons API for VDJServer Community Data Portal,VDJServer ADC API response for repertoire query,1.3,VDJServer,http://vdjserver.org/,vdjserver@utsouthwestern.edu,/home/ubuntu/ireceptor-monitor/performance_scripts/queries/repertoires/pass-field-pcr_target_locus.json,1.406745672225952,2023-01-31 03:33:40.801152,2023-01-30 19:33:40.801152-08:00,vdjserver,VDJServer (US),,,,pass-field-pcr_target_locus.json,,,,,,,,,,,,,,,,,,,,,,
3,AIRR Data Commons API for VDJServer Community Data Portal,VDJServer ADC API response for repertoire query,1.3,VDJServer,http://vdjserver.org/,vdjserver@utsouthwestern.edu,/home/ubuntu/ireceptor-monitor/performance_scripts/queries/repertoires/pass-field-age-range.json,5.003979444503784,2023-01-31 03:33:46.235435,2023-01-30 19:33:46.235435-08:00,vdjserver,VDJServer (US),,,,pass-field-age-range.json,,,,,,,,,,,,,,,,,,,,,,
4,AIRR Data Commons API for VDJServer Community Data Portal,VDJServer ADC API response for repertoire query,1.3,VDJServer,http://vdjserver.org/,vdjserver@utsouthwestern.edu,/home/ubuntu/ireceptor-monitor/performance_scripts/queries/repertoires/pass-query2_repertoire.json,0.5114281177520752,2023-01-31 03:33:46.763467,2023-01-30 19:33:46.763467-08:00,vdjserver,VDJServer (US),,,,pass-query2_repertoire.json,,,,,,,,,,,,,,,,,,,,,,
0,AIRR Data Commons API for VDJServer Community Data Portal,VDJServer ADC API response for repertoire query,1.3,VDJServer,http://vdjserver.org/,vdjserver@utsouthwestern.edu,/home/ubuntu/ireceptor-monitor/performance_scripts/queries/repertoires/pass-all.json,7.729282379150391,2023-01-31 07:33:41.918318,2023-01-30 23:33:41.918318-08:00,vdjserver,VDJServer (US),,,,pass-all.json,,,,,,,,,,,,,,,,,,,,,,
1,AIRR Data Commons API for VDJServer Community Data Portal,VDJServer ADC API response for repertoire query,1.3,VDJServer,http://vdjserver.org/,vdjserver@utsouthwestern.edu,/home/ubuntu/ireceptor-monitor/performance_scripts/queries/repertoires/pass-field-organism-id.json,2.5414276123046875,2023-01-31 07:33:44.618625,2023-01-30 23:33:44.618625-08:00,vdjserver,VDJServer (US),,,,pass-field-organism-id.json,,,,,,,,,,,,,,,,,,,,,,
2,AIRR Data Commons API for VDJServer Community Data Portal,VDJServer ADC API response for repertoire query,1.3,VDJServer,http://vdjserver.org/,vdjserver@utsouthwestern.edu,/home/ubuntu/ireceptor-monitor/performance_scripts/queries/repertoires/pass-field-pcr_target_locus.json,1.7978322505950928,2023-01-31 07:33:46.502733,2023-01-30 23:33:46.502733-08:00,vdjserver,VDJServer (US),,,,pass-field-pcr_target_locus.json,,,,,,,,,,,,,,,,,,,,,,
3,AIRR Data Commons API for VDJServer Community Data Portal,VDJServer ADC API response for repertoire query,1.3,VDJServer,http://vdjserver.org/,vdjserver@utsouthwestern.edu,/home/ubuntu/ireceptor-monitor/performance_scripts/queries/repertoires/pass-field-age-range.json,6.073320627212524,2023-01-31 07:33:53.030531,2023-01-30 23:33:53.030531-08:00,vdjserver,VDJServer (US),,,,pass-field-age-range.json,,,,,,,,,,,,,,,,,,,,,,
4,AIRR Data Commons API for VDJServer Community Data Portal,VDJServer ADC API response for repertoire query,1.3,VDJServer,http://vdjserver.org/,vdjserver@utsouthwestern.edu,/home/ubuntu/ireceptor-monitor/performance_scripts/queries/repertoires/pass-query2_repertoire.json,0.4994843006134033,2023-01-31 07:33:53.550638,2023-01-30 23:33:53.550638-08:00,vdjserver,VDJServer (US),,,,pass-query2_repertoire.json,,,,,,,,,,,,,,,,,,,,,,
0,AIRR Data Commons API for VDJServer Community Data Portal,VDJServer ADC API response for repertoire query,1.3,VDJServer,http://vdjserver.org/,vdjserver@utsouthwestern.edu,/home/ubuntu/ireceptor-monitor/performance_scripts/queries/repertoires/pass-all.json,6.5089030265808105,2023-01-31 11:33:39.240986,2023-01-31 03:33:39.240986-08:00,vdjserver,VDJServer (US),,,,pass-all.json,,,,,,,,,,,,,,,,,,,,,,
1,AIRR Data Commons API for VDJServer Community Data Portal,VDJServer ADC API response for repertoire query,1.3,VDJServer,http://vdjserver.org/,vdjserver@utsouthwestern.edu,/home/ubuntu/ireceptor-monitor/performance_scripts/queries/repertoires/pass-field-organism-id.json,2.4069395065307617,2023-01-31 11:33:41.796746,2023-01-31 03:33:41.796746-08:00,vdjserver,VDJServer (US),,,,pass-field-organism-id.json,,,,,,,,,,,,,,,,,,,,,,
2,AIRR Data Commons API for VDJServer Community Data Portal,VDJServer ADC API response for repertoire query,1.3,VDJServer,http://vdjserver.org/,vdjserver@utsouthwestern.edu,/home/ubuntu/ireceptor-monitor/performance_scripts/queries/repertoires/pass-field-pcr_target_locus.json,1.835723638534546,2023-01-31 11:33:43.717194,2023-01-31 03:33:43.717194-08:00,vdjserver,VDJServer (US),,,,pass-field-pcr_target_locus.json,,,,,,,,,,,,,,,,,,,,,,
3,AIRR Data Commons API for VDJServer Community Data Portal,VDJServer ADC API response for repertoire query,1.3,VDJServer,http://vdjserver.org/,vdjserver@utsouthwestern.edu,/home/ubuntu/ireceptor-monitor/performance_scripts/queries/repertoires/pass-field-age-range.json,4.977139472961426,2023-01-31 11:33:49.128575,2023-01-31 03:33:49.128575-08:00,vdjserver,VDJServer (US),,,,pass-field-age-range.json,,,,,,,,,,,,,,,,,,,,,,
4,AIRR Data Commons API for VDJServer Community Data Portal,VDJServer ADC API response for repertoire query,1.3,VDJServer,http://vdjserver.org/,vdjserver@utsouthwestern.edu,/home/ubuntu/ireceptor-monitor/performance_scripts/queries/repertoires/pass-query2_repertoire.json,0.5053844451904297,2023-01-31 11:33:49.650790,2023-01-31 03:33:49.650790-08:00,vdjserver,VDJServer (US),,,,pass-query2_repertoire.json,,,,,,,,,,,,,,,,,,,,,,
0,AIRR Data Commons API for VDJServer Community Data Portal,VDJServer ADC API response for repertoire query,1.3,VDJServer,http://vdjserver.org/,vdjserver@utsouthwestern.edu,/home/ubuntu/ireceptor-monitor/performance_scripts/queries/repertoires/pass-all.json,6.342433214187622,2023-01-31 15:33:37.303735,2023-01-31 07:33:37.303735-08:00,vdjserver,VDJServer (US),,,,pass-all.json,,,,,,,,,,,,,,,,,,,,,,
1,AIRR Data Commons API for VDJServer Community Data Portal,VDJServer ADC API response for repertoire query,1.3,VDJServer,http://vdjserver.org/,vdjserver@utsouthwestern.edu,/home/ubuntu/ireceptor-monitor/performance_scripts/queries/repertoires/pass-field-organism-id.json,2.636791944503784,2023-01-31 15:33:40.106147,2023-01-31 07:33:40.106147-08:00,vdjserver,VDJServer (US),,,,pass-field-organism-id.json,,,,,,,,,,,,,,,,,,,,,,
2,AIRR Data Commons API for VDJServer Community Data Portal,VDJServer ADC API response for repertoire query,1.3,VDJServer,http://vdjserver.org/,vdjserver@utsouthwestern.edu,/home/ubuntu/ireceptor-monitor/performance_scripts/queries/repertoires/pass-field-pcr_target_locus.json,1.850548505783081,2023-01-31 15:33:42.044764,2023-01-31 07:33:42.044764-08:00,vdjserver,VDJServer (US),,,,pass-field-pcr_target_locus.json,,,,,,,,,,,,,,,,,,,,,,
3,AIRR Data Commons API for VDJServer Community Data Portal,VDJServer ADC API response for repertoire query,1.3,VDJServer,http://vdjserver.org/,vdjserver@utsouthwestern.edu,/home/ubuntu/ireceptor-monitor/performance_scripts/queries/repertoires/pass-field-age-range.json,5.53282618522644,2023-01-31 15:33:48.019229,2023-01-31 07:33:48.019229-08:00,vdjserver,VDJServer (US),,,,pass-field-age-range.json,,,,,,,,,,,,,,,,,,,,,,
4,AIRR Data Commons API for VDJServer Community Data Portal,VDJServer ADC API response for repertoire query,1.3,VDJServer,http://vdjserver.org/,vdjserver@utsouthwestern.edu,/home/ubuntu/ireceptor-monitor/performance_scripts/queries/repertoires/pass-query2_repertoire.json,0.4323878288269043,2023-01-31 15:33:48.471740,2023-01-31 07:33:48.471740-08:00,vdjserver,VDJServer (US),,,,pass-query2_repertoire.json,,,,,,,,,,,,,,,,,,,,,,
0,AIRR Data Commons API for VDJServer Community Data Portal,VDJServer ADC API response for repertoire query,1.3,VDJServer,http://vdjserver.org/,vdjserver@utsouthwestern.edu,/home/ubuntu/ireceptor-monitor/performance_scripts/queries/repertoires/pass-all.json,6.139479637145996,2023-01-31 19:33:40.173746,2023-01-31 11:33:40.173746-08:00,vdjserver,VDJServer (US),,,,pass-all.json,,,,,,,,,,,,,,,,,,,,,,
1,AIRR Data Commons API for VDJServer Community Data Portal,VDJServer ADC API response for repertoire query,1.3,VDJServer,http://vdjserver.org/,vdjserver@utsouthwestern.edu,/home/ubuntu/ireceptor-monitor/performance_scripts/queries/repertoires/pass-field-organism-id.json,2.2938992977142334,2023-01-31 19:33:42.623289,2023-01-31 11:33:42.623289-08:00,vdjserver,VDJServer (US),,,,pass-field-organism-id.json,,,,,,,,,,,,,,,,,,,,,,
2,AIRR Data Commons API for VDJServer Community Data Portal,VDJServer ADC API response for repertoire query,1.3,VDJServer,http://vdjserver.org/,vdjserver@utsouthwestern.edu,/home/ubuntu/ireceptor-monitor/performance_scripts/queries/repertoires/pass-field-pcr_target_locus.json,1.5015370845794678,2023-01-31 19:33:44.223932,2023-01-31 11:33:44.223932-08:00,vdjserver,VDJServer (US),,,,pass-field-pcr_target_locus.json,,,,,,,,,,,,,,,,,,,,,,
3,AIRR Data Commons API for VDJServer Community Data Portal,VDJServer ADC API response for repertoire query,1.3,VDJServer,http://vdjserver.org/,vdjserver@utsouthwestern.edu,/home/ubuntu/ireceptor-monitor/performance_scripts/queries/repertoires/pass-field-age-range.json,4.111421823501587,2023-01-31 19:33:48.782763,2023-01-31 11:33:48.782763-08:00,vdjserver,VDJServer (US),,,,pass-field-age-range.json,,,,,,,,,,,,,,,,,,,,,,
4,AIRR Data Commons API for VDJServer Community Data Portal,VDJServer ADC API response for repertoire query,1.3,VDJServer,http://vdjserver.org/,vdjserver@utsouthwestern.edu,/home/ubuntu/ireceptor-monitor/performance_scripts/queries/repertoires/pass-query2_repertoire.json,0.4791855812072754,2023-01-31 19:33:49.282429,2023-01-31 11:33:49.282429-08:00,vdjserver,VDJServer (US),,,,pass-query2_repertoire.json,,,,,,,,,,,,,,,,,,,,,,
0,AIRR Data Commons API for VDJServer Community Data Portal,VDJServer ADC API response for repertoire query,1.3,VDJServer,http://vdjserver.org/,vdjserver@utsouthwestern.edu,/home/ubuntu/ireceptor-monitor/performance_scripts/queries/repertoires/pass-all.json,7.6083598136901855,2023-01-31 23:33:40.917834,2023-01-31 15:33:40.917834-08:00,vdjserver,VDJServer (US),,,,pass-all.json,,,,,,,,,,,,,,,,,,,,,,
1,AIRR Data Commons API for VDJServer Community Data Portal,VDJServer ADC API response for repertoire query,1.3,VDJServer,http://vdjserver.org/,vdjserver@utsouthwestern.edu,/home/ubuntu/ireceptor-monitor/performance_scripts/queries/repertoires/pass-field-organism-id.json,2.7225322723388667,2023-01-31 23:33:43.805832,2023-01-31 15:33:43.805832-08:00,vdjserver,VDJServer (US),,,,pass-field-organism-id.json,,,,,,,,,,,,,,,,,,,,,,
2,AIRR Data Commons API for VDJServer Community Data Portal,VDJServer ADC API response for repertoire query,1.3,VDJServer,http://vdjserver.org/,vdjserver@utsouthwestern.edu,/home/ubuntu/ireceptor-monitor/performance_scripts/queries/repertoires/pass-field-pcr_target_locus.json,1.513946294784546,2023-01-31 23:33:45.412289,2023-01-31 15:33:45.412289-08:00,vdjserver,VDJServer (US),,,,pass-field-pcr_target_locus.json,,,,,,,,,,,,,,,,,,,,,,
3,AIRR Data Commons API for VDJServer Community Data Portal,VDJServer ADC API response for repertoire query,1.3,VDJServer,http://vdjserver.org/,vdjserver@utsouthwestern.edu,/home/ubuntu/ireceptor-monitor/performance_scripts/queries/repertoires/pass-field-age-range.json,4.151244163513184,2023-01-31 23:33:50.102835,2023-01-31 15:33:50.102835-08:00,vdjserver,VDJServer (US),,,,pass-field-age-range.json,,,,,,,,,,,,,,,,,,,,,,
4,AIRR Data Commons API for VDJServer Community Data Portal,VDJServer ADC API response for repertoire query,1.3,VDJServer,http://vdjserver.org/,vdjserver@utsouthwestern.edu,/home/ubuntu/ireceptor-monitor/performance_scripts/queries/repertoires/pass-query2_repertoire.json,0.5215911865234375,2023-01-31 23:33:50.647889,2023-01-31 15:33:50.647889-08:00,vdjserver,VDJServer (US),,,,pass-query2_repertoire.json,,,,,,,,,,,,,,,,,,,,,,
0,AIRR Data Commons API for VDJServer Community Data Portal,VDJServer ADC API response for repertoire query,1.4,VDJServer,http://vdjserver.org/,vdjserver@utsouthwestern.edu,/home/ubuntu/ireceptor-monitor/performance_scripts/queries/repertoires/pass-all.json,11.631483316421509,2023-02-01 03:30:47.386102,2023-01-31 19:30:47.386102-08:00,vdjserver,VDJServer (US),,,,pass-all.json,,,,,,,,,,,,,,,,,,,,,,
1,AIRR Data Commons API for VDJServer Community Data Portal,VDJServer ADC API response for repertoire query,1.4,VDJServer,http://vdjserver.org/,vdjserver@utsouthwestern.edu,/home/ubuntu/ireceptor-monitor/performance_scripts/queries/repertoires/pass-field-organism-id.json,8.869038105010986,2023-02-01 03:30:57.647947,2023-01-31 19:30:57.647947-08:00,vdjserver,VDJServer (US),,,,pass-field-organism-id.json,,,,,,,,,,,,,,,,,,,,,,
2,AIRR Data Commons API for VDJServer Community Data Portal,VDJServer ADC API response for repertoire query,1.4,VDJServer,http://vdjserver.org/,vdjserver@utsouthwestern.edu,/home/ubuntu/ireceptor-monitor/performance_scripts/queries/repertoires/pass-field-pcr_target_locus.json,2.3900270462036133,2023-02-01 03:31:00.229901,2023-01-31 19:31:00.229901-08:00,vdjserver,VDJServer (US),,,,pass-field-pcr_target_locus.json,,,,,,,,,,,,,,,,,,,,,,
3,AIRR Data Commons API for VDJServer Community Data Portal,VDJServer ADC API response for repertoire query,1.4,VDJServer,http://vdjserver.org/,vdjserver@utsouthwestern.edu,/home/ubuntu/ireceptor-monitor/performance_scripts/queries/repertoires/pass-field-age-range.json,8.221117496490479,2023-02-01 03:31:09.581651,2023-01-31 19:31:09.581651-08:00,vdjserver,VDJServer (US),,,,pass-field-age-range.json,,,,,,,,,,,,,,,,,,,,,,
4,AIRR Data Commons API for VDJServer Community Data Portal,VDJServer ADC API response for repertoire query,1.4,VDJServer,http://vdjserver.org/,vdjserver@utsouthwestern.edu,/home/ubuntu/ireceptor-monitor/performance_scripts/queries/repertoires/pass-query2_repertoire.json,0.4504446983337402,2023-02-01 03:31:10.055812,2023-01-31 19:31:10.055812-08:00,vdjserver,VDJServer (US),,,,pass-query2_repertoire.json,,,,,,,,,,,,,,,,,,,,,,
0,AIRR Data Commons API for VDJServer Community Data Portal,VDJServer ADC API response for repertoire query,1.4,VDJServer,http://vdjserver.org/,vdjserver@utsouthwestern.edu,/home/ubuntu/ireceptor-monitor/performance_scripts/queries/repertoires/pass-all.json,11.629372596740724,2023-02-01 07:30:48.143227,2023-01-31 23:30:48.143227-08:00,vdjserver,VDJServer (US),,,,pass-all.json,,,,,,,,,,,,,,,,,,,,,,
1,AIRR Data Commons API for VDJServer Community Data Portal,VDJServer ADC API response for repertoire query,1.4,VDJServer,http://vdjserver.org/,vdjserver@utsouthwestern.edu,/home/ubuntu/ireceptor-monitor/performance_scripts/queries/repertoires/pass-field-organism-id.json,9.965016841888428,2023-02-01 07:30:59.525415,2023-01-31 23:30:59.525415-08:00,vdjserver,VDJServer (US),,,,pass-field-organism-id.json,,,,,,,,,,,,,,,,,,,,,,
2,AIRR Data Commons API for VDJServer Community Data Portal,VDJServer ADC API response for repertoire query,1.4,VDJServer,http://vdjserver.org/,vdjserver@utsouthwestern.edu,/home/ubuntu/ireceptor-monitor/performance_scripts/queries/repertoires/pass-field-pcr_target_locus.json,2.736778497695924,2023-02-01 07:31:02.452958,2023-01-31 23:31:02.452958-08:00,vdjserver,VDJServer (US),,,,pass-field-pcr_target_locus.json,,,,,,,,,,,,,,,,,,,,,,
3,AIRR Data Commons API for VDJServer Community Data Portal,VDJServer ADC API response for repertoire query,1.4,VDJServer,http://vdjserver.org/,vdjserver@utsouthwestern.edu,/home/ubuntu/ireceptor-monitor/performance_scripts/queries/repertoires/pass-field-age-range.json,9.62142276763916,2023-02-01 07:31:13.138387,2023-01-31 23:31:13.138387-08:00,vdjserver,VDJServer (US),,,,pass-field-age-range.json,,,,,,,,,,,,,,,,,,,,,,
4,AIRR Data Commons API for VDJServer Community Data Portal,VDJServer ADC API response for repertoire query,1.4,VDJServer,http://vdjserver.org/,vdjserver@utsouthwestern.edu,/home/ubuntu/ireceptor-monitor/performance_scripts/queries/repertoires/pass-query2_repertoire.json,0.507206916809082,2023-02-01 07:31:13.669707,2023-01-31 23:31:13.669707-08:00,vdjserver,VDJServer (US),,,,pass-query2_repertoire.json,,,,,,,,,,,,,,,,,,,,,,
0,AIRR Data Commons API for VDJServer Community Data Portal,VDJServer ADC API response for repertoire query,1.4,VDJServer,http://vdjserver.org/,vdjserver@utsouthwestern.edu,/home/ubuntu/ireceptor-monitor/performance_scripts/queries/repertoires/pass-all.json,11.112413883209227,2023-02-01 11:30:46.978346,2023-02-01 03:30:46.978346-08:00,vdjserver,VDJServer (US),,,,pass-all.json,,,,,,,,,,,,,,,,,,,,,,
1,AIRR Data Commons API for VDJServer Community Data Portal,VDJServer ADC API response for repertoire query,1.4,VDJServer,http://vdjserver.org/,vdjserver@utsouthwestern.edu,/home/ubuntu/ireceptor-monitor/performance_scripts/queries/repertoires/pass-field-organism-id.json,9.998523712158203,2023-02-01 11:30:58.439374,2023-02-01 03:30:58.439374-08:00,vdjserver,VDJServer (US),,,,pass-field-organism-id.json,,,,,,,,,,,,,,,,,,,,,,
2,AIRR Data Commons API for VDJServer Community Data Portal,VDJServer ADC API response for repertoire query,1.4,VDJServer,http://vdjserver.org/,vdjserver@utsouthwestern.edu,/home/ubuntu/ireceptor-monitor/performance_scripts/queries/repertoires/pass-field-pcr_target_locus.json,2.5177898406982417,2023-02-01 11:31:01.163956,2023-02-01 03:31:01.163956-08:00,vdjserver,VDJServer (US),,,,pass-field-pcr_target_locus.json,,,,,,,,,,,,,,,,,,,,,,
3,AIRR Data Commons API for VDJServer Community Data Portal,VDJServer ADC API response for repertoire query,1.4,VDJServer,http://vdjserver.org/,vdjserver@utsouthwestern.edu,/home/ubuntu/ireceptor-monitor/performance_scripts/queries/repertoires/pass-field-age-range.json,9.845404148101807,2023-02-01 11:31:12.104678,2023-02-01 03:31:12.104678-08:00,vdjserver,VDJServer (US),,,,pass-field-age-range.json,,,,,,,,,,,,,,,,,,,,,,
4,AIRR Data Commons API for VDJServer Community Data Portal,VDJServer ADC API response for repertoire query,1.4,VDJServer,http://vdjserver.org/,vdjserver@utsouthwestern.edu,/home/ubuntu/ireceptor-monitor/performance_scripts/queries/repertoires/pass-query2_repertoire.json,0.45069527626037603,2023-02-01 11:31:12.585066,2023-02-01 03:31:12.585066-08:00,vdjserver,VDJServer (US),,,,pass-query2_repertoire.json,,,,,,,,,,,,,,,,,,,,,,
0,AIRR Data Commons API for VDJServer Community Data Portal,VDJServer ADC API response for repertoire query,1.4,VDJServer,http://vdjserver.org/,vdjserver@utsouthwestern.edu,/home/ubuntu/ireceptor-monitor/performance_scripts/queries/repertoires/pass-all.json,9.86276388168335,2023-02-01 15:30:45.666371,2023-02-01 07:30:45.666371-08:00,vdjserver,VDJServer (US),,,,pass-all.json,,,,,,,,,,,,,,,,,,,,,,
1,AIRR Data Commons API for VDJServer Community Data Portal,VDJServer ADC API response for repertoire query,1.4,VDJServer,http://vdjserver.org/,vdjserver@utsouthwestern.edu,/home/ubuntu/ireceptor-monitor/performance_scripts/queries/repertoires/pass-field-organism-id.json,8.927370786666868,2023-02-01 15:30:55.947669,2023-02-01 07:30:55.947669-08:00,vdjserver,VDJServer (US),,,,pass-field-organism-id.json,,,,,,,,,,,,,,,,,,,,,,
2,AIRR Data Commons API for VDJServer Community Data Portal,VDJServer ADC API response for repertoire query,1.4,VDJServer,http://vdjserver.org/,vdjserver@utsouthwestern.edu,/home/ubuntu/ireceptor-monitor/performance_scripts/queries/repertoires/pass-field-pcr_target_locus.json,2.94746732711792,2023-02-01 15:30:59.094967,2023-02-01 07:30:59.094967-08:00,vdjserver,VDJServer (US),,,,pass-field-pcr_target_locus.json,,,,,,,,,,,,,,,,,,,,,,
3,AIRR Data Commons API for VDJServer Community Data Portal,VDJServer ADC API response for repertoire query,1.4,VDJServer,http://vdjserver.org/,vdjserver@utsouthwestern.edu,/home/ubuntu/ireceptor-monitor/performance_scripts/queries/repertoires/pass-field-age-range.json,7.544159650802612,2023-02-01 15:31:07.707142,2023-02-01 07:31:07.707142-08:00,vdjserver,VDJServer (US),,,,pass-field-age-range.json,,,,,,,,,,,,,,,,,,,,,,
4,AIRR Data Commons API for VDJServer Community Data Portal,VDJServer ADC API response for repertoire query,1.4,VDJServer,http://vdjserver.org/,vdjserver@utsouthwestern.edu,/home/ubuntu/ireceptor-monitor/performance_scripts/queries/repertoires/pass-query2_repertoire.json,0.4433255195617676,2023-02-01 15:31:08.184052,2023-02-01 07:31:08.184052-08:00,vdjserver,VDJServer (US),,,,pass-query2_repertoire.json,,,,,,,,,,,,,,,,,,,,,,
0,AIRR Data Commons API for VDJServer Community Data Portal,VDJServer ADC API response for repertoire query,1.4,VDJServer,http://vdjserver.org/,vdjserver@utsouthwestern.edu,/home/ubuntu/ireceptor-monitor/performance_scripts/queries/repertoires/pass-all.json,8.534599304199219,2023-02-01 19:30:43.861742,2023-02-01 11:30:43.861742-08:00,vdjserver,VDJServer (US),,,,pass-all.json,,,,,,,,,,,,,,,,,,,,,,
1,AIRR Data Commons API for VDJServer Community Data Portal,VDJServer ADC API response for repertoire query,1.4,VDJServer,http://vdjserver.org/,vdjserver@utsouthwestern.edu,/home/ubuntu/ireceptor-monitor/performance_scripts/queries/repertoires/pass-field-organism-id.json,8.202333688735964,2023-02-01 19:30:53.387906,2023-02-01 11:30:53.387906-08:00,vdjserver,VDJServer (US),,,,pass-field-organism-id.json,,,,,,,,,,,,,,,,,,,,,,
2,AIRR Data Commons API for VDJServer Community Data Portal,VDJServer ADC API response for repertoire query,1.4,VDJServer,http://vdjserver.org/,vdjserver@utsouthwestern.edu,/home/ubuntu/ireceptor-monitor/performance_scripts/queries/repertoires/pass-field-pcr_target_locus.json,1.983543872833252,2023-02-01 19:30:55.573186,2023-02-01 11:30:55.573186-08:00,vdjserver,VDJServer (US),,,,pass-field-pcr_target_locus.json,,,,,,,,,,,,,,,,,,,,,,
3,AIRR Data Commons API for VDJServer Community Data Portal,VDJServer ADC API response for repertoire query,1.4,VDJServer,http://vdjserver.org/,vdjserver@utsouthwestern.edu,/home/ubuntu/ireceptor-monitor/performance_scripts/queries/repertoires/pass-field-age-range.json,7.653378248214723,2023-02-01 19:31:04.233559,2023-02-01 11:31:04.233559-08:00,vdjserver,VDJServer (US),,,,pass-field-age-range.json,,,,,,,,,,,,,,,,,,,,,,
4,AIRR Data Commons API for VDJServer Community Data Portal,VDJServer ADC API response for repertoire query,1.4,VDJServer,http://vdjserver.org/,vdjserver@utsouthwestern.edu,/home/ubuntu/ireceptor-monitor/performance_scripts/queries/repertoires/pass-query2_repertoire.json,0.4362049102783203,2023-02-01 19:31:04.701297,2023-02-01 11:31:04.701297-08:00,vdjserver,VDJServer (US),,,,pass-query2_repertoire.json,,,,,,,,,,,,,,,,,,,,,,
0,AIRR Data Commons API for VDJServer Community Data Portal,VDJServer ADC API response for repertoire query,1.4,VDJServer,http://vdjserver.org/,vdjserver@utsouthwestern.edu,/home/ubuntu/ireceptor-monitor/performance_scripts/queries/repertoires/pass-all.json,12.250373601913452,2023-02-01 23:31:19.789323,2023-02-01 15:31:19.789323-08:00,vdjserver,VDJServer (US),,,,pass-all.json,,,,,,,,,,,,,,,,,,,,,,
1,AIRR Data Commons API for VDJServer Community Data Portal,VDJServer ADC API response for repertoire query,1.4,VDJServer,http://vdjserver.org/,vdjserver@utsouthwestern.edu,/home/ubuntu/ireceptor-monitor/performance_scripts/queries/repertoires/pass-field-organism-id.json,10.437217712402344,2023-02-01 23:31:31.590932,2023-02-01 15:31:31.590932-08:00,vdjserver,VDJServer (US),,,,pass-field-organism-id.json,,,,,,,,,,,,,,,,,,,,,,
2,AIRR Data Commons API for VDJServer Community Data Portal,VDJServer ADC API response for repertoire query,1.4,VDJServer,http://vdjserver.org/,vdjserver@utsouthwestern.edu,/home/ubuntu/ireceptor-monitor/performance_scripts/queries/repertoires/pass-field-pcr_target_locus.json,2.151865243911743,2023-02-01 23:31:33.932630,2023-02-01 15:31:33.932630-08:00,vdjserver,VDJServer (US),,,,pass-field-pcr_target_locus.json,,,,,,,,,,,,,,,,,,,,,,
3,AIRR Data Commons API for VDJServer Community Data Portal,VDJServer ADC API response for repertoire query,1.4,VDJServer,http://vdjserver.org/,vdjserver@utsouthwestern.edu,/home/ubuntu/ireceptor-monitor/performance_scripts/queries/repertoires/pass-field-age-range.json,7.710137367248535,2023-02-01 23:31:42.687769,2023-02-01 15:31:42.687769-08:00,vdjserver,VDJServer (US),,,,pass-field-age-range.json,,,,,,,,,,,,,,,,,,,,,,
4,AIRR Data Commons API for VDJServer Community Data Portal,VDJServer ADC API response for repertoire query,1.4,VDJServer,http://vdjserver.org/,vdjserver@utsouthwestern.edu,/home/ubuntu/ireceptor-monitor/performance_scripts/queries/repertoires/pass-query2_repertoire.json,0.486757755279541,2023-02-01 23:31:43.198228,2023-02-01 15:31:43.198228-08:00,vdjserver,VDJServer (US),,,,pass-query2_repertoire.json,,,,,,,,,,,,,,,,,,,,,,
0,AIRR Data Commons API for VDJServer Community Data Portal,VDJServer ADC API response for repertoire query,1.4,VDJServer,http://vdjserver.org/,vdjserver@utsouthwestern.edu,/home/ubuntu/ireceptor-monitor/performance_scripts/queries/repertoires/pass-all.json,11.858221292495728,2023-02-02 03:30:47.517507,2023-02-01 19:30:47.517507-08:00,vdjserver,VDJServer (US),,,,pass-all.json,,,,,,,,,,,,,,,,,,,,,,
1,AIRR Data Commons API for VDJServer Community Data Portal,VDJServer ADC API response for repertoire query,1.4,VDJServer,http://vdjserver.org/,vdjserver@utsouthwestern.edu,/home/ubuntu/ireceptor-monitor/performance_scripts/queries/repertoires/pass-field-organism-id.json,11.979881525039673,2023-02-02 03:31:00.836842,2023-02-01 19:31:00.836842-08:00,vdjserver,VDJServer (US),,,,pass-field-organism-id.json,,,,,,,,,,,,,,,,,,,,,,
2,AIRR Data Commons API for VDJServer Community Data Portal,VDJServer ADC API response for repertoire query,1.4,VDJServer,http://vdjserver.org/,vdjserver@utsouthwestern.edu,/home/ubuntu/ireceptor-monitor/performance_scripts/queries/repertoires/pass-field-pcr_target_locus.json,2.3077008724212646,2023-02-02 03:31:03.333682,2023-02-01 19:31:03.333682-08:00,vdjserver,VDJServer (US),,,,pass-field-pcr_target_locus.json,,,,,,,,,,,,,,,,,,,,,,
3,AIRR Data Commons API for VDJServer Community Data Portal,VDJServer ADC API response for repertoire query,1.4,VDJServer,http://vdjserver.org/,vdjserver@utsouthwestern.edu,/home/ubuntu/ireceptor-monitor/performance_scripts/queries/repertoires/pass-field-age-range.json,9.766512870788574,2023-02-02 03:31:14.110066,2023-02-01 19:31:14.110066-08:00,vdjserver,VDJServer (US),,,,pass-field-age-range.json,,,,,,,,,,,,,,,,,,,,,,
4,AIRR Data Commons API for VDJServer Community Data Portal,VDJServer ADC API response for repertoire query,1.4,VDJServer,http://vdjserver.org/,vdjserver@utsouthwestern.edu,/home/ubuntu/ireceptor-monitor/performance_scripts/queries/repertoires/pass-query2_repertoire.json,0.5750787258148193,2023-02-02 03:31:14.714448,2023-02-01 19:31:14.714448-08:00,vdjserver,VDJServer (US),,,,pass-query2_repertoire.json,,,,,,,,,,,,,,,,,,,,,,
0,AIRR Data Commons API for VDJServer Community Data Portal,VDJServer ADC API response for repertoire query,1.4,VDJServer,http://vdjserver.org/,vdjserver@utsouthwestern.edu,/home/ubuntu/ireceptor-monitor/performance_scripts/queries/repertoires/pass-all.json,11.652178287506105,2023-02-02 07:30:47.466671,2023-02-01 23:30:47.466671-08:00,vdjserver,VDJServer (US),,,,pass-all.json,,,,,,,,,,,,,,,,,,,,,,
1,AIRR Data Commons API for VDJServer Community Data Portal,VDJServer ADC API response for repertoire query,1.4,VDJServer,http://vdjserver.org/,vdjserver@utsouthwestern.edu,/home/ubuntu/ireceptor-monitor/performance_scripts/queries/repertoires/pass-field-organism-id.json,9.363261938095091,2023-02-02 07:30:58.139980,2023-02-01 23:30:58.139980-08:00,vdjserver,VDJServer (US),,,,pass-field-organism-id.json,,,,,,,,,,,,,,,,,,,,,,
2,AIRR Data Commons API for VDJServer Community Data Portal,VDJServer ADC API response for repertoire query,1.4,VDJServer,http://vdjserver.org/,vdjserver@utsouthwestern.edu,/home/ubuntu/ireceptor-monitor/performance_scripts/queries/repertoires/pass-field-pcr_target_locus.json,2.140052080154419,2023-02-02 07:31:00.470889,2023-02-01 23:31:00.470889-08:00,vdjserver,VDJServer (US),,,,pass-field-pcr_target_locus.json,,,,,,,,,,,,,,,,,,,,,,
3,AIRR Data Commons API for VDJServer Community Data Portal,VDJServer ADC API response for repertoire query,1.4,VDJServer,http://vdjserver.org/,vdjserver@utsouthwestern.edu,/home/ubuntu/ireceptor-monitor/performance_scripts/queries/repertoires/pass-field-age-range.json,8.1218421459198,2023-02-02 07:31:09.675590,2023-02-01 23:31:09.675590-08:00,vdjserver,VDJServer (US),,,,pass-field-age-range.json,,,,,,,,,,,,,,,,,,,,,,
4,AIRR Data Commons API for VDJServer Community Data Portal,VDJServer ADC API response for repertoire query,1.4,VDJServer,http://vdjserver.org/,vdjserver@utsouthwestern.edu,/home/ubuntu/ireceptor-monitor/performance_scripts/queries/repertoires/pass-query2_repertoire.json,0.4896931648254394,2023-02-02 07:31:10.201453,2023-02-01 23:31:10.201453-08:00,vdjserver,VDJServer (US),,,,pass-query2_repertoire.json,,,,,,,,,,,,,,,,,,,,,,
0,AIRR Data Commons API for VDJServer Community Data Portal,VDJServer ADC API response for repertoire query,1.4,VDJServer,http://vdjserver.org/,vdjserver@utsouthwestern.edu,/home/ubuntu/ireceptor-monitor/performance_scripts/queries/repertoires/pass-all.json,11.035242319107056,2023-02-02 11:30:46.407572,2023-02-02 03:30:46.407572-08:00,vdjserver,VDJServer (US),,,,pass-all.json,,,,,,,,,,,,,,,,,,,,,,
1,AIRR Data Commons API for VDJServer Community Data Portal,VDJServer ADC API response for repertoire query,1.4,VDJServer,http://vdjserver.org/,vdjserver@utsouthwestern.edu,/home/ubuntu/ireceptor-monitor/performance_scripts/queries/repertoires/pass-field-organism-id.json,9.489683151245117,2023-02-02 11:30:57.214824,2023-02-02 03:30:57.214824-08:00,vdjserver,VDJServer (US),,,,pass-field-organism-id.json,,,,,,,,,,,,,,,,,,,,,,
2,AIRR Data Commons API for VDJServer Community Data Portal,VDJServer ADC API response for repertoire query,1.4,VDJServer,http://vdjserver.org/,vdjserver@utsouthwestern.edu,/home/ubuntu/ireceptor-monitor/performance_scripts/queries/repertoires/pass-field-pcr_target_locus.json,2.2390522956848145,2023-02-02 11:30:59.642920,2023-02-02 03:30:59.642920-08:00,vdjserver,VDJServer (US),,,,pass-field-pcr_target_locus.json,,,,,,,,,,,,,,,,,,,,,,
3,AIRR Data Commons API for VDJServer Community Data Portal,VDJServer ADC API response for repertoire query,1.4,VDJServer,http://vdjserver.org/,vdjserver@utsouthwestern.edu,/home/ubuntu/ireceptor-monitor/performance_scripts/queries/repertoires/pass-field-age-range.json,8.543452262878418,2023-02-02 11:31:09.233699,2023-02-02 03:31:09.233699-08:00,vdjserver,VDJServer (US),,,,pass-field-age-range.json,,,,,,,,,,,,,,,,,,,,,,
4,AIRR Data Commons API for VDJServer Community Data Portal,VDJServer ADC API response for repertoire query,1.4,VDJServer,http://vdjserver.org/,vdjserver@utsouthwestern.edu,/home/ubuntu/ireceptor-monitor/performance_scripts/queries/repertoires/pass-query2_repertoire.json,0.4193339347839356,2023-02-02 11:31:09.676976,2023-02-02 03:31:09.676976-08:00,vdjserver,VDJServer (US),,,,pass-query2_repertoire.json,,,,,,,,,,,,,,,,,,,,,,
0,AIRR Data Commons API for VDJServer Community Data Portal,VDJServer ADC API response for repertoire query,1.4,VDJServer,http://vdjserver.org/,vdjserver@utsouthwestern.edu,/home/ubuntu/ireceptor-monitor/performance_scripts/queries/repertoires/pass-all.json,14.529909133911133,2023-02-02 15:30:49.960106,2023-02-02 07:30:49.960106-08:00,vdjserver,VDJServer (US),,,,pass-all.json,,,,,,,,,,,,,,,,,,,,,,
1,AIRR Data Commons API for VDJServer Community Data Portal,VDJServer ADC API response for repertoire query,1.4,VDJServer,http://vdjserver.org/,vdjserver@utsouthwestern.edu,/home/ubuntu/ireceptor-monitor/performance_scripts/queries/repertoires/pass-field-organism-id.json,19.119368076324466,2023-02-02 15:31:10.487355,2023-02-02 07:31:10.487355-08:00,vdjserver,VDJServer (US),,,,pass-field-organism-id.json,,,,,,,,,,,,,,,,,,,,,,
2,AIRR Data Commons API for VDJServer Community Data Portal,VDJServer ADC API response for repertoire query,1.4,VDJServer,http://vdjserver.org/,vdjserver@utsouthwestern.edu,/home/ubuntu/ireceptor-monitor/performance_scripts/queries/repertoires/pass-field-pcr_target_locus.json,3.0520482063293457,2023-02-02 15:31:13.736051,2023-02-02 07:31:13.736051-08:00,vdjserver,VDJServer (US),,,,pass-field-pcr_target_locus.json,,,,,,,,,,,,,,,,,,,,,,
3,AIRR Data Commons API for VDJServer Community Data Portal,VDJServer ADC API response for repertoire query,1.4,VDJServer,http://vdjserver.org/,vdjserver@utsouthwestern.edu,/home/ubuntu/ireceptor-monitor/performance_scripts/queries/repertoires/pass-field-age-range.json,12.174025535583494,2023-02-02 15:31:26.980793,2023-02-02 07:31:26.980793-08:00,vdjserver,VDJServer (US),,,,pass-field-age-range.json,,,,,,,,,,,,,,,,,,,,,,
4,AIRR Data Commons API for VDJServer Community Data Portal,VDJServer ADC API response for repertoire query,1.4,VDJServer,http://vdjserver.org/,vdjserver@utsouthwestern.edu,/home/ubuntu/ireceptor-monitor/performance_scripts/queries/repertoires/pass-query2_repertoire.json,0.4838161468505859,2023-02-02 15:31:27.488862,2023-02-02 07:31:27.488862-08:00,vdjserver,VDJServer (US),,,,pass-query2_repertoire.json,,,,,,,,,,,,,,,,,,,,,,
0,AIRR Data Commons API for VDJServer Community Data Portal,VDJServer ADC API response for repertoire query,1.4,VDJServer,http://vdjserver.org/,vdjserver@utsouthwestern.edu,/home/ubuntu/ireceptor-monitor/performance_scripts/queries/repertoires/pass-all.json,15.169091939926147,2023-02-02 19:30:48.898521,2023-02-02 11:30:48.898521-08:00,vdjserver,VDJServer (US),,,,pass-all.json,,,,,,,,,,,,,,,,,,,,,,
1,AIRR Data Commons API for VDJServer Community Data Portal,VDJServer ADC API response for repertoire query,1.4,VDJServer,http://vdjserver.org/,vdjserver@utsouthwestern.edu,/home/ubuntu/ireceptor-monitor/performance_scripts/queries/repertoires/pass-field-organism-id.json,10.764584064483644,2023-02-02 19:31:01.087337,2023-02-02 11:31:01.087337-08:00,vdjserver,VDJServer (US),,,,pass-field-organism-id.json,,,,,,,,,,,,,,,,,,,,,,
2,AIRR Data Commons API for VDJServer Community Data Portal,VDJServer ADC API response for repertoire query,1.4,VDJServer,http://vdjserver.org/,vdjserver@utsouthwestern.edu,/home/ubuntu/ireceptor-monitor/performance_scripts/queries/repertoires/pass-field-pcr_target_locus.json,2.5622446537017822,2023-02-02 19:31:03.849355,2023-02-02 11:31:03.849355-08:00,vdjserver,VDJServer (US),,,,pass-field-pcr_target_locus.json,,,,,,,,,,,,,,,,,,,,,,
3,AIRR Data Commons API for VDJServer Community Data Portal,VDJServer ADC API response for repertoire query,1.4,VDJServer,http://vdjserver.org/,vdjserver@utsouthwestern.edu,/home/ubuntu/ireceptor-monitor/performance_scripts/queries/repertoires/pass-field-age-range.json,8.887639284133913,2023-02-02 19:31:13.803534,2023-02-02 11:31:13.803534-08:00,vdjserver,VDJServer (US),,,,pass-field-age-range.json,,,,,,,,,,,,,,,,,,,,,,
4,AIRR Data Commons API for VDJServer Community Data Portal,VDJServer ADC API response for repertoire query,1.4,VDJServer,http://vdjserver.org/,vdjserver@utsouthwestern.edu,/home/ubuntu/ireceptor-monitor/performance_scripts/queries/repertoires/pass-query2_repertoire.json,0.4487602710723877,2023-02-02 19:31:14.287212,2023-02-02 11:31:14.287212-08:00,vdjserver,VDJServer (US),,,,pass-query2_repertoire.json,,,,,,,,,,,,,,,,,,,,,,
0,AIRR Data Commons API for VDJServer Community Data Portal,VDJServer ADC API response for repertoire query,1.4,VDJServer,http://vdjserver.org/,vdjserver@utsouthwestern.edu,/home/ubuntu/ireceptor-monitor/performance_scripts/queries/repertoires/pass-all.json,15.301383018493652,2023-02-02 23:30:51.729471,2023-02-02 15:30:51.729471-08:00,vdjserver,VDJServer (US),,,,pass-all.json,,,,,,,,,,,,,,,,,,,,,,
1,AIRR Data Commons API for VDJServer Community Data Portal,VDJServer ADC API response for repertoire query,1.4,VDJServer,http://vdjserver.org/,vdjserver@utsouthwestern.edu,/home/ubuntu/ireceptor-monitor/performance_scripts/queries/repertoires/pass-field-organism-id.json,10.305004835128782,2023-02-02 23:31:03.629651,2023-02-02 15:31:03.629651-08:00,vdjserver,VDJServer (US),,,,pass-field-organism-id.json,,,,,,,,,,,,,,,,,,,,,,
2,AIRR Data Commons API for VDJServer Community Data Portal,VDJServer ADC API response for repertoire query,1.4,VDJServer,http://vdjserver.org/,vdjserver@utsouthwestern.edu,/home/ubuntu/ireceptor-monitor/performance_scripts/queries/repertoires/pass-field-pcr_target_locus.json,2.385014772415161,2023-02-02 23:31:06.219510,2023-02-02 15:31:06.219510-08:00,vdjserver,VDJServer (US),,,,pass-field-pcr_target_locus.json,,,,,,,,,,,,,,,,,,,,,,
3,AIRR Data Commons API for VDJServer Community Data Portal,VDJServer ADC API response for repertoire query,1.4,VDJServer,http://vdjserver.org/,vdjserver@utsouthwestern.edu,/home/ubuntu/ireceptor-monitor/performance_scripts/queries/repertoires/pass-field-age-range.json,9.352058410644533,2023-02-02 23:31:16.745446,2023-02-02 15:31:16.745446-08:00,vdjserver,VDJServer (US),,,,pass-field-age-range.json,,,,,,,,,,,,,,,,,,,,,,
4,AIRR Data Commons API for VDJServer Community Data Portal,VDJServer ADC API response for repertoire query,1.4,VDJServer,http://vdjserver.org/,vdjserver@utsouthwestern.edu,/home/ubuntu/ireceptor-monitor/performance_scripts/queries/repertoires/pass-query2_repertoire.json,0.43713927268981934,2023-02-02 23:31:17.217726,2023-02-02 15:31:17.217726-08:00,vdjserver,VDJServer (US),,,,pass-query2_repertoire.json,,,,,,,,,,,,,,,,,,,,,,
0,AIRR Data Commons API for VDJServer Community Data Portal,VDJServer ADC API response for repertoire query,1.4,VDJServer,http://vdjserver.org/,vdjserver@utsouthwestern.edu,/home/ubuntu/ireceptor-monitor/performance_scripts/queries/repertoires/pass-all.json,9.365004062652588,2023-02-03 03:30:46.350814,2023-02-02 19:30:46.350814-08:00,vdjserver,VDJServer (US),,,,pass-all.json,,,,,,,,,,,,,,,,,,,,,,
1,AIRR Data Commons API for VDJServer Community Data Portal,VDJServer ADC API response for repertoire query,1.4,VDJServer,http://vdjserver.org/,vdjserver@utsouthwestern.edu,/home/ubuntu/ireceptor-monitor/performance_scripts/queries/repertoires/pass-field-organism-id.json,10.346954822540283,2023-02-03 03:30:58.029238,2023-02-02 19:30:58.029238-08:00,vdjserver,VDJServer (US),,,,pass-field-organism-id.json,,,,,,,,,,,,,,,,,,,,,,
2,AIRR Data Commons API for VDJServer Community Data Portal,VDJServer ADC API response for repertoire query,1.4,VDJServer,http://vdjserver.org/,vdjserver@utsouthwestern.edu,/home/ubuntu/ireceptor-monitor/performance_scripts/queries/repertoires/pass-field-pcr_target_locus.json,3.2098522186279297,2023-02-03 03:31:01.430675,2023-02-02 19:31:01.430675-08:00,vdjserver,VDJServer (US),,,,pass-field-pcr_target_locus.json,,,,,,,,,,,,,,,,,,,,,,
3,AIRR Data Commons API for VDJServer Community Data Portal,VDJServer ADC API response for repertoire query,1.4,VDJServer,http://vdjserver.org/,vdjserver@utsouthwestern.edu,/home/ubuntu/ireceptor-monitor/performance_scripts/queries/repertoires/pass-field-age-range.json,10.685952425003054,2023-02-03 03:31:13.159559,2023-02-02 19:31:13.159559-08:00,vdjserver,VDJServer (US),,,,pass-field-age-range.json,,,,,,,,,,,,,,,,,,,,,,
4,AIRR Data Commons API for VDJServer Community Data Portal,VDJServer ADC API response for repertoire query,1.4,VDJServer,http://vdjserver.org/,vdjserver@utsouthwestern.edu,/home/ubuntu/ireceptor-monitor/performance_scripts/queries/repertoires/pass-query2_repertoire.json,0.4316835403442383,2023-02-03 03:31:13.624714,2023-02-02 19:31:13.624714-08:00,vdjserver,VDJServer (US),,,,pass-query2_repertoire.json,,,,,,,,,,,,,,,,,,,,,,
0,AIRR Data Commons API for VDJServer Community Data Portal,VDJServer ADC API response for repertoire query,1.4,VDJServer,http://vdjserver.org/,vdjserver@utsouthwestern.edu,/home/ubuntu/ireceptor-monitor/performance_scripts/queries/repertoires/pass-all.json,13.376686096191404,2023-02-03 07:30:49.482828,2023-02-02 23:30:49.482828-08:00,vdjserver,VDJServer (US),,,,pass-all.json,,,,,,,,,,,,,,,,,,,,,,
1,AIRR Data Commons API for VDJServer Community Data Portal,VDJServer ADC API response for repertoire query,1.4,VDJServer,http://vdjserver.org/,vdjserver@utsouthwestern.edu,/home/ubuntu/ireceptor-monitor/performance_scripts/queries/repertoires/pass-field-organism-id.json,9.600069046020508,2023-02-03 07:31:00.374192,2023-02-02 23:31:00.374192-08:00,vdjserver,VDJServer (US),,,,pass-field-organism-id.json,,,,,,,,,,,,,,,,,,,,,,
2,AIRR Data Commons API for VDJServer Community Data Portal,VDJServer ADC API response for repertoire query,1.4,VDJServer,http://vdjserver.org/,vdjserver@utsouthwestern.edu,/home/ubuntu/ireceptor-monitor/performance_scripts/queries/repertoires/pass-field-pcr_target_locus.json,2.3309621810913086,2023-02-03 07:31:02.885642,2023-02-02 23:31:02.885642-08:00,vdjserver,VDJServer (US),,,,pass-field-pcr_target_locus.json,,,,,,,,,,,,,,,,,,,,,,
3,AIRR Data Commons API for VDJServer Community Data Portal,VDJServer ADC API response for repertoire query,1.4,VDJServer,http://vdjserver.org/,vdjserver@utsouthwestern.edu,/home/ubuntu/ireceptor-monitor/performance_scripts/queries/repertoires/pass-field-age-range.json,8.937319517135618,2023-02-03 07:31:12.835373,2023-02-02 23:31:12.835373-08:00,vdjserver,VDJServer (US),,,,pass-field-age-range.json,,,,,,,,,,,,,,,,,,,,,,
4,AIRR Data Commons API for VDJServer Community Data Portal,VDJServer ADC API response for repertoire query,1.4,VDJServer,http://vdjserver.org/,vdjserver@utsouthwestern.edu,/home/ubuntu/ireceptor-monitor/performance_scripts/queries/repertoires/pass-query2_repertoire.json,0.4678943157196045,2023-02-03 07:31:13.330058,2023-02-02 23:31:13.330058-08:00,vdjserver,VDJServer (US),,,,pass-query2_repertoire.json,,,,,,,,,,,,,,,,,,,,,,
0,AIRR Data Commons API for VDJServer Community Data Portal,VDJServer ADC API response for repertoire query,1.4,VDJServer,http://vdjserver.org/,vdjserver@utsouthwestern.edu,/home/ubuntu/ireceptor-monitor/performance_scripts/queries/repertoires/pass-all.json,11.915910005569458,2023-02-03 11:30:48.114933,2023-02-03 03:30:48.114933-08:00,vdjserver,VDJServer (US),,,,pass-all.json,,,,,,,,,,,,,,,,,,,,,,
1,AIRR Data Commons API for VDJServer Community Data Portal,VDJServer ADC API response for repertoire query,1.4,VDJServer,http://vdjserver.org/,vdjserver@utsouthwestern.edu,/home/ubuntu/ireceptor-monitor/performance_scripts/queries/repertoires/pass-field-organism-id.json,9.91360640525818,2023-02-03 11:30:59.412621,2023-02-03 03:30:59.412621-08:00,vdjserver,VDJServer (US),,,,pass-field-organism-id.json,,,,,,,,,,,,,,,,,,,,,,
2,AIRR Data Commons API for VDJServer Community Data Portal,VDJServer ADC API response for repertoire query,1.4,VDJServer,http://vdjserver.org/,vdjserver@utsouthwestern.edu,/home/ubuntu/ireceptor-monitor/performance_scripts/queries/repertoires/pass-field-pcr_target_locus.json,2.9152722358703613,2023-02-03 11:31:02.517066,2023-02-03 03:31:02.517066-08:00,vdjserver,VDJServer (US),,,,pass-field-pcr_target_locus.json,,,,,,,,,,,,,,,,,,,,,,
3,AIRR Data Commons API for VDJServer Community Data Portal,VDJServer ADC API response for repertoire query,1.4,VDJServer,http://vdjserver.org/,vdjserver@utsouthwestern.edu,/home/ubuntu/ireceptor-monitor/performance_scripts/queries/repertoires/pass-field-age-range.json,9.21194314956665,2023-02-03 11:31:12.738173,2023-02-03 03:31:12.738173-08:00,vdjserver,VDJServer (US),,,,pass-field-age-range.json,,,,,,,,,,,,,,,,,,,,,,
4,AIRR Data Commons API for VDJServer Community Data Portal,VDJServer ADC API response for repertoire query,1.4,VDJServer,http://vdjserver.org/,vdjserver@utsouthwestern.edu,/home/ubuntu/ireceptor-monitor/performance_scripts/queries/repertoires/pass-query2_repertoire.json,0.4381756782531738,2023-02-03 11:31:13.205917,2023-02-03 03:31:13.205917-08:00,vdjserver,VDJServer (US),,,,pass-query2_repertoire.json,,,,,,,,,,,,,,,,,,,,,,
0,AIRR Data Commons API for VDJServer Community Data Portal,VDJServer ADC API response for repertoire query,1.4,VDJServer,http://vdjserver.org/,vdjserver@utsouthwestern.edu,/home/ubuntu/ireceptor-monitor/performance_scripts/queries/repertoires/pass-all.json,14.160855531692505,2023-02-03 15:31:48.499273,2023-02-03 07:31:48.499273-08:00,vdjserver,VDJServer (US),,,,pass-all.json,,,,,,,,,,,,,,,,,,,,,,
1,AIRR Data Commons API for VDJServer Community Data Portal,VDJServer ADC API response for repertoire query,1.4,VDJServer,http://vdjserver.org/,vdjserver@utsouthwestern.edu,/home/ubuntu/ireceptor-monitor/performance_scripts/queries/repertoires/pass-field-organism-id.json,10.99047327041626,2023-02-03 15:32:00.767040,2023-02-03 07:32:00.767040-08:00,vdjserver,VDJServer (US),,,,pass-field-organism-id.json,,,,,,,,,,,,,,,,,,,,,,
2,AIRR Data Commons API for VDJServer Community Data Portal,VDJServer ADC API response for repertoire query,1.4,VDJServer,http://vdjserver.org/,vdjserver@utsouthwestern.edu,/home/ubuntu/ireceptor-monitor/performance_scripts/queries/repertoires/pass-field-pcr_target_locus.json,2.513249635696411,2023-02-03 15:32:03.467673,2023-02-03 07:32:03.467673-08:00,vdjserver,VDJServer (US),,,,pass-field-pcr_target_locus.json,,,,,,,,,,,,,,,,,,,,,,
3,AIRR Data Commons API for VDJServer Community Data Portal,VDJServer ADC API response for repertoire query,1.4,VDJServer,http://vdjserver.org/,vdjserver@utsouthwestern.edu,/home/ubuntu/ireceptor-monitor/performance_scripts/queries/repertoires/pass-field-age-range.json,10.390352487564089,2023-02-03 15:32:14.875729,2023-02-03 07:32:14.875729-08:00,vdjserver,VDJServer (US),,,,pass-field-age-range.json,,,,,,,,,,,,,,,,,,,,,,
4,AIRR Data Commons API for VDJServer Community Data Portal,VDJServer ADC API response for repertoire query,1.4,VDJServer,http://vdjserver.org/,vdjserver@utsouthwestern.edu,/home/ubuntu/ireceptor-monitor/performance_scripts/queries/repertoires/pass-query2_repertoire.json,0.55655837059021,2023-02-03 15:32:15.457115,2023-02-03 07:32:15.457115-08:00,vdjserver,VDJServer (US),,,,pass-query2_repertoire.json,,,,,,,,,,,,,,,,,,,,,,
0,AIRR Data Commons API for VDJServer Community Data Portal,VDJServer ADC API response for repertoire query,1.4,VDJServer,http://vdjserver.org/,vdjserver@utsouthwestern.edu,/home/ubuntu/ireceptor-monitor/performance_scripts/queries/repertoires/pass-all.json,11.662091255187988,2023-02-03 19:30:47.071565,2023-02-03 11:30:47.071565-08:00,vdjserver,VDJServer (US),,,,pass-all.json,,,,,,,,,,,,,,,,,,,,,,
1,AIRR Data Commons API for VDJServer Community Data Portal,VDJServer ADC API response for repertoire query,1.4,VDJServer,http://vdjserver.org/,vdjserver@utsouthwestern.edu,/home/ubuntu/ireceptor-monitor/performance_scripts/queries/repertoires/pass-field-organism-id.json,10.462173700332643,2023-02-03 19:30:58.703616,2023-02-03 11:30:58.703616-08:00,vdjserver,VDJServer (US),,,,pass-field-organism-id.json,,,,,,,,,,,,,,,,,,,,,,
2,AIRR Data Commons API for VDJServer Community Data Portal,VDJServer ADC API response for repertoire query,1.4,VDJServer,http://vdjserver.org/,vdjserver@utsouthwestern.edu,/home/ubuntu/ireceptor-monitor/performance_scripts/queries/repertoires/pass-field-pcr_target_locus.json,2.497060060501098,2023-02-03 19:31:01.379043,2023-02-03 11:31:01.379043-08:00,vdjserver,VDJServer (US),,,,pass-field-pcr_target_locus.json,,,,,,,,,,,,,,,,,,,,,,
3,AIRR Data Commons API for VDJServer Community Data Portal,VDJServer ADC API response for repertoire query,1.4,VDJServer,http://vdjserver.org/,vdjserver@utsouthwestern.edu,/home/ubuntu/ireceptor-monitor/performance_scripts/queries/repertoires/pass-field-age-range.json,12.333546876907349,2023-02-03 19:31:14.784478,2023-02-03 11:31:14.784478-08:00,vdjserver,VDJServer (US),,,,pass-field-age-range.json,,,,,,,,,,,,,,,,,,,,,,
4,AIRR Data Commons API for VDJServer Community Data Portal,VDJServer ADC API response for repertoire query,1.4,VDJServer,http://vdjserver.org/,vdjserver@utsouthwestern.edu,/home/ubuntu/ireceptor-monitor/performance_scripts/queries/repertoires/pass-query2_repertoire.json,0.4630851745605469,2023-02-03 19:31:15.284070,2023-02-03 11:31:15.284070-08:00,vdjserver,VDJServer (US),,,,pass-query2_repertoire.json,,,,,,,,,,,,,,,,,,,,,,
0,,,,,,,/home/ubuntu/ireceptor-monitor/performance_scripts/queries/repertoires/pass-all.json,0.3492138385772705,2023-02-01 02:30:17.462349,2023-01-31 18:30:17.462349-08:00,airr-seq,VDJBase (Israel),,,,pass-all.json,,,,iReceptor Service,AIRR Data Commons API for iReceptor,3.0,,iReceptor,http://ireceptor.org,support@ireceptor.org,GNU LGPL V3,AIRR Data Commons API,1.2.0,AIRR Community,https://www.antibodysociety.org/the-airr-community/,join@airr-community.org,Major Version 1 of the Adaptive Immune Receptor Repertoire (AIRR) data repository web service application programming interface (API).,AIRR Schema,Schema definitions for AIRR standards objects,1.4.0,AIRR Community,https://github.com/airr-community
1,,,,,,,/home/ubuntu/ireceptor-monitor/performance_scripts/queries/repertoires/pass-field-organism-id.json,0.4922657012939453,2023-02-01 02:30:17.992941,2023-01-31 18:30:17.992941-08:00,airr-seq,VDJBase (Israel),,,,pass-field-organism-id.json,,,,iReceptor Service,AIRR Data Commons API for iReceptor,3.0,,iReceptor,http://ireceptor.org,support@ireceptor.org,GNU LGPL V3,AIRR Data Commons API,1.2.0,AIRR Community,https://www.antibodysociety.org/the-airr-community/,join@airr-community.org,Major Version 1 of the Adaptive Immune Receptor Repertoire (AIRR) data repository web service application programming interface (API).,AIRR Schema,Schema definitions for AIRR standards objects,1.4.0,AIRR Community,https://github.com/airr-community
2,,,,,,,/home/ubuntu/ireceptor-monitor/performance_scripts/queries/repertoires/pass-field-pcr_target_locus.json,0.32803964614868164,2023-02-01 02:30:18.334216,2023-01-31 18:30:18.334216-08:00,airr-seq,VDJBase (Israel),,,,pass-field-pcr_target_locus.json,,,,iReceptor Service,AIRR Data Commons API for iReceptor,3.0,,iReceptor,http://ireceptor.org,support@ireceptor.org,GNU LGPL V3,AIRR Data Commons API,1.2.0,AIRR Community,https://www.antibodysociety.org/the-airr-community/,join@airr-community.org,Major Version 1 of the Adaptive Immune Receptor Repertoire (AIRR) data repository web service application programming interface (API).,AIRR Schema,Schema definitions for AIRR standards objects,1.4.0,AIRR Community,https://github.com/airr-community
3,,,,,,,/home/ubuntu/ireceptor-monitor/performance_scripts/queries/repertoires/pass-field-age-range.json,0.3506157398223877,2023-02-01 02:30:18.706960,2023-01-31 18:30:18.706960-08:00,airr-seq,VDJBase (Israel),,,,pass-field-age-range.json,,,,iReceptor Service,AIRR Data Commons API for iReceptor,3.0,,iReceptor,http://ireceptor.org,support@ireceptor.org,GNU LGPL V3,AIRR Data Commons API,1.2.0,AIRR Community,https://www.antibodysociety.org/the-airr-community/,join@airr-community.org,Major Version 1 of the Adaptive Immune Receptor Repertoire (AIRR) data repository web service application programming interface (API).,AIRR Schema,Schema definitions for AIRR standards objects,1.4.0,AIRR Community,https://github.com/airr-community
4,,,,,,,/home/ubuntu/ireceptor-monitor/performance_scripts/queries/repertoires/pass-query2_repertoire.json,0.3819701671600342,2023-02-01 02:30:19.097765,2023-01-31 18:30:19.097765-08:00,airr-seq,VDJBase (Israel),,,,pass-query2_repertoire.json,,,,iReceptor Service,AIRR Data Commons API for iReceptor,3.0,,iReceptor,http://ireceptor.org,support@ireceptor.org,GNU LGPL V3,AIRR Data Commons API,1.2.0,AIRR Community,https://www.antibodysociety.org/the-airr-community/,join@airr-community.org,Major Version 1 of the Adaptive Immune Receptor Repertoire (AIRR) data repository web service application programming interface (API).,AIRR Schema,Schema definitions for AIRR standards objects,1.4.0,AIRR Community,https://github.com/airr-community
0,,,,,,,/home/ubuntu/ireceptor-monitor/performance_scripts/queries/repertoires/pass-all.json,0.35440921783447266,2023-02-01 06:30:15.502201,2023-01-31 22:30:15.502201-08:00,airr-seq,VDJBase (Israel),,,,pass-all.json,,,,iReceptor Service,AIRR Data Commons API for iReceptor,3.0,,iReceptor,http://ireceptor.org,support@ireceptor.org,GNU LGPL V3,AIRR Data Commons API,1.2.0,AIRR Community,https://www.antibodysociety.org/the-airr-community/,join@airr-community.org,Major Version 1 of the Adaptive Immune Receptor Repertoire (AIRR) data repository web service application programming interface (API).,AIRR Schema,Schema definitions for AIRR standards objects,1.4.0,AIRR Community,https://github.com/airr-community
1,,,,,,,/home/ubuntu/ireceptor-monitor/performance_scripts/queries/repertoires/pass-field-organism-id.json,0.34954309463500977,2023-02-01 06:30:15.888568,2023-01-31 22:30:15.888568-08:00,airr-seq,VDJBase (Israel),,,,pass-field-organism-id.json,,,,iReceptor Service,AIRR Data Commons API for iReceptor,3.0,,iReceptor,http://ireceptor.org,support@ireceptor.org,GNU LGPL V3,AIRR Data Commons API,1.2.0,AIRR Community,https://www.antibodysociety.org/the-airr-community/,join@airr-community.org,Major Version 1 of the Adaptive Immune Receptor Repertoire (AIRR) data repository web service application programming interface (API).,AIRR Schema,Schema definitions for AIRR standards objects,1.4.0,AIRR Community,https://github.com/airr-community
2,,,,,,,/home/ubuntu/ireceptor-monitor/performance_scripts/queries/repertoires/pass-field-pcr_target_locus.json,0.3242528438568115,2023-02-01 06:30:16.225476,2023-01-31 22:30:16.225476-08:00,airr-seq,VDJBase (Israel),,,,pass-field-pcr_target_locus.json,,,,iReceptor Service,AIRR Data Commons API for iReceptor,3.0,,iReceptor,http://ireceptor.org,support@ireceptor.org,GNU LGPL V3,AIRR Data Commons API,1.2.0,AIRR Community,https://www.antibodysociety.org/the-airr-community/,join@airr-community.org,Major Version 1 of the Adaptive Immune Receptor Repertoire (AIRR) data repository web service application programming interface (API).,AIRR Schema,Schema definitions for AIRR standards objects,1.4.0,AIRR Community,https://github.com/airr-community
3,,,,,,,/home/ubuntu/ireceptor-monitor/performance_scripts/queries/repertoires/pass-field-age-range.json,0.34387731552124023,2023-02-01 06:30:16.590524,2023-01-31 22:30:16.590524-08:00,airr-seq,VDJBase (Israel),,,,pass-field-age-range.json,,,,iReceptor Service,AIRR Data Commons API for iReceptor,3.0,,iReceptor,http://ireceptor.org,support@ireceptor.org,GNU LGPL V3,AIRR Data Commons API,1.2.0,AIRR Community,https://www.antibodysociety.org/the-airr-community/,join@airr-community.org,Major Version 1 of the Adaptive Immune Receptor Repertoire (AIRR) data repository web service application programming interface (API).,AIRR Schema,Schema definitions for AIRR standards objects,1.4.0,AIRR Community,https://github.com/airr-community
4,,,,,,,/home/ubuntu/ireceptor-monitor/performance_scripts/queries/repertoires/pass-query2_repertoire.json,0.31676292419433594,2023-02-01 06:30:16.915597,2023-01-31 22:30:16.915597-08:00,airr-seq,VDJBase (Israel),,,,pass-query2_repertoire.json,,,,iReceptor Service,AIRR Data Commons API for iReceptor,3.0,,iReceptor,http://ireceptor.org,support@ireceptor.org,GNU LGPL V3,AIRR Data Commons API,1.2.0,AIRR Community,https://www.antibodysociety.org/the-airr-community/,join@airr-community.org,Major Version 1 of the Adaptive Immune Receptor Repertoire (AIRR) data repository web service application programming interface (API).,AIRR Schema,Schema definitions for AIRR standards objects,1.4.0,AIRR Community,https://github.com/airr-community
0,,,,,,,/home/ubuntu/ireceptor-monitor/performance_scripts/queries/repertoires/pass-all.json,0.35915446281433105,2023-02-01 10:30:16.353809,2023-02-01 02:30:16.353809-08:00,airr-seq,VDJBase (Israel),,,,pass-all.json,,,,iReceptor Service,AIRR Data Commons API for iReceptor,3.0,,iReceptor,http://ireceptor.org,support@ireceptor.org,GNU LGPL V3,AIRR Data Commons API,1.2.0,AIRR Community,https://www.antibodysociety.org/the-airr-community/,join@airr-community.org,Major Version 1 of the Adaptive Immune Receptor Repertoire (AIRR) data repository web service application programming interface (API).,AIRR Schema,Schema definitions for AIRR standards objects,1.4.0,AIRR Community,https://github.com/airr-community
1,,,,,,,/home/ubuntu/ireceptor-monitor/performance_scripts/queries/repertoires/pass-field-organism-id.json,0.3551640510559082,2023-02-01 10:30:16.747781,2023-02-01 02:30:16.747781-08:00,airr-seq,VDJBase (Israel),,,,pass-field-organism-id.json,,,,iReceptor Service,AIRR Data Commons API for iReceptor,3.0,,iReceptor,http://ireceptor.org,support@ireceptor.org,GNU LGPL V3,AIRR Data Commons API,1.2.0,AIRR Community,https://www.antibodysociety.org/the-airr-community/,join@airr-community.org,Major Version 1 of the Adaptive Immune Receptor Repertoire (AIRR) data repository web service application programming interface (API).,AIRR Schema,Schema definitions for AIRR standards objects,1.4.0,AIRR Community,https://github.com/airr-community
2,,,,,,,/home/ubuntu/ireceptor-monitor/performance_scripts/queries/repertoires/pass-field-pcr_target_locus.json,0.3343963623046875,2023-02-01 10:30:17.101358,2023-02-01 02:30:17.101358-08:00,airr-seq,VDJBase (Israel),,,,pass-field-pcr_target_locus.json,,,,iReceptor Service,AIRR Data Commons API for iReceptor,3.0,,iReceptor,http://ireceptor.org,support@ireceptor.org,GNU LGPL V3,AIRR Data Commons API,1.2.0,AIRR Community,https://www.antibodysociety.org/the-airr-community/,join@airr-community.org,Major Version 1 of the Adaptive Immune Receptor Repertoire (AIRR) data repository web service application programming interface (API).,AIRR Schema,Schema definitions for AIRR standards objects,1.4.0,AIRR Community,https://github.com/airr-community
3,,,,,,,/home/ubuntu/ireceptor-monitor/performance_scripts/queries/repertoires/pass-field-age-range.json,0.3466975688934326,2023-02-01 10:30:17.470354,2023-02-01 02:30:17.470354-08:00,airr-seq,VDJBase (Israel),,,,pass-field-age-range.json,,,,iReceptor Service,AIRR Data Commons API for iReceptor,3.0,,iReceptor,http://ireceptor.org,support@ireceptor.org,GNU LGPL V3,AIRR Data Commons API,1.2.0,AIRR Community,https://www.antibodysociety.org/the-airr-community/,join@airr-community.org,Major Version 1 of the Adaptive Immune Receptor Repertoire (AIRR) data repository web service application programming interface (API).,AIRR Schema,Schema definitions for AIRR standards objects,1.4.0,AIRR Community,https://github.com/airr-community
4,,,,,,,/home/ubuntu/ireceptor-monitor/performance_scripts/queries/repertoires/pass-query2_repertoire.json,0.315704345703125,2023-02-01 10:30:17.794555,2023-02-01 02:30:17.794555-08:00,airr-seq,VDJBase (Israel),,,,pass-query2_repertoire.json,,,,iReceptor Service,AIRR Data Commons API for iReceptor,3.0,,iReceptor,http://ireceptor.org,support@ireceptor.org,GNU LGPL V3,AIRR Data Commons API,1.2.0,AIRR Community,https://www.antibodysociety.org/the-airr-community/,join@airr-community.org,Major Version 1 of the Adaptive Immune Receptor Repertoire (AIRR) data repository web service application programming interface (API).,AIRR Schema,Schema definitions for AIRR standards objects,1.4.0,AIRR Community,https://github.com/airr-community
0,,,,,,,/home/ubuntu/ireceptor-monitor/performance_scripts/queries/repertoires/pass-all.json,0.3481333255767822,2023-02-01 14:30:16.006743,2023-02-01 06:30:16.006743-08:00,airr-seq,VDJBase (Israel),,,,pass-all.json,,,,iReceptor Service,AIRR Data Commons API for iReceptor,3.0,,iReceptor,http://ireceptor.org,support@ireceptor.org,GNU LGPL V3,AIRR Data Commons API,1.2.0,AIRR Community,https://www.antibodysociety.org/the-airr-community/,join@airr-community.org,Major Version 1 of the Adaptive Immune Receptor Repertoire (AIRR) data repository web service application programming interface (API).,AIRR Schema,Schema definitions for AIRR standards objects,1.4.0,AIRR Community,https://github.com/airr-community
1,,,,,,,/home/ubuntu/ireceptor-monitor/performance_scripts/queries/repertoires/pass-field-organism-id.json,0.3448357582092285,2023-02-01 14:30:16.388467,2023-02-01 06:30:16.388467-08:00,airr-seq,VDJBase (Israel),,,,pass-field-organism-id.json,,,,iReceptor Service,AIRR Data Commons API for iReceptor,3.0,,iReceptor,http://ireceptor.org,support@ireceptor.org,GNU LGPL V3,AIRR Data Commons API,1.2.0,AIRR Community,https://www.antibodysociety.org/the-airr-community/,join@airr-community.org,Major Version 1 of the Adaptive Immune Receptor Repertoire (AIRR) data repository web service application programming interface (API).,AIRR Schema,Schema definitions for AIRR standards objects,1.4.0,AIRR Community,https://github.com/airr-community
2,,,,,,,/home/ubuntu/ireceptor-monitor/performance_scripts/queries/repertoires/pass-field-pcr_target_locus.json,0.3272948265075684,2023-02-01 14:30:16.728094,2023-02-01 06:30:16.728094-08:00,airr-seq,VDJBase (Israel),,,,pass-field-pcr_target_locus.json,,,,iReceptor Service,AIRR Data Commons API for iReceptor,3.0,,iReceptor,http://ireceptor.org,support@ireceptor.org,GNU LGPL V3,AIRR Data Commons API,1.2.0,AIRR Community,https://www.antibodysociety.org/the-airr-community/,join@airr-community.org,Major Version 1 of the Adaptive Immune Receptor Repertoire (AIRR) data repository web service application programming interface (API).,AIRR Schema,Schema definitions for AIRR standards objects,1.4.0,AIRR Community,https://github.com/airr-community
3,,,,,,,/home/ubuntu/ireceptor-monitor/performance_scripts/queries/repertoires/pass-field-age-range.json,0.3441090583801269,2023-02-01 14:30:17.094002,2023-02-01 06:30:17.094002-08:00,airr-seq,VDJBase (Israel),,,,pass-field-age-range.json,,,,iReceptor Service,AIRR Data Commons API for iReceptor,3.0,,iReceptor,http://ireceptor.org,support@ireceptor.org,GNU LGPL V3,AIRR Data Commons API,1.2.0,AIRR Community,https://www.antibodysociety.org/the-airr-community/,join@airr-community.org,Major Version 1 of the Adaptive Immune Receptor Repertoire (AIRR) data repository web service application programming interface (API).,AIRR Schema,Schema definitions for AIRR standards objects,1.4.0,AIRR Community,https://github.com/airr-community
4,,,,,,,/home/ubuntu/ireceptor-monitor/performance_scripts/queries/repertoires/pass-query2_repertoire.json,0.3139786720275879,2023-02-01 14:30:17.416490,2023-02-01 06:30:17.416490-08:00,airr-seq,VDJBase (Israel),,,,pass-query2_repertoire.json,,,,iReceptor Service,AIRR Data Commons API for iReceptor,3.0,,iReceptor,http://ireceptor.org,support@ireceptor.org,GNU LGPL V3,AIRR Data Commons API,1.2.0,AIRR Community,https://www.antibodysociety.org/the-airr-community/,join@airr-community.org,Major Version 1 of the Adaptive Immune Receptor Repertoire (AIRR) data repository web service application programming interface (API).,AIRR Schema,Schema definitions for AIRR standards objects,1.4.0,AIRR Community,https://github.com/airr-community
0,,,,,,,/home/ubuntu/ireceptor-monitor/performance_scripts/queries/repertoires/pass-all.json,0.3537108898162842,2023-02-01 18:30:14.918880,2023-02-01 10:30:14.918880-08:00,airr-seq,VDJBase (Israel),,,,pass-all.json,,,,iReceptor Service,AIRR Data Commons API for iReceptor,3.0,,iReceptor,http://ireceptor.org,support@ireceptor.org,GNU LGPL V3,AIRR Data Commons API,1.2.0,AIRR Community,https://www.antibodysociety.org/the-airr-community/,join@airr-community.org,Major Version 1 of the Adaptive Immune Receptor Repertoire (AIRR) data repository web service application programming interface (API).,AIRR Schema,Schema definitions for AIRR standards objects,1.4.0,AIRR Community,https://github.com/airr-community
1,,,,,,,/home/ubuntu/ireceptor-monitor/performance_scripts/queries/repertoires/pass-field-organism-id.json,0.3531680107116699,2023-02-01 18:30:15.308701,2023-02-01 10:30:15.308701-08:00,airr-seq,VDJBase (Israel),,,,pass-field-organism-id.json,,,,iReceptor Service,AIRR Data Commons API for iReceptor,3.0,,iReceptor,http://ireceptor.org,support@ireceptor.org,GNU LGPL V3,AIRR Data Commons API,1.2.0,AIRR Community,https://www.antibodysociety.org/the-airr-community/,join@airr-community.org,Major Version 1 of the Adaptive Immune Receptor Repertoire (AIRR) data repository web service application programming interface (API).,AIRR Schema,Schema definitions for AIRR standards objects,1.4.0,AIRR Community,https://github.com/airr-community
2,,,,,,,/home/ubuntu/ireceptor-monitor/performance_scripts/queries/repertoires/pass-field-pcr_target_locus.json,0.32367658615112305,2023-02-01 18:30:15.644710,2023-02-01 10:30:15.644710-08:00,airr-seq,VDJBase (Israel),,,,pass-field-pcr_target_locus.json,,,,iReceptor Service,AIRR Data Commons API for iReceptor,3.0,,iReceptor,http://ireceptor.org,support@ireceptor.org,GNU LGPL V3,AIRR Data Commons API,1.2.0,AIRR Community,https://www.antibodysociety.org/the-airr-community/,join@airr-community.org,Major Version 1 of the Adaptive Immune Receptor Repertoire (AIRR) data repository web service application programming interface (API).,AIRR Schema,Schema definitions for AIRR standards objects,1.4.0,AIRR Community,https://github.com/airr-community
3,,,,,,,/home/ubuntu/ireceptor-monitor/performance_scripts/queries/repertoires/pass-field-age-range.json,0.3436436653137207,2023-02-01 18:30:16.009438,2023-02-01 10:30:16.009438-08:00,airr-seq,VDJBase (Israel),,,,pass-field-age-range.json,,,,iReceptor Service,AIRR Data Commons API for iReceptor,3.0,,iReceptor,http://ireceptor.org,support@ireceptor.org,GNU LGPL V3,AIRR Data Commons API,1.2.0,AIRR Community,https://www.antibodysociety.org/the-airr-community/,join@airr-community.org,Major Version 1 of the Adaptive Immune Receptor Repertoire (AIRR) data repository web service application programming interface (API).,AIRR Schema,Schema definitions for AIRR standards objects,1.4.0,AIRR Community,https://github.com/airr-community
4,,,,,,,/home/ubuntu/ireceptor-monitor/performance_scripts/queries/repertoires/pass-query2_repertoire.json,0.3158261775970459,2023-02-01 18:30:16.333154,2023-02-01 10:30:16.333154-08:00,airr-seq,VDJBase (Israel),,,,pass-query2_repertoire.json,,,,iReceptor Service,AIRR Data Commons API for iReceptor,3.0,,iReceptor,http://ireceptor.org,support@ireceptor.org,GNU LGPL V3,AIRR Data Commons API,1.2.0,AIRR Community,https://www.antibodysociety.org/the-airr-community/,join@airr-community.org,Major Version 1 of the Adaptive Immune Receptor Repertoire (AIRR) data repository web service application programming interface (API).,AIRR Schema,Schema definitions for AIRR standards objects,1.4.0,AIRR Community,https://github.com/airr-community
0,,,,,,,/home/ubuntu/ireceptor-monitor/performance_scripts/queries/repertoires/pass-all.json,0.35793089866638184,2023-02-01 22:30:15.894825,2023-02-01 14:30:15.894825-08:00,airr-seq,VDJBase (Israel),,,,pass-all.json,,,,iReceptor Service,AIRR Data Commons API for iReceptor,3.0,,iReceptor,http://ireceptor.org,support@ireceptor.org,GNU LGPL V3,AIRR Data Commons API,1.2.0,AIRR Community,https://www.antibodysociety.org/the-airr-community/,join@airr-community.org,Major Version 1 of the Adaptive Immune Receptor Repertoire (AIRR) data repository web service application programming interface (API).,AIRR Schema,Schema definitions for AIRR standards objects,1.4.0,AIRR Community,https://github.com/airr-community
1,,,,,,,/home/ubuntu/ireceptor-monitor/performance_scripts/queries/repertoires/pass-field-organism-id.json,0.34783244132995605,2023-02-01 22:30:16.279586,2023-02-01 14:30:16.279586-08:00,airr-seq,VDJBase (Israel),,,,pass-field-organism-id.json,,,,iReceptor Service,AIRR Data Commons API for iReceptor,3.0,,iReceptor,http://ireceptor.org,support@ireceptor.org,GNU LGPL V3,AIRR Data Commons API,1.2.0,AIRR Community,https://www.antibodysociety.org/the-airr-community/,join@airr-community.org,Major Version 1 of the Adaptive Immune Receptor Repertoire (AIRR) data repository web service application programming interface (API).,AIRR Schema,Schema definitions for AIRR standards objects,1.4.0,AIRR Community,https://github.com/airr-community
2,,,,,,,/home/ubuntu/ireceptor-monitor/performance_scripts/queries/repertoires/pass-field-pcr_target_locus.json,0.32457613945007324,2023-02-01 22:30:16.616331,2023-02-01 14:30:16.616331-08:00,airr-seq,VDJBase (Israel),,,,pass-field-pcr_target_locus.json,,,,iReceptor Service,AIRR Data Commons API for iReceptor,3.0,,iReceptor,http://ireceptor.org,support@ireceptor.org,GNU LGPL V3,AIRR Data Commons API,1.2.0,AIRR Community,https://www.antibodysociety.org/the-airr-community/,join@airr-community.org,Major Version 1 of the Adaptive Immune Receptor Repertoire (AIRR) data repository web service application programming interface (API).,AIRR Schema,Schema definitions for AIRR standards objects,1.4.0,AIRR Community,https://github.com/airr-community
3,,,,,,,/home/ubuntu/ireceptor-monitor/performance_scripts/queries/repertoires/pass-field-age-range.json,0.3467245101928711,2023-02-01 22:30:16.985981,2023-02-01 14:30:16.985981-08:00,airr-seq,VDJBase (Israel),,,,pass-field-age-range.json,,,,iReceptor Service,AIRR Data Commons API for iReceptor,3.0,,iReceptor,http://ireceptor.org,support@ireceptor.org,GNU LGPL V3,AIRR Data Commons API,1.2.0,AIRR Community,https://www.antibodysociety.org/the-airr-community/,join@airr-community.org,Major Version 1 of the Adaptive Immune Receptor Repertoire (AIRR) data repository web service application programming interface (API).,AIRR Schema,Schema definitions for AIRR standards objects,1.4.0,AIRR Community,https://github.com/airr-community
4,,,,,,,/home/ubuntu/ireceptor-monitor/performance_scripts/queries/repertoires/pass-query2_repertoire.json,0.31659698486328125,2023-02-01 22:30:17.312903,2023-02-01 14:30:17.312903-08:00,airr-seq,VDJBase (Israel),,,,pass-query2_repertoire.json,,,,iReceptor Service,AIRR Data Commons API for iReceptor,3.0,,iReceptor,http://ireceptor.org,support@ireceptor.org,GNU LGPL V3,AIRR Data Commons API,1.2.0,AIRR Community,https://www.antibodysociety.org/the-airr-community/,join@airr-community.org,Major Version 1 of the Adaptive Immune Receptor Repertoire (AIRR) data repository web service application programming interface (API).,AIRR Schema,Schema definitions for AIRR standards objects,1.4.0,AIRR Community,https://github.com/airr-community
0,,,,,,,/home/ubuntu/ireceptor-monitor/performance_scripts/queries/repertoires/pass-all.json,0.3559610843658447,2023-02-02 02:30:15.471226,2023-02-01 18:30:15.471226-08:00,airr-seq,VDJBase (Israel),,,,pass-all.json,,,,iReceptor Service,AIRR Data Commons API for iReceptor,3.0,,iReceptor,http://ireceptor.org,support@ireceptor.org,GNU LGPL V3,AIRR Data Commons API,1.2.0,AIRR Community,https://www.antibodysociety.org/the-airr-community/,join@airr-community.org,Major Version 1 of the Adaptive Immune Receptor Repertoire (AIRR) data repository web service application programming interface (API).,AIRR Schema,Schema definitions for AIRR standards objects,1.4.0,AIRR Community,https://github.com/airr-community
1,,,,,,,/home/ubuntu/ireceptor-monitor/performance_scripts/queries/repertoires/pass-field-organism-id.json,0.3557617664337158,2023-02-02 02:30:15.865044,2023-02-01 18:30:15.865044-08:00,airr-seq,VDJBase (Israel),,,,pass-field-organism-id.json,,,,iReceptor Service,AIRR Data Commons API for iReceptor,3.0,,iReceptor,http://ireceptor.org,support@ireceptor.org,GNU LGPL V3,AIRR Data Commons API,1.2.0,AIRR Community,https://www.antibodysociety.org/the-airr-community/,join@airr-community.org,Major Version 1 of the Adaptive Immune Receptor Repertoire (AIRR) data repository web service application programming interface (API).,AIRR Schema,Schema definitions for AIRR standards objects,1.4.0,AIRR Community,https://github.com/airr-community
2,,,,,,,/home/ubuntu/ireceptor-monitor/performance_scripts/queries/repertoires/pass-field-pcr_target_locus.json,0.4206728935241699,2023-02-02 02:30:16.297949,2023-02-01 18:30:16.297949-08:00,airr-seq,VDJBase (Israel),,,,pass-field-pcr_target_locus.json,,,,iReceptor Service,AIRR Data Commons API for iReceptor,3.0,,iReceptor,http://ireceptor.org,support@ireceptor.org,GNU LGPL V3,AIRR Data Commons API,1.2.0,AIRR Community,https://www.antibodysociety.org/the-airr-community/,join@airr-community.org,Major Version 1 of the Adaptive Immune Receptor Repertoire (AIRR) data repository web service application programming interface (API).,AIRR Schema,Schema definitions for AIRR standards objects,1.4.0,AIRR Community,https://github.com/airr-community
3,,,,,,,/home/ubuntu/ireceptor-monitor/performance_scripts/queries/repertoires/pass-field-age-range.json,0.3528642654418945,2023-02-02 02:30:16.671322,2023-02-01 18:30:16.671322-08:00,airr-seq,VDJBase (Israel),,,,pass-field-age-range.json,,,,iReceptor Service,AIRR Data Commons API for iReceptor,3.0,,iReceptor,http://ireceptor.org,support@ireceptor.org,GNU LGPL V3,AIRR Data Commons API,1.2.0,AIRR Community,https://www.antibodysociety.org/the-airr-community/,join@airr-community.org,Major Version 1 of the Adaptive Immune Receptor Repertoire (AIRR) data repository web service application programming interface (API).,AIRR Schema,Schema definitions for AIRR standards objects,1.4.0,AIRR Community,https://github.com/airr-community
4,,,,,,,/home/ubuntu/ireceptor-monitor/performance_scripts/queries/repertoires/pass-query2_repertoire.json,0.318936824798584,2023-02-02 02:30:16.998131,2023-02-01 18:30:16.998131-08:00,airr-seq,VDJBase (Israel),,,,pass-query2_repertoire.json,,,,iReceptor Service,AIRR Data Commons API for iReceptor,3.0,,iReceptor,http://ireceptor.org,support@ireceptor.org,GNU LGPL V3,AIRR Data Commons API,1.2.0,AIRR Community,https://www.antibodysociety.org/the-airr-community/,join@airr-community.org,Major Version 1 of the Adaptive Immune Receptor Repertoire (AIRR) data repository web service application programming interface (API).,AIRR Schema,Schema definitions for AIRR standards objects,1.4.0,AIRR Community,https://github.com/airr-community
0,,,,,,,/home/ubuntu/ireceptor-monitor/performance_scripts/queries/repertoires/pass-all.json,0.3541390895843506,2023-02-02 06:30:15.563434,2023-02-01 22:30:15.563434-08:00,airr-seq,VDJBase (Israel),,,,pass-all.json,,,,iReceptor Service,AIRR Data Commons API for iReceptor,3.0,,iReceptor,http://ireceptor.org,support@ireceptor.org,GNU LGPL V3,AIRR Data Commons API,1.2.0,AIRR Community,https://www.antibodysociety.org/the-airr-community/,join@airr-community.org,Major Version 1 of the Adaptive Immune Receptor Repertoire (AIRR) data repository web service application programming interface (API).,AIRR Schema,Schema definitions for AIRR standards objects,1.4.0,AIRR Community,https://github.com/airr-community
1,,,,,,,/home/ubuntu/ireceptor-monitor/performance_scripts/queries/repertoires/pass-field-organism-id.json,0.35163378715515137,2023-02-02 06:30:15.954467,2023-02-01 22:30:15.954467-08:00,airr-seq,VDJBase (Israel),,,,pass-field-organism-id.json,,,,iReceptor Service,AIRR Data Commons API for iReceptor,3.0,,iReceptor,http://ireceptor.org,support@ireceptor.org,GNU LGPL V3,AIRR Data Commons API,1.2.0,AIRR Community,https://www.antibodysociety.org/the-airr-community/,join@airr-community.org,Major Version 1 of the Adaptive Immune Receptor Repertoire (AIRR) data repository web service application programming interface (API).,AIRR Schema,Schema definitions for AIRR standards objects,1.4.0,AIRR Community,https://github.com/airr-community
2,,,,,,,/home/ubuntu/ireceptor-monitor/performance_scripts/queries/repertoires/pass-field-pcr_target_locus.json,0.33151721954345703,2023-02-02 06:30:16.298677,2023-02-01 22:30:16.298677-08:00,airr-seq,VDJBase (Israel),,,,pass-field-pcr_target_locus.json,,,,iReceptor Service,AIRR Data Commons API for iReceptor,3.0,,iReceptor,http://ireceptor.org,support@ireceptor.org,GNU LGPL V3,AIRR Data Commons API,1.2.0,AIRR Community,https://www.antibodysociety.org/the-airr-community/,join@airr-community.org,Major Version 1 of the Adaptive Immune Receptor Repertoire (AIRR) data repository web service application programming interface (API).,AIRR Schema,Schema definitions for AIRR standards objects,1.4.0,AIRR Community,https://github.com/airr-community
3,,,,,,,/home/ubuntu/ireceptor-monitor/performance_scripts/queries/repertoires/pass-field-age-range.json,0.346735954284668,2023-02-02 06:30:16.667004,2023-02-01 22:30:16.667004-08:00,airr-seq,VDJBase (Israel),,,,pass-field-age-range.json,,,,iReceptor Service,AIRR Data Commons API for iReceptor,3.0,,iReceptor,http://ireceptor.org,support@ireceptor.org,GNU LGPL V3,AIRR Data Commons API,1.2.0,AIRR Community,https://www.antibodysociety.org/the-airr-community/,join@airr-community.org,Major Version 1 of the Adaptive Immune Receptor Repertoire (AIRR) data repository web service application programming interface (API).,AIRR Schema,Schema definitions for AIRR standards objects,1.4.0,AIRR Community,https://github.com/airr-community
4,,,,,,,/home/ubuntu/ireceptor-monitor/performance_scripts/queries/repertoires/pass-query2_repertoire.json,0.3205218315124512,2023-02-02 06:30:16.996442,2023-02-01 22:30:16.996442-08:00,airr-seq,VDJBase (Israel),,,,pass-query2_repertoire.json,,,,iReceptor Service,AIRR Data Commons API for iReceptor,3.0,,iReceptor,http://ireceptor.org,support@ireceptor.org,GNU LGPL V3,AIRR Data Commons API,1.2.0,AIRR Community,https://www.antibodysociety.org/the-airr-community/,join@airr-community.org,Major Version 1 of the Adaptive Immune Receptor Repertoire (AIRR) data repository web service application programming interface (API).,AIRR Schema,Schema definitions for AIRR standards objects,1.4.0,AIRR Community,https://github.com/airr-community
0,,,,,,,/home/ubuntu/ireceptor-monitor/performance_scripts/queries/repertoires/pass-all.json,0.3593132495880127,2023-02-02 10:30:16.060251,2023-02-02 02:30:16.060251-08:00,airr-seq,VDJBase (Israel),,,,pass-all.json,,,,iReceptor Service,AIRR Data Commons API for iReceptor,3.0,,iReceptor,http://ireceptor.org,support@ireceptor.org,GNU LGPL V3,AIRR Data Commons API,1.2.0,AIRR Community,https://www.antibodysociety.org/the-airr-community/,join@airr-community.org,Major Version 1 of the Adaptive Immune Receptor Repertoire (AIRR) data repository web service application programming interface (API).,AIRR Schema,Schema definitions for AIRR standards objects,1.4.0,AIRR Community,https://github.com/airr-community
1,,,,,,,/home/ubuntu/ireceptor-monitor/performance_scripts/queries/repertoires/pass-field-organism-id.json,0.3551459312438965,2023-02-02 10:30:16.454681,2023-02-02 02:30:16.454681-08:00,airr-seq,VDJBase (Israel),,,,pass-field-organism-id.json,,,,iReceptor Service,AIRR Data Commons API for iReceptor,3.0,,iReceptor,http://ireceptor.org,support@ireceptor.org,GNU LGPL V3,AIRR Data Commons API,1.2.0,AIRR Community,https://www.antibodysociety.org/the-airr-community/,join@airr-community.org,Major Version 1 of the Adaptive Immune Receptor Repertoire (AIRR) data repository web service application programming interface (API).,AIRR Schema,Schema definitions for AIRR standards objects,1.4.0,AIRR Community,https://github.com/airr-community
2,,,,,,,/home/ubuntu/ireceptor-monitor/performance_scripts/queries/repertoires/pass-field-pcr_target_locus.json,0.3309764862060547,2023-02-02 10:30:16.797990,2023-02-02 02:30:16.797990-08:00,airr-seq,VDJBase (Israel),,,,pass-field-pcr_target_locus.json,,,,iReceptor Service,AIRR Data Commons API for iReceptor,3.0,,iReceptor,http://ireceptor.org,support@ireceptor.org,GNU LGPL V3,AIRR Data Commons API,1.2.0,AIRR Community,https://www.antibodysociety.org/the-airr-community/,join@airr-community.org,Major Version 1 of the Adaptive Immune Receptor Repertoire (AIRR) data repository web service application programming interface (API).,AIRR Schema,Schema definitions for AIRR standards objects,1.4.0,AIRR Community,https://github.com/airr-community
3,,,,,,,/home/ubuntu/ireceptor-monitor/performance_scripts/queries/repertoires/pass-field-age-range.json,0.35762858390808105,2023-02-02 10:30:17.176214,2023-02-02 02:30:17.176214-08:00,airr-seq,VDJBase (Israel),,,,pass-field-age-range.json,,,,iReceptor Service,AIRR Data Commons API for iReceptor,3.0,,iReceptor,http://ireceptor.org,support@ireceptor.org,GNU LGPL V3,AIRR Data Commons API,1.2.0,AIRR Community,https://www.antibodysociety.org/the-airr-community/,join@airr-community.org,Major Version 1 of the Adaptive Immune Receptor Repertoire (AIRR) data repository web service application programming interface (API).,AIRR Schema,Schema definitions for AIRR standards objects,1.4.0,AIRR Community,https://github.com/airr-community
4,,,,,,,/home/ubuntu/ireceptor-monitor/performance_scripts/queries/repertoires/pass-query2_repertoire.json,0.3177330493927002,2023-02-02 10:30:17.501776,2023-02-02 02:30:17.501776-08:00,airr-seq,VDJBase (Israel),,,,pass-query2_repertoire.json,,,,iReceptor Service,AIRR Data Commons API for iReceptor,3.0,,iReceptor,http://ireceptor.org,support@ireceptor.org,GNU LGPL V3,AIRR Data Commons API,1.2.0,AIRR Community,https://www.antibodysociety.org/the-airr-community/,join@airr-community.org,Major Version 1 of the Adaptive Immune Receptor Repertoire (AIRR) data repository web service application programming interface (API).,AIRR Schema,Schema definitions for AIRR standards objects,1.4.0,AIRR Community,https://github.com/airr-community
0,,,,,,,/home/ubuntu/ireceptor-monitor/performance_scripts/queries/repertoires/pass-all.json,0.35358357429504395,2023-02-02 14:30:15.738378,2023-02-02 06:30:15.738378-08:00,airr-seq,VDJBase (Israel),,,,pass-all.json,,,,iReceptor Service,AIRR Data Commons API for iReceptor,3.0,,iReceptor,http://ireceptor.org,support@ireceptor.org,GNU LGPL V3,AIRR Data Commons API,1.2.0,AIRR Community,https://www.antibodysociety.org/the-airr-community/,join@airr-community.org,Major Version 1 of the Adaptive Immune Receptor Repertoire (AIRR) data repository web service application programming interface (API).,AIRR Schema,Schema definitions for AIRR standards objects,1.4.0,AIRR Community,https://github.com/airr-community
1,,,,,,,/home/ubuntu/ireceptor-monitor/performance_scripts/queries/repertoires/pass-field-organism-id.json,0.34949493408203125,2023-02-02 14:30:16.125282,2023-02-02 06:30:16.125282-08:00,airr-seq,VDJBase (Israel),,,,pass-field-organism-id.json,,,,iReceptor Service,AIRR Data Commons API for iReceptor,3.0,,iReceptor,http://ireceptor.org,support@ireceptor.org,GNU LGPL V3,AIRR Data Commons API,1.2.0,AIRR Community,https://www.antibodysociety.org/the-airr-community/,join@airr-community.org,Major Version 1 of the Adaptive Immune Receptor Repertoire (AIRR) data repository web service application programming interface (API).,AIRR Schema,Schema definitions for AIRR standards objects,1.4.0,AIRR Community,https://github.com/airr-community
2,,,,,,,/home/ubuntu/ireceptor-monitor/performance_scripts/queries/repertoires/pass-field-pcr_target_locus.json,0.3312034606933594,2023-02-02 14:30:16.469664,2023-02-02 06:30:16.469664-08:00,airr-seq,VDJBase (Israel),,,,pass-field-pcr_target_locus.json,,,,iReceptor Service,AIRR Data Commons API for iReceptor,3.0,,iReceptor,http://ireceptor.org,support@ireceptor.org,GNU LGPL V3,AIRR Data Commons API,1.2.0,AIRR Community,https://www.antibodysociety.org/the-airr-community/,join@airr-community.org,Major Version 1 of the Adaptive Immune Receptor Repertoire (AIRR) data repository web service application programming interface (API).,AIRR Schema,Schema definitions for AIRR standards objects,1.4.0,AIRR Community,https://github.com/airr-community
3,,,,,,,/home/ubuntu/ireceptor-monitor/performance_scripts/queries/repertoires/pass-field-age-range.json,0.3476366996765137,2023-02-02 14:30:16.838687,2023-02-02 06:30:16.838687-08:00,airr-seq,VDJBase (Israel),,,,pass-field-age-range.json,,,,iReceptor Service,AIRR Data Commons API for iReceptor,3.0,,iReceptor,http://ireceptor.org,support@ireceptor.org,GNU LGPL V3,AIRR Data Commons API,1.2.0,AIRR Community,https://www.antibodysociety.org/the-airr-community/,join@airr-community.org,Major Version 1 of the Adaptive Immune Receptor Repertoire (AIRR) data repository web service application programming interface (API).,AIRR Schema,Schema definitions for AIRR standards objects,1.4.0,AIRR Community,https://github.com/airr-community
4,,,,,,,/home/ubuntu/ireceptor-monitor/performance_scripts/queries/repertoires/pass-query2_repertoire.json,0.3242437839508057,2023-02-02 14:30:17.171726,2023-02-02 06:30:17.171726-08:00,airr-seq,VDJBase (Israel),,,,pass-query2_repertoire.json,,,,iReceptor Service,AIRR Data Commons API for iReceptor,3.0,,iReceptor,http://ireceptor.org,support@ireceptor.org,GNU LGPL V3,AIRR Data Commons API,1.2.0,AIRR Community,https://www.antibodysociety.org/the-airr-community/,join@airr-community.org,Major Version 1 of the Adaptive Immune Receptor Repertoire (AIRR) data repository web service application programming interface (API).,AIRR Schema,Schema definitions for AIRR standards objects,1.4.0,AIRR Community,https://github.com/airr-community
0,,,,,,,/home/ubuntu/ireceptor-monitor/performance_scripts/queries/repertoires/pass-all.json,0.3489370346069336,2023-02-02 18:30:16.483830,2023-02-02 10:30:16.483830-08:00,airr-seq,VDJBase (Israel),,,,pass-all.json,,,,iReceptor Service,AIRR Data Commons API for iReceptor,3.0,,iReceptor,http://ireceptor.org,support@ireceptor.org,GNU LGPL V3,AIRR Data Commons API,1.2.0,AIRR Community,https://www.antibodysociety.org/the-airr-community/,join@airr-community.org,Major Version 1 of the Adaptive Immune Receptor Repertoire (AIRR) data repository web service application programming interface (API).,AIRR Schema,Schema definitions for AIRR standards objects,1.4.0,AIRR Community,https://github.com/airr-community
1,,,,,,,/home/ubuntu/ireceptor-monitor/performance_scripts/queries/repertoires/pass-field-organism-id.json,0.3536643981933594,2023-02-02 18:30:16.874915,2023-02-02 10:30:16.874915-08:00,airr-seq,VDJBase (Israel),,,,pass-field-organism-id.json,,,,iReceptor Service,AIRR Data Commons API for iReceptor,3.0,,iReceptor,http://ireceptor.org,support@ireceptor.org,GNU LGPL V3,AIRR Data Commons API,1.2.0,AIRR Community,https://www.antibodysociety.org/the-airr-community/,join@airr-community.org,Major Version 1 of the Adaptive Immune Receptor Repertoire (AIRR) data repository web service application programming interface (API).,AIRR Schema,Schema definitions for AIRR standards objects,1.4.0,AIRR Community,https://github.com/airr-community
2,,,,,,,/home/ubuntu/ireceptor-monitor/performance_scripts/queries/repertoires/pass-field-pcr_target_locus.json,0.32867860794067383,2023-02-02 18:30:17.216064,2023-02-02 10:30:17.216064-08:00,airr-seq,VDJBase (Israel),,,,pass-field-pcr_target_locus.json,,,,iReceptor Service,AIRR Data Commons API for iReceptor,3.0,,iReceptor,http://ireceptor.org,support@ireceptor.org,GNU LGPL V3,AIRR Data Commons API,1.2.0,AIRR Community,https://www.antibodysociety.org/the-airr-community/,join@airr-community.org,Major Version 1 of the Adaptive Immune Receptor Repertoire (AIRR) data repository web service application programming interface (API).,AIRR Schema,Schema definitions for AIRR standards objects,1.4.0,AIRR Community,https://github.com/airr-community
3,,,,,,,/home/ubuntu/ireceptor-monitor/performance_scripts/queries/repertoires/pass-field-age-range.json,0.4915876388549805,2023-02-02 18:30:17.727891,2023-02-02 10:30:17.727891-08:00,airr-seq,VDJBase (Israel),,,,pass-field-age-range.json,,,,iReceptor Service,AIRR Data Commons API for iReceptor,3.0,,iReceptor,http://ireceptor.org,support@ireceptor.org,GNU LGPL V3,AIRR Data Commons API,1.2.0,AIRR Community,https://www.antibodysociety.org/the-airr-community/,join@airr-community.org,Major Version 1 of the Adaptive Immune Receptor Repertoire (AIRR) data repository web service application programming interface (API).,AIRR Schema,Schema definitions for AIRR standards objects,1.4.0,AIRR Community,https://github.com/airr-community
4,,,,,,,/home/ubuntu/ireceptor-monitor/performance_scripts/queries/repertoires/pass-query2_repertoire.json,0.3289744853973389,2023-02-02 18:30:18.065526,2023-02-02 10:30:18.065526-08:00,airr-seq,VDJBase (Israel),,,,pass-query2_repertoire.json,,,,iReceptor Service,AIRR Data Commons API for iReceptor,3.0,,iReceptor,http://ireceptor.org,support@ireceptor.org,GNU LGPL V3,AIRR Data Commons API,1.2.0,AIRR Community,https://www.antibodysociety.org/the-airr-community/,join@airr-community.org,Major Version 1 of the Adaptive Immune Receptor Repertoire (AIRR) data repository web service application programming interface (API).,AIRR Schema,Schema definitions for AIRR standards objects,1.4.0,AIRR Community,https://github.com/airr-community
0,,,,,,,/home/ubuntu/ireceptor-monitor/performance_scripts/queries/repertoires/pass-all.json,0.4609053134918213,2023-02-02 22:30:15.795135,2023-02-02 14:30:15.795135-08:00,airr-seq,VDJBase (Israel),,,,pass-all.json,,,,iReceptor Service,AIRR Data Commons API for iReceptor,3.0,,iReceptor,http://ireceptor.org,support@ireceptor.org,GNU LGPL V3,AIRR Data Commons API,1.2.0,AIRR Community,https://www.antibodysociety.org/the-airr-community/,join@airr-community.org,Major Version 1 of the Adaptive Immune Receptor Repertoire (AIRR) data repository web service application programming interface (API).,AIRR Schema,Schema definitions for AIRR standards objects,1.4.0,AIRR Community,https://github.com/airr-community
1,,,,,,,/home/ubuntu/ireceptor-monitor/performance_scripts/queries/repertoires/pass-field-organism-id.json,0.4605982303619385,2023-02-02 22:30:16.295785,2023-02-02 14:30:16.295785-08:00,airr-seq,VDJBase (Israel),,,,pass-field-organism-id.json,,,,iReceptor Service,AIRR Data Commons API for iReceptor,3.0,,iReceptor,http://ireceptor.org,support@ireceptor.org,GNU LGPL V3,AIRR Data Commons API,1.2.0,AIRR Community,https://www.antibodysociety.org/the-airr-community/,join@airr-community.org,Major Version 1 of the Adaptive Immune Receptor Repertoire (AIRR) data repository web service application programming interface (API).,AIRR Schema,Schema definitions for AIRR standards objects,1.4.0,AIRR Community,https://github.com/airr-community
2,,,,,,,/home/ubuntu/ireceptor-monitor/performance_scripts/queries/repertoires/pass-field-pcr_target_locus.json,0.3600351810455322,2023-02-02 22:30:16.668721,2023-02-02 14:30:16.668721-08:00,airr-seq,VDJBase (Israel),,,,pass-field-pcr_target_locus.json,,,,iReceptor Service,AIRR Data Commons API for iReceptor,3.0,,iReceptor,http://ireceptor.org,support@ireceptor.org,GNU LGPL V3,AIRR Data Commons API,1.2.0,AIRR Community,https://www.antibodysociety.org/the-airr-community/,join@airr-community.org,Major Version 1 of the Adaptive Immune Receptor Repertoire (AIRR) data repository web service application programming interface (API).,AIRR Schema,Schema definitions for AIRR standards objects,1.4.0,AIRR Community,https://github.com/airr-community
3,,,,,,,/home/ubuntu/ireceptor-monitor/performance_scripts/queries/repertoires/pass-field-age-range.json,0.3466775417327881,2023-02-02 22:30:17.036379,2023-02-02 14:30:17.036379-08:00,airr-seq,VDJBase (Israel),,,,pass-field-age-range.json,,,,iReceptor Service,AIRR Data Commons API for iReceptor,3.0,,iReceptor,http://ireceptor.org,support@ireceptor.org,GNU LGPL V3,AIRR Data Commons API,1.2.0,AIRR Community,https://www.antibodysociety.org/the-airr-community/,join@airr-community.org,Major Version 1 of the Adaptive Immune Receptor Repertoire (AIRR) data repository web service application programming interface (API).,AIRR Schema,Schema definitions for AIRR standards objects,1.4.0,AIRR Community,https://github.com/airr-community
4,,,,,,,/home/ubuntu/ireceptor-monitor/performance_scripts/queries/repertoires/pass-query2_repertoire.json,0.3138773441314697,2023-02-02 22:30:17.359085,2023-02-02 14:30:17.359085-08:00,airr-seq,VDJBase (Israel),,,,pass-query2_repertoire.json,,,,iReceptor Service,AIRR Data Commons API for iReceptor,3.0,,iReceptor,http://ireceptor.org,support@ireceptor.org,GNU LGPL V3,AIRR Data Commons API,1.2.0,AIRR Community,https://www.antibodysociety.org/the-airr-community/,join@airr-community.org,Major Version 1 of the Adaptive Immune Receptor Repertoire (AIRR) data repository web service application programming interface (API).,AIRR Schema,Schema definitions for AIRR standards objects,1.4.0,AIRR Community,https://github.com/airr-community
0,,,,,,,/home/ubuntu/ireceptor-monitor/performance_scripts/queries/repertoires/pass-all.json,0.3568556308746338,2023-02-03 02:30:14.987871,2023-02-02 18:30:14.987871-08:00,airr-seq,VDJBase (Israel),,,,pass-all.json,,,,iReceptor Service,AIRR Data Commons API for iReceptor,3.0,,iReceptor,http://ireceptor.org,support@ireceptor.org,GNU LGPL V3,AIRR Data Commons API,1.2.0,AIRR Community,https://www.antibodysociety.org/the-airr-community/,join@airr-community.org,Major Version 1 of the Adaptive Immune Receptor Repertoire (AIRR) data repository web service application programming interface (API).,AIRR Schema,Schema definitions for AIRR standards objects,1.4.0,AIRR Community,https://github.com/airr-community
1,,,,,,,/home/ubuntu/ireceptor-monitor/performance_scripts/queries/repertoires/pass-field-organism-id.json,0.35512280464172363,2023-02-03 02:30:15.378365,2023-02-02 18:30:15.378365-08:00,airr-seq,VDJBase (Israel),,,,pass-field-organism-id.json,,,,iReceptor Service,AIRR Data Commons API for iReceptor,3.0,,iReceptor,http://ireceptor.org,support@ireceptor.org,GNU LGPL V3,AIRR Data Commons API,1.2.0,AIRR Community,https://www.antibodysociety.org/the-airr-community/,join@airr-community.org,Major Version 1 of the Adaptive Immune Receptor Repertoire (AIRR) data repository web service application programming interface (API).,AIRR Schema,Schema definitions for AIRR standards objects,1.4.0,AIRR Community,https://github.com/airr-community
2,,,,,,,/home/ubuntu/ireceptor-monitor/performance_scripts/queries/repertoires/pass-field-pcr_target_locus.json,0.3251416683197021,2023-02-03 02:30:15.716680,2023-02-02 18:30:15.716680-08:00,airr-seq,VDJBase (Israel),,,,pass-field-pcr_target_locus.json,,,,iReceptor Service,AIRR Data Commons API for iReceptor,3.0,,iReceptor,http://ireceptor.org,support@ireceptor.org,GNU LGPL V3,AIRR Data Commons API,1.2.0,AIRR Community,https://www.antibodysociety.org/the-airr-community/,join@airr-community.org,Major Version 1 of the Adaptive Immune Receptor Repertoire (AIRR) data repository web service application programming interface (API).,AIRR Schema,Schema definitions for AIRR standards objects,1.4.0,AIRR Community,https://github.com/airr-community
3,,,,,,,/home/ubuntu/ireceptor-monitor/performance_scripts/queries/repertoires/pass-field-age-range.json,0.4924161434173584,2023-02-03 02:30:16.230083,2023-02-02 18:30:16.230083-08:00,airr-seq,VDJBase (Israel),,,,pass-field-age-range.json,,,,iReceptor Service,AIRR Data Commons API for iReceptor,3.0,,iReceptor,http://ireceptor.org,support@ireceptor.org,GNU LGPL V3,AIRR Data Commons API,1.2.0,AIRR Community,https://www.antibodysociety.org/the-airr-community/,join@airr-community.org,Major Version 1 of the Adaptive Immune Receptor Repertoire (AIRR) data repository web service application programming interface (API).,AIRR Schema,Schema definitions for AIRR standards objects,1.4.0,AIRR Community,https://github.com/airr-community
4,,,,,,,/home/ubuntu/ireceptor-monitor/performance_scripts/queries/repertoires/pass-query2_repertoire.json,0.4476709365844727,2023-02-03 02:30:16.686576,2023-02-02 18:30:16.686576-08:00,airr-seq,VDJBase (Israel),,,,pass-query2_repertoire.json,,,,iReceptor Service,AIRR Data Commons API for iReceptor,3.0,,iReceptor,http://ireceptor.org,support@ireceptor.org,GNU LGPL V3,AIRR Data Commons API,1.2.0,AIRR Community,https://www.antibodysociety.org/the-airr-community/,join@airr-community.org,Major Version 1 of the Adaptive Immune Receptor Repertoire (AIRR) data repository web service application programming interface (API).,AIRR Schema,Schema definitions for AIRR standards objects,1.4.0,AIRR Community,https://github.com/airr-community
0,,,,,,,/home/ubuntu/ireceptor-monitor/performance_scripts/queries/repertoires/pass-all.json,0.4621260166168213,2023-02-03 06:30:16.427104,2023-02-02 22:30:16.427104-08:00,airr-seq,VDJBase (Israel),,,,pass-all.json,,,,iReceptor Service,AIRR Data Commons API for iReceptor,3.0,,iReceptor,http://ireceptor.org,support@ireceptor.org,GNU LGPL V3,AIRR Data Commons API,1.2.0,AIRR Community,https://www.antibodysociety.org/the-airr-community/,join@airr-community.org,Major Version 1 of the Adaptive Immune Receptor Repertoire (AIRR) data repository web service application programming interface (API).,AIRR Schema,Schema definitions for AIRR standards objects,1.4.0,AIRR Community,https://github.com/airr-community
1,,,,,,,/home/ubuntu/ireceptor-monitor/performance_scripts/queries/repertoires/pass-field-organism-id.json,0.4013621807098389,2023-02-03 06:30:16.864162,2023-02-02 22:30:16.864162-08:00,airr-seq,VDJBase (Israel),,,,pass-field-organism-id.json,,,,iReceptor Service,AIRR Data Commons API for iReceptor,3.0,,iReceptor,http://ireceptor.org,support@ireceptor.org,GNU LGPL V3,AIRR Data Commons API,1.2.0,AIRR Community,https://www.antibodysociety.org/the-airr-community/,join@airr-community.org,Major Version 1 of the Adaptive Immune Receptor Repertoire (AIRR) data repository web service application programming interface (API).,AIRR Schema,Schema definitions for AIRR standards objects,1.4.0,AIRR Community,https://github.com/airr-community
2,,,,,,,/home/ubuntu/ireceptor-monitor/performance_scripts/queries/repertoires/pass-field-pcr_target_locus.json,0.34018707275390625,2023-02-03 06:30:17.216889,2023-02-02 22:30:17.216889-08:00,airr-seq,VDJBase (Israel),,,,pass-field-pcr_target_locus.json,,,,iReceptor Service,AIRR Data Commons API for iReceptor,3.0,,iReceptor,http://ireceptor.org,support@ireceptor.org,GNU LGPL V3,AIRR Data Commons API,1.2.0,AIRR Community,https://www.antibodysociety.org/the-airr-community/,join@airr-community.org,Major Version 1 of the Adaptive Immune Receptor Repertoire (AIRR) data repository web service application programming interface (API).,AIRR Schema,Schema definitions for AIRR standards objects,1.4.0,AIRR Community,https://github.com/airr-community
3,,,,,,,/home/ubuntu/ireceptor-monitor/performance_scripts/queries/repertoires/pass-field-age-range.json,0.4955883026123047,2023-02-03 06:30:17.732642,2023-02-02 22:30:17.732642-08:00,airr-seq,VDJBase (Israel),,,,pass-field-age-range.json,,,,iReceptor Service,AIRR Data Commons API for iReceptor,3.0,,iReceptor,http://ireceptor.org,support@ireceptor.org,GNU LGPL V3,AIRR Data Commons API,1.2.0,AIRR Community,https://www.antibodysociety.org/the-airr-community/,join@airr-community.org,Major Version 1 of the Adaptive Immune Receptor Repertoire (AIRR) data repository web service application programming interface (API).,AIRR Schema,Schema definitions for AIRR standards objects,1.4.0,AIRR Community,https://github.com/airr-community
4,,,,,,,/home/ubuntu/ireceptor-monitor/performance_scripts/queries/repertoires/pass-query2_repertoire.json,0.3322021961212158,2023-02-03 06:30:18.073443,2023-02-02 22:30:18.073443-08:00,airr-seq,VDJBase (Israel),,,,pass-query2_repertoire.json,,,,iReceptor Service,AIRR Data Commons API for iReceptor,3.0,,iReceptor,http://ireceptor.org,support@ireceptor.org,GNU LGPL V3,AIRR Data Commons API,1.2.0,AIRR Community,https://www.antibodysociety.org/the-airr-community/,join@airr-community.org,Major Version 1 of the Adaptive Immune Receptor Repertoire (AIRR) data repository web service application programming interface (API).,AIRR Schema,Schema definitions for AIRR standards objects,1.4.0,AIRR Community,https://github.com/airr-community
0,,,,,,,/home/ubuntu/ireceptor-monitor/performance_scripts/queries/repertoires/pass-all.json,0.3568603992462158,2023-02-03 10:30:15.979375,2023-02-03 02:30:15.979375-08:00,airr-seq,VDJBase (Israel),,,,pass-all.json,,,,iReceptor Service,AIRR Data Commons API for iReceptor,3.0,,iReceptor,http://ireceptor.org,support@ireceptor.org,GNU LGPL V3,AIRR Data Commons API,1.2.0,AIRR Community,https://www.antibodysociety.org/the-airr-community/,join@airr-community.org,Major Version 1 of the Adaptive Immune Receptor Repertoire (AIRR) data repository web service application programming interface (API).,AIRR Schema,Schema definitions for AIRR standards objects,1.4.0,AIRR Community,https://github.com/airr-community
1,,,,,,,/home/ubuntu/ireceptor-monitor/performance_scripts/queries/repertoires/pass-field-organism-id.json,0.3540675640106201,2023-02-03 10:30:16.369692,2023-02-03 02:30:16.369692-08:00,airr-seq,VDJBase (Israel),,,,pass-field-organism-id.json,,,,iReceptor Service,AIRR Data Commons API for iReceptor,3.0,,iReceptor,http://ireceptor.org,support@ireceptor.org,GNU LGPL V3,AIRR Data Commons API,1.2.0,AIRR Community,https://www.antibodysociety.org/the-airr-community/,join@airr-community.org,Major Version 1 of the Adaptive Immune Receptor Repertoire (AIRR) data repository web service application programming interface (API).,AIRR Schema,Schema definitions for AIRR standards objects,1.4.0,AIRR Community,https://github.com/airr-community
2,,,,,,,/home/ubuntu/ireceptor-monitor/performance_scripts/queries/repertoires/pass-field-pcr_target_locus.json,0.33132362365722656,2023-02-03 10:30:16.712679,2023-02-03 02:30:16.712679-08:00,airr-seq,VDJBase (Israel),,,,pass-field-pcr_target_locus.json,,,,iReceptor Service,AIRR Data Commons API for iReceptor,3.0,,iReceptor,http://ireceptor.org,support@ireceptor.org,GNU LGPL V3,AIRR Data Commons API,1.2.0,AIRR Community,https://www.antibodysociety.org/the-airr-community/,join@airr-community.org,Major Version 1 of the Adaptive Immune Receptor Repertoire (AIRR) data repository web service application programming interface (API).,AIRR Schema,Schema definitions for AIRR standards objects,1.4.0,AIRR Community,https://github.com/airr-community
3,,,,,,,/home/ubuntu/ireceptor-monitor/performance_scripts/queries/repertoires/pass-field-age-range.json,0.35178780555725103,2023-02-03 10:30:17.085863,2023-02-03 02:30:17.085863-08:00,airr-seq,VDJBase (Israel),,,,pass-field-age-range.json,,,,iReceptor Service,AIRR Data Commons API for iReceptor,3.0,,iReceptor,http://ireceptor.org,support@ireceptor.org,GNU LGPL V3,AIRR Data Commons API,1.2.0,AIRR Community,https://www.antibodysociety.org/the-airr-community/,join@airr-community.org,Major Version 1 of the Adaptive Immune Receptor Repertoire (AIRR) data repository web service application programming interface (API).,AIRR Schema,Schema definitions for AIRR standards objects,1.4.0,AIRR Community,https://github.com/airr-community
4,,,,,,,/home/ubuntu/ireceptor-monitor/performance_scripts/queries/repertoires/pass-query2_repertoire.json,0.3281738758087158,2023-02-03 10:30:17.423391,2023-02-03 02:30:17.423391-08:00,airr-seq,VDJBase (Israel),,,,pass-query2_repertoire.json,,,,iReceptor Service,AIRR Data Commons API for iReceptor,3.0,,iReceptor,http://ireceptor.org,support@ireceptor.org,GNU LGPL V3,AIRR Data Commons API,1.2.0,AIRR Community,https://www.antibodysociety.org/the-airr-community/,join@airr-community.org,Major Version 1 of the Adaptive Immune Receptor Repertoire (AIRR) data repository web service application programming interface (API).,AIRR Schema,Schema definitions for AIRR standards objects,1.4.0,AIRR Community,https://github.com/airr-community
0,,,,,,,/home/ubuntu/ireceptor-monitor/performance_scripts/queries/repertoires/pass-all.json,0.3657596111297608,2023-02-03 14:30:15.822984,2023-02-03 06:30:15.822984-08:00,airr-seq,VDJBase (Israel),,,,pass-all.json,,,,iReceptor Service,AIRR Data Commons API for iReceptor,3.0,,iReceptor,http://ireceptor.org,support@ireceptor.org,GNU LGPL V3,AIRR Data Commons API,1.2.0,AIRR Community,https://www.antibodysociety.org/the-airr-community/,join@airr-community.org,Major Version 1 of the Adaptive Immune Receptor Repertoire (AIRR) data repository web service application programming interface (API).,AIRR Schema,Schema definitions for AIRR standards objects,1.4.0,AIRR Community,https://github.com/airr-community
1,,,,,,,/home/ubuntu/ireceptor-monitor/performance_scripts/queries/repertoires/pass-field-organism-id.json,0.3524906635284424,2023-02-03 14:30:16.211781,2023-02-03 06:30:16.211781-08:00,airr-seq,VDJBase (Israel),,,,pass-field-organism-id.json,,,,iReceptor Service,AIRR Data Commons API for iReceptor,3.0,,iReceptor,http://ireceptor.org,support@ireceptor.org,GNU LGPL V3,AIRR Data Commons API,1.2.0,AIRR Community,https://www.antibodysociety.org/the-airr-community/,join@airr-community.org,Major Version 1 of the Adaptive Immune Receptor Repertoire (AIRR) data repository web service application programming interface (API).,AIRR Schema,Schema definitions for AIRR standards objects,1.4.0,AIRR Community,https://github.com/airr-community
2,,,,,,,/home/ubuntu/ireceptor-monitor/performance_scripts/queries/repertoires/pass-field-pcr_target_locus.json,0.3332664966583252,2023-02-03 14:30:16.557385,2023-02-03 06:30:16.557385-08:00,airr-seq,VDJBase (Israel),,,,pass-field-pcr_target_locus.json,,,,iReceptor Service,AIRR Data Commons API for iReceptor,3.0,,iReceptor,http://ireceptor.org,support@ireceptor.org,GNU LGPL V3,AIRR Data Commons API,1.2.0,AIRR Community,https://www.antibodysociety.org/the-airr-community/,join@airr-community.org,Major Version 1 of the Adaptive Immune Receptor Repertoire (AIRR) data repository web service application programming interface (API).,AIRR Schema,Schema definitions for AIRR standards objects,1.4.0,AIRR Community,https://github.com/airr-community
3,,,,,,,/home/ubuntu/ireceptor-monitor/performance_scripts/queries/repertoires/pass-field-age-range.json,0.3830115795135498,2023-02-03 14:30:16.962237,2023-02-03 06:30:16.962237-08:00,airr-seq,VDJBase (Israel),,,,pass-field-age-range.json,,,,iReceptor Service,AIRR Data Commons API for iReceptor,3.0,,iReceptor,http://ireceptor.org,support@ireceptor.org,GNU LGPL V3,AIRR Data Commons API,1.2.0,AIRR Community,https://www.antibodysociety.org/the-airr-community/,join@airr-community.org,Major Version 1 of the Adaptive Immune Receptor Repertoire (AIRR) data repository web service application programming interface (API).,AIRR Schema,Schema definitions for AIRR standards objects,1.4.0,AIRR Community,https://github.com/airr-community
4,,,,,,,/home/ubuntu/ireceptor-monitor/performance_scripts/queries/repertoires/pass-query2_repertoire.json,0.32340240478515625,2023-02-03 14:30:17.294918,2023-02-03 06:30:17.294918-08:00,airr-seq,VDJBase (Israel),,,,pass-query2_repertoire.json,,,,iReceptor Service,AIRR Data Commons API for iReceptor,3.0,,iReceptor,http://ireceptor.org,support@ireceptor.org,GNU LGPL V3,AIRR Data Commons API,1.2.0,AIRR Community,https://www.antibodysociety.org/the-airr-community/,join@airr-community.org,Major Version 1 of the Adaptive Immune Receptor Repertoire (AIRR) data repository web service application programming interface (API).,AIRR Schema,Schema definitions for AIRR standards objects,1.4.0,AIRR Community,https://github.com/airr-community
0,,,,,,,/home/ubuntu/ireceptor-monitor/performance_scripts/queries/repertoires/pass-all.json,0.357515811920166,2023-02-03 18:30:15.883208,2023-02-03 10:30:15.883208-08:00,airr-seq,VDJBase (Israel),,,,pass-all.json,,,,iReceptor Service,AIRR Data Commons API for iReceptor,3.0,,iReceptor,http://ireceptor.org,support@ireceptor.org,GNU LGPL V3,AIRR Data Commons API,1.2.0,AIRR Community,https://www.antibodysociety.org/the-airr-community/,join@airr-community.org,Major Version 1 of the Adaptive Immune Receptor Repertoire (AIRR) data repository web service application programming interface (API).,AIRR Schema,Schema definitions for AIRR standards objects,1.4.0,AIRR Community,https://github.com/airr-community
1,,,,,,,/home/ubuntu/ireceptor-monitor/performance_scripts/queries/repertoires/pass-field-organism-id.json,0.35213446617126465,2023-02-03 18:30:16.273169,2023-02-03 10:30:16.273169-08:00,airr-seq,VDJBase (Israel),,,,pass-field-organism-id.json,,,,iReceptor Service,AIRR Data Commons API for iReceptor,3.0,,iReceptor,http://ireceptor.org,support@ireceptor.org,GNU LGPL V3,AIRR Data Commons API,1.2.0,AIRR Community,https://www.antibodysociety.org/the-airr-community/,join@airr-community.org,Major Version 1 of the Adaptive Immune Receptor Repertoire (AIRR) data repository web service application programming interface (API).,AIRR Schema,Schema definitions for AIRR standards objects,1.4.0,AIRR Community,https://github.com/airr-community
2,,,,,,,/home/ubuntu/ireceptor-monitor/performance_scripts/queries/repertoires/pass-field-pcr_target_locus.json,0.3391423225402832,2023-02-03 18:30:16.624473,2023-02-03 10:30:16.624473-08:00,airr-seq,VDJBase (Israel),,,,pass-field-pcr_target_locus.json,,,,iReceptor Service,AIRR Data Commons API for iReceptor,3.0,,iReceptor,http://ireceptor.org,support@ireceptor.org,GNU LGPL V3,AIRR Data Commons API,1.2.0,AIRR Community,https://www.antibodysociety.org/the-airr-community/,join@airr-community.org,Major Version 1 of the Adaptive Immune Receptor Repertoire (AIRR) data repository web service application programming interface (API).,AIRR Schema,Schema definitions for AIRR standards objects,1.4.0,AIRR Community,https://github.com/airr-community
3,,,,,,,/home/ubuntu/ireceptor-monitor/performance_scripts/queries/repertoires/pass-field-age-range.json,0.356717586517334,2023-02-03 18:30:17.001632,2023-02-03 10:30:17.001632-08:00,airr-seq,VDJBase (Israel),,,,pass-field-age-range.json,,,,iReceptor Service,AIRR Data Commons API for iReceptor,3.0,,iReceptor,http://ireceptor.org,support@ireceptor.org,GNU LGPL V3,AIRR Data Commons API,1.2.0,AIRR Community,https://www.antibodysociety.org/the-airr-community/,join@airr-community.org,Major Version 1 of the Adaptive Immune Receptor Repertoire (AIRR) data repository web service application programming interface (API).,AIRR Schema,Schema definitions for AIRR standards objects,1.4.0,AIRR Community,https://github.com/airr-community
4,,,,,,,/home/ubuntu/ireceptor-monitor/performance_scripts/queries/repertoires/pass-query2_repertoire.json,0.32578086853027344,2023-02-03 18:30:17.336759,2023-02-03 10:30:17.336759-08:00,airr-seq,VDJBase (Israel),,,,pass-query2_repertoire.json,,,,iReceptor Service,AIRR Data Commons API for iReceptor,3.0,,iReceptor,http://ireceptor.org,support@ireceptor.org,GNU LGPL V3,AIRR Data Commons API,1.2.0,AIRR Community,https://www.antibodysociety.org/the-airr-community/,join@airr-community.org,Major Version 1 of the Adaptive Immune Receptor Repertoire (AIRR) data repository web service application programming interface (API).,AIRR Schema,Schema definitions for AIRR standards objects,1.4.0,AIRR Community,https://github.com/airr-community
0,,,,,,,/home/ubuntu/ireceptor-monitor/performance_scripts/queries/repertoires/pass-all.json,0.3599083423614502,2023-02-03 22:30:16.388832,2023-02-03 14:30:16.388832-08:00,airr-seq,VDJBase (Israel),,,,pass-all.json,,,,iReceptor Service,AIRR Data Commons API for iReceptor,3.0,,iReceptor,http://ireceptor.org,support@ireceptor.org,GNU LGPL V3,AIRR Data Commons API,1.2.0,AIRR Community,https://www.antibodysociety.org/the-airr-community/,join@airr-community.org,Major Version 1 of the Adaptive Immune Receptor Repertoire (AIRR) data repository web service application programming interface (API).,AIRR Schema,Schema definitions for AIRR standards objects,1.4.0,AIRR Community,https://github.com/airr-community
1,,,,,,,/home/ubuntu/ireceptor-monitor/performance_scripts/queries/repertoires/pass-field-organism-id.json,0.35895252227783203,2023-02-03 22:30:16.787992,2023-02-03 14:30:16.787992-08:00,airr-seq,VDJBase (Israel),,,,pass-field-organism-id.json,,,,iReceptor Service,AIRR Data Commons API for iReceptor,3.0,,iReceptor,http://ireceptor.org,support@ireceptor.org,GNU LGPL V3,AIRR Data Commons API,1.2.0,AIRR Community,https://www.antibodysociety.org/the-airr-community/,join@airr-community.org,Major Version 1 of the Adaptive Immune Receptor Repertoire (AIRR) data repository web service application programming interface (API).,AIRR Schema,Schema definitions for AIRR standards objects,1.4.0,AIRR Community,https://github.com/airr-community
2,,,,,,,/home/ubuntu/ireceptor-monitor/performance_scripts/queries/repertoires/pass-field-pcr_target_locus.json,0.3287317752838135,2023-02-03 22:30:17.130237,2023-02-03 14:30:17.130237-08:00,airr-seq,VDJBase (Israel),,,,pass-field-pcr_target_locus.json,,,,iReceptor Service,AIRR Data Commons API for iReceptor,3.0,,iReceptor,http://ireceptor.org,support@ireceptor.org,GNU LGPL V3,AIRR Data Commons API,1.2.0,AIRR Community,https://www.antibodysociety.org/the-airr-community/,join@airr-community.org,Major Version 1 of the Adaptive Immune Receptor Repertoire (AIRR) data repository web service application programming interface (API).,AIRR Schema,Schema definitions for AIRR standards objects,1.4.0,AIRR Community,https://github.com/airr-community
3,,,,,,,/home/ubuntu/ireceptor-monitor/performance_scripts/queries/repertoires/pass-field-age-range.json,0.3543019294738769,2023-02-03 22:30:17.507121,2023-02-03 14:30:17.507121-08:00,airr-seq,VDJBase (Israel),,,,pass-field-age-range.json,,,,iReceptor Service,AIRR Data Commons API for iReceptor,3.0,,iReceptor,http://ireceptor.org,support@ireceptor.org,GNU LGPL V3,AIRR Data Commons API,1.2.0,AIRR Community,https://www.antibodysociety.org/the-airr-community/,join@airr-community.org,Major Version 1 of the Adaptive Immune Receptor Repertoire (AIRR) data repository web service application programming interface (API).,AIRR Schema,Schema definitions for AIRR standards objects,1.4.0,AIRR Community,https://github.com/airr-community
4,,,,,,,/home/ubuntu/ireceptor-monitor/performance_scripts/queries/repertoires/pass-query2_repertoire.json,0.3200106620788574,2023-02-03 22:30:17.836114,2023-02-03 14:30:17.836114-08:00,airr-seq,VDJBase (Israel),,,,pass-query2_repertoire.json,,,,iReceptor Service,AIRR Data Commons API for iReceptor,3.0,,iReceptor,http://ireceptor.org,support@ireceptor.org,GNU LGPL V3,AIRR Data Commons API,1.2.0,AIRR Community,https://www.antibodysociety.org/the-airr-community/,join@airr-community.org,Major Version 1 of the Adaptive Immune Receptor Repertoire (AIRR) data repository web service application programming interface (API).,AIRR Schema,Schema definitions for AIRR standards objects,1.4.0,AIRR Community,https://github.com/airr-community
0,AIRR Data Commons API,API response for repertoire query,1.3,AIRR Community,https://github.com/airr-community,,/home/ubuntu/ireceptor-monitor/performance_scripts/queries/repertoires/pass-all.json,3.078646183013916,2023-01-04 10:34:03.521450,2023-01-04 02:34:03.521450-08:00,scireptor,sciReptor (Germany),,,,pass-all.json,,,,,,,,,,,,,,,,,,,,,,
1,AIRR Data Commons API,API response for repertoire query,1.3,AIRR Community,https://github.com/airr-community,,/home/ubuntu/ireceptor-monitor/performance_scripts/queries/repertoires/pass-field-organism-id.json,1.1015093326568604,2023-01-04 10:34:04.646060,2023-01-04 02:34:04.646060-08:00,scireptor,sciReptor (Germany),,,,pass-field-organism-id.json,,,,,,,,,,,,,,,,,,,,,,
2,AIRR Data Commons API,API response for repertoire query,1.3,AIRR Community,https://github.com/airr-community,,/home/ubuntu/ireceptor-monitor/performance_scripts/queries/repertoires/pass-field-pcr_target_locus.json,1.8865025043487549,2023-01-04 10:34:06.553840,2023-01-04 02:34:06.553840-08:00,scireptor,sciReptor (Germany),,,,pass-field-pcr_target_locus.json,,,,,,,,,,,,,,,,,,,,,,
3,AIRR Data Commons API,API response for repertoire query,1.3,AIRR Community,https://github.com/airr-community,,/home/ubuntu/ireceptor-monitor/performance_scripts/queries/repertoires/pass-field-age-range.json,2.3351914882659908,2023-01-04 10:34:08.935059,2023-01-04 02:34:08.935059-08:00,scireptor,sciReptor (Germany),,,,pass-field-age-range.json,,,,,,,,,,,,,,,,,,,,,,
4,AIRR Data Commons API,API response for repertoire query,1.3,AIRR Community,https://github.com/airr-community,,/home/ubuntu/ireceptor-monitor/performance_scripts/queries/repertoires/pass-query2_repertoire.json,1.1743559837341309,2023-01-04 10:34:10.117727,2023-01-04 02:34:10.117727-08:00,scireptor,sciReptor (Germany),,,,pass-query2_repertoire.json,,,,,,,,,,,,,,,,,,,,,,
0,AIRR Data Commons API,API response for repertoire query,1.3,AIRR Community,https://github.com/airr-community,,/home/ubuntu/ireceptor-monitor/performance_scripts/queries/repertoires/pass-all.json,2.2642076015472408,2023-01-04 14:34:15.768651,2023-01-04 06:34:15.768651-08:00,scireptor,sciReptor (Germany),,,,pass-all.json,,,,,,,,,,,,,,,,,,,,,,
1,AIRR Data Commons API,API response for repertoire query,1.3,AIRR Community,https://github.com/airr-community,,/home/ubuntu/ireceptor-monitor/performance_scripts/queries/repertoires/pass-field-organism-id.json,1.1489207744598389,2023-01-04 14:34:16.942824,2023-01-04 06:34:16.942824-08:00,scireptor,sciReptor (Germany),,,,pass-field-organism-id.json,,,,,,,,,,,,,,,,,,,,,,
2,AIRR Data Commons API,API response for repertoire query,1.3,AIRR Community,https://github.com/airr-community,,/home/ubuntu/ireceptor-monitor/performance_scripts/queries/repertoires/pass-field-pcr_target_locus.json,1.8124806880950928,2023-01-04 14:34:18.777407,2023-01-04 06:34:18.777407-08:00,scireptor,sciReptor (Germany),,,,pass-field-pcr_target_locus.json,,,,,,,,,,,,,,,,,,,,,,
3,AIRR Data Commons API,API response for repertoire query,1.3,AIRR Community,https://github.com/airr-community,,/home/ubuntu/ireceptor-monitor/performance_scripts/queries/repertoires/pass-field-age-range.json,2.2102346420288086,2023-01-04 14:34:21.035496,2023-01-04 06:34:21.035496-08:00,scireptor,sciReptor (Germany),,,,pass-field-age-range.json,,,,,,,,,,,,,,,,,,,,,,
4,AIRR Data Commons API,API response for repertoire query,1.3,AIRR Community,https://github.com/airr-community,,/home/ubuntu/ireceptor-monitor/performance_scripts/queries/repertoires/pass-query2_repertoire.json,1.1504669189453125,2023-01-04 14:34:22.194097,2023-01-04 06:34:22.194097-08:00,scireptor,sciReptor (Germany),,,,pass-query2_repertoire.json,,,,,,,,,,,,,,,,,,,,,,
0,AIRR Data Commons API,API response for repertoire query,1.3,AIRR Community,https://github.com/airr-community,,/home/ubuntu/ireceptor-monitor/performance_scripts/queries/repertoires/pass-all.json,2.2113606929779053,2023-01-04 18:33:46.212532,2023-01-04 10:33:46.212532-08:00,scireptor,sciReptor (Germany),,,,pass-all.json,,,,,,,,,,,,,,,,,,,,,,
1,AIRR Data Commons API,API response for repertoire query,1.3,AIRR Community,https://github.com/airr-community,,/home/ubuntu/ireceptor-monitor/performance_scripts/queries/repertoires/pass-field-organism-id.json,1.2015438079833984,2023-01-04 18:33:47.438643,2023-01-04 10:33:47.438643-08:00,scireptor,sciReptor (Germany),,,,pass-field-organism-id.json,,,,,,,,,,,,,,,,,,,,,,
2,AIRR Data Commons API,API response for repertoire query,1.3,AIRR Community,https://github.com/airr-community,,/home/ubuntu/ireceptor-monitor/performance_scripts/queries/repertoires/pass-field-pcr_target_locus.json,1.9150116443634035,2023-01-04 18:33:49.375227,2023-01-04 10:33:49.375227-08:00,scireptor,sciReptor (Germany),,,,pass-field-pcr_target_locus.json,,,,,,,,,,,,,,,,,,,,,,
3,AIRR Data Commons API,API response for repertoire query,1.3,AIRR Community,https://github.com/airr-community,,/home/ubuntu/ireceptor-monitor/performance_scripts/queries/repertoires/pass-field-age-range.json,2.1912667751312256,2023-01-04 18:33:51.616247,2023-01-04 10:33:51.616247-08:00,scireptor,sciReptor (Germany),,,,pass-field-age-range.json,,,,,,,,,,,,,,,,,,,,,,
4,AIRR Data Commons API,API response for repertoire query,1.3,AIRR Community,https://github.com/airr-community,,/home/ubuntu/ireceptor-monitor/performance_scripts/queries/repertoires/pass-query2_repertoire.json,1.2196590900421145,2023-01-04 18:33:52.844259,2023-01-04 10:33:52.844259-08:00,scireptor,sciReptor (Germany),,,,pass-query2_repertoire.json,,,,,,,,,,,,,,,,,,,,,,
0,AIRR Data Commons API,API response for repertoire query,1.3,AIRR Community,https://github.com/airr-community,,/home/ubuntu/ireceptor-monitor/performance_scripts/queries/repertoires/pass-all.json,2.2367444038391118,2023-01-04 22:34:04.144538,2023-01-04 14:34:04.144538-08:00,scireptor,sciReptor (Germany),,,,pass-all.json,,,,,,,,,,,,,,,,,,,,,,
1,AIRR Data Commons API,API response for repertoire query,1.3,AIRR Community,https://github.com/airr-community,,/home/ubuntu/ireceptor-monitor/performance_scripts/queries/repertoires/pass-field-organism-id.json,1.1571505069732666,2023-01-04 22:34:05.326805,2023-01-04 14:34:05.326805-08:00,scireptor,sciReptor (Germany),,,,pass-field-organism-id.json,,,,,,,,,,,,,,,,,,,,,,
2,AIRR Data Commons API,API response for repertoire query,1.3,AIRR Community,https://github.com/airr-community,,/home/ubuntu/ireceptor-monitor/performance_scripts/queries/repertoires/pass-field-pcr_target_locus.json,1.9143822193145752,2023-01-04 22:34:07.264717,2023-01-04 14:34:07.264717-08:00,scireptor,sciReptor (Germany),,,,pass-field-pcr_target_locus.json,,,,,,,,,,,,,,,,,,,,,,
3,AIRR Data Commons API,API response for repertoire query,1.3,AIRR Community,https://github.com/airr-community,,/home/ubuntu/ireceptor-monitor/performance_scripts/queries/repertoires/pass-field-age-range.json,2.2097547054290767,2023-01-04 22:34:09.524427,2023-01-04 14:34:09.524427-08:00,scireptor,sciReptor (Germany),,,,pass-field-age-range.json,,,,,,,,,,,,,,,,,,,,,,
4,AIRR Data Commons API,API response for repertoire query,1.3,AIRR Community,https://github.com/airr-community,,/home/ubuntu/ireceptor-monitor/performance_scripts/queries/repertoires/pass-query2_repertoire.json,1.1495132446289062,2023-01-04 22:34:10.682434,2023-01-04 14:34:10.682434-08:00,scireptor,sciReptor (Germany),,,,pass-query2_repertoire.json,,,,,,,,,,,,,,,,,,,,,,
0,AIRR Data Commons API,API response for repertoire query,1.3,AIRR Community,https://github.com/airr-community,,/home/ubuntu/ireceptor-monitor/performance_scripts/queries/repertoires/pass-all.json,2.4600186347961426,2023-01-05 02:33:33.865702,2023-01-04 18:33:33.865702-08:00,scireptor,sciReptor (Germany),,,,pass-all.json,,,,,,,,,,,,,,,,,,,,,,
1,AIRR Data Commons API,API response for repertoire query,1.3,AIRR Community,https://github.com/airr-community,,/home/ubuntu/ireceptor-monitor/performance_scripts/queries/repertoires/pass-field-organism-id.json,1.191509485244751,2023-01-05 02:33:35.081834,2023-01-04 18:33:35.081834-08:00,scireptor,sciReptor (Germany),,,,pass-field-organism-id.json,,,,,,,,,,,,,,,,,,,,,,
2,AIRR Data Commons API,API response for repertoire query,1.3,AIRR Community,https://github.com/airr-community,,/home/ubuntu/ireceptor-monitor/performance_scripts/queries/repertoires/pass-field-pcr_target_locus.json,1.903877019882202,2023-01-05 02:33:37.007849,2023-01-04 18:33:37.007849-08:00,scireptor,sciReptor (Germany),,,,pass-field-pcr_target_locus.json,,,,,,,,,,,,,,,,,,,,,,
3,AIRR Data Commons API,API response for repertoire query,1.3,AIRR Community,https://github.com/airr-community,,/home/ubuntu/ireceptor-monitor/performance_scripts/queries/repertoires/pass-field-age-range.json,3.5911126136779785,2023-01-05 02:33:40.646724,2023-01-04 18:33:40.646724-08:00,scireptor,sciReptor (Germany),,,,pass-field-age-range.json,,,,,,,,,,,,,,,,,,,,,,
4,AIRR Data Commons API,API response for repertoire query,1.3,AIRR Community,https://github.com/airr-community,,/home/ubuntu/ireceptor-monitor/performance_scripts/queries/repertoires/pass-query2_repertoire.json,1.0840849876403809,2023-01-05 02:33:41.739144,2023-01-04 18:33:41.739144-08:00,scireptor,sciReptor (Germany),,,,pass-query2_repertoire.json,,,,,,,,,,,,,,,,,,,,,,
0,AIRR Data Commons API,API response for repertoire query,1.3,AIRR Community,https://github.com/airr-community,,/home/ubuntu/ireceptor-monitor/performance_scripts/queries/repertoires/pass-all.json,2.1627840995788574,2023-01-05 06:33:37.218018,2023-01-04 22:33:37.218018-08:00,scireptor,sciReptor (Germany),,,,pass-all.json,,,,,,,,,,,,,,,,,,,,,,
1,AIRR Data Commons API,API response for repertoire query,1.3,AIRR Community,https://github.com/airr-community,,/home/ubuntu/ireceptor-monitor/performance_scripts/queries/repertoires/pass-field-organism-id.json,1.1098320484161377,2023-01-05 06:33:38.352572,2023-01-04 22:33:38.352572-08:00,scireptor,sciReptor (Germany),,,,pass-field-organism-id.json,,,,,,,,,,,,,,,,,,,,,,
2,AIRR Data Commons API,API response for repertoire query,1.3,AIRR Community,https://github.com/airr-community,,/home/ubuntu/ireceptor-monitor/performance_scripts/queries/repertoires/pass-field-pcr_target_locus.json,1.8351736068725584,2023-01-05 06:33:40.208721,2023-01-04 22:33:40.208721-08:00,scireptor,sciReptor (Germany),,,,pass-field-pcr_target_locus.json,,,,,,,,,,,,,,,,,,,,,,
3,AIRR Data Commons API,API response for repertoire query,1.3,AIRR Community,https://github.com/airr-community,,/home/ubuntu/ireceptor-monitor/performance_scripts/queries/repertoires/pass-field-age-range.json,2.2329869270324707,2023-01-05 06:33:42.486233,2023-01-04 22:33:42.486233-08:00,scireptor,sciReptor (Germany),,,,pass-field-age-range.json,,,,,,,,,,,,,,,,,,,,,,
4,AIRR Data Commons API,API response for repertoire query,1.3,AIRR Community,https://github.com/airr-community,,/home/ubuntu/ireceptor-monitor/performance_scripts/queries/repertoires/pass-query2_repertoire.json,1.118985891342163,2023-01-05 06:33:43.613024,2023-01-04 22:33:43.613024-08:00,scireptor,sciReptor (Germany),,,,pass-query2_repertoire.json,,,,,,,,,,,,,,,,,,,,,,
0,AIRR Data Commons API,API response for repertoire query,1.3,AIRR Community,https://github.com/airr-community,,/home/ubuntu/ireceptor-monitor/performance_scripts/queries/repertoires/pass-all.json,2.2191710472106934,2023-01-05 10:34:05.257606,2023-01-05 02:34:05.257606-08:00,scireptor,sciReptor (Germany),,,,pass-all.json,,,,,,,,,,,,,,,,,,,,,,
1,AIRR Data Commons API,API response for repertoire query,1.3,AIRR Community,https://github.com/airr-community,,/home/ubuntu/ireceptor-monitor/performance_scripts/queries/repertoires/pass-field-organism-id.json,1.117255687713623,2023-01-05 10:34:06.399127,2023-01-05 02:34:06.399127-08:00,scireptor,sciReptor (Germany),,,,pass-field-organism-id.json,,,,,,,,,,,,,,,,,,,,,,
2,AIRR Data Commons API,API response for repertoire query,1.3,AIRR Community,https://github.com/airr-community,,/home/ubuntu/ireceptor-monitor/performance_scripts/queries/repertoires/pass-field-pcr_target_locus.json,1.8670856952667243,2023-01-05 10:34:08.287278,2023-01-05 02:34:08.287278-08:00,scireptor,sciReptor (Germany),,,,pass-field-pcr_target_locus.json,,,,,,,,,,,,,,,,,,,,,,
3,AIRR Data Commons API,API response for repertoire query,1.3,AIRR Community,https://github.com/airr-community,,/home/ubuntu/ireceptor-monitor/performance_scripts/queries/repertoires/pass-field-age-range.json,2.317098379135132,2023-01-05 10:34:10.655350,2023-01-05 02:34:10.655350-08:00,scireptor,sciReptor (Germany),,,,pass-field-age-range.json,,,,,,,,,,,,,,,,,,,,,,
4,AIRR Data Commons API,API response for repertoire query,1.3,AIRR Community,https://github.com/airr-community,,/home/ubuntu/ireceptor-monitor/performance_scripts/queries/repertoires/pass-query2_repertoire.json,1.1880824565887451,2023-01-05 10:34:11.851696,2023-01-05 02:34:11.851696-08:00,scireptor,sciReptor (Germany),,,,pass-query2_repertoire.json,,,,,,,,,,,,,,,,,,,,,,
0,AIRR Data Commons API,API response for repertoire query,1.3,AIRR Community,https://github.com/airr-community,,/home/ubuntu/ireceptor-monitor/performance_scripts/queries/repertoires/pass-all.json,2.18264389038086,2023-01-05 14:33:41.338831,2023-01-05 06:33:41.338831-08:00,scireptor,sciReptor (Germany),,,,pass-all.json,,,,,,,,,,,,,,,,,,,,,,
1,AIRR Data Commons API,API response for repertoire query,1.3,AIRR Community,https://github.com/airr-community,,/home/ubuntu/ireceptor-monitor/performance_scripts/queries/repertoires/pass-field-organism-id.json,1.1237695217132568,2023-01-05 14:33:42.488973,2023-01-05 06:33:42.488973-08:00,scireptor,sciReptor (Germany),,,,pass-field-organism-id.json,,,,,,,,,,,,,,,,,,,,,,
2,AIRR Data Commons API,API response for repertoire query,1.3,AIRR Community,https://github.com/airr-community,,/home/ubuntu/ireceptor-monitor/performance_scripts/queries/repertoires/pass-field-pcr_target_locus.json,1.84486985206604,2023-01-05 14:33:44.357519,2023-01-05 06:33:44.357519-08:00,scireptor,sciReptor (Germany),,,,pass-field-pcr_target_locus.json,,,,,,,,,,,,,,,,,,,,,,
3,AIRR Data Commons API,API response for repertoire query,1.3,AIRR Community,https://github.com/airr-community,,/home/ubuntu/ireceptor-monitor/performance_scripts/queries/repertoires/pass-field-age-range.json,2.1185147762298584,2023-01-05 14:33:46.527481,2023-01-05 06:33:46.527481-08:00,scireptor,sciReptor (Germany),,,,pass-field-age-range.json,,,,,,,,,,,,,,,,,,,,,,
4,AIRR Data Commons API,API response for repertoire query,1.3,AIRR Community,https://github.com/airr-community,,/home/ubuntu/ireceptor-monitor/performance_scripts/queries/repertoires/pass-query2_repertoire.json,1.0347819328308103,2023-01-05 14:33:47.570607,2023-01-05 06:33:47.570607-08:00,scireptor,sciReptor (Germany),,,,pass-query2_repertoire.json,,,,,,,,,,,,,,,,,,,,,,
0,AIRR Data Commons API,API response for repertoire query,1.3,AIRR Community,https://github.com/airr-community,,/home/ubuntu/ireceptor-monitor/performance_scripts/queries/repertoires/pass-all.json,2.276160478591919,2023-01-05 18:33:49.116114,2023-01-05 10:33:49.116114-08:00,scireptor,sciReptor (Germany),,,,pass-all.json,,,,,,,,,,,,,,,,,,,,,,
1,AIRR Data Commons API,API response for repertoire query,1.3,AIRR Community,https://github.com/airr-community,,/home/ubuntu/ireceptor-monitor/performance_scripts/queries/repertoires/pass-field-organism-id.json,1.0875480175018308,2023-01-05 18:33:50.227253,2023-01-05 10:33:50.227253-08:00,scireptor,sciReptor (Germany),,,,pass-field-organism-id.json,,,,,,,,,,,,,,,,,,,,,,
2,AIRR Data Commons API,API response for repertoire query,1.3,AIRR Community,https://github.com/airr-community,,/home/ubuntu/ireceptor-monitor/performance_scripts/queries/repertoires/pass-field-pcr_target_locus.json,2.050212860107422,2023-01-05 18:33:52.299627,2023-01-05 10:33:52.299627-08:00,scireptor,sciReptor (Germany),,,,pass-field-pcr_target_locus.json,,,,,,,,,,,,,,,,,,,,,,
3,AIRR Data Commons API,API response for repertoire query,1.3,AIRR Community,https://github.com/airr-community,,/home/ubuntu/ireceptor-monitor/performance_scripts/queries/repertoires/pass-field-age-range.json,2.3310341835021973,2023-01-05 18:33:54.679350,2023-01-05 10:33:54.679350-08:00,scireptor,sciReptor (Germany),,,,pass-field-age-range.json,,,,,,,,,,,,,,,,,,,,,,
4,AIRR Data Commons API,API response for repertoire query,1.3,AIRR Community,https://github.com/airr-community,,/home/ubuntu/ireceptor-monitor/performance_scripts/queries/repertoires/pass-query2_repertoire.json,1.1997923851013184,2023-01-05 18:33:55.886903,2023-01-05 10:33:55.886903-08:00,scireptor,sciReptor (Germany),,,,pass-query2_repertoire.json,,,,,,,,,,,,,,,,,,,,,,
0,AIRR Data Commons API,API response for repertoire query,1.3,AIRR Community,https://github.com/airr-community,,/home/ubuntu/ireceptor-monitor/performance_scripts/queries/repertoires/pass-all.json,2.350860834121704,2023-01-05 22:34:08.748940,2023-01-05 14:34:08.748940-08:00,scireptor,sciReptor (Germany),,,,pass-all.json,,,,,,,,,,,,,,,,,,,,,,
1,AIRR Data Commons API,API response for repertoire query,1.3,AIRR Community,https://github.com/airr-community,,/home/ubuntu/ireceptor-monitor/performance_scripts/queries/repertoires/pass-field-organism-id.json,1.184438943862915,2023-01-05 22:34:09.957048,2023-01-05 14:34:09.957048-08:00,scireptor,sciReptor (Germany),,,,pass-field-organism-id.json,,,,,,,,,,,,,,,,,,,,,,
2,AIRR Data Commons API,API response for repertoire query,1.3,AIRR Community,https://github.com/airr-community,,/home/ubuntu/ireceptor-monitor/performance_scripts/queries/repertoires/pass-field-pcr_target_locus.json,1.811331272125244,2023-01-05 22:34:11.789714,2023-01-05 14:34:11.789714-08:00,scireptor,sciReptor (Germany),,,,pass-field-pcr_target_locus.json,,,,,,,,,,,,,,,,,,,,,,
3,AIRR Data Commons API,API response for repertoire query,1.3,AIRR Community,https://github.com/airr-community,,/home/ubuntu/ireceptor-monitor/performance_scripts/queries/repertoires/pass-field-age-range.json,2.31774640083313,2023-01-05 22:34:14.155028,2023-01-05 14:34:14.155028-08:00,scireptor,sciReptor (Germany),,,,pass-field-age-range.json,,,,,,,,,,,,,,,,,,,,,,
4,AIRR Data Commons API,API response for repertoire query,1.3,AIRR Community,https://github.com/airr-community,,/home/ubuntu/ireceptor-monitor/performance_scripts/queries/repertoires/pass-query2_repertoire.json,1.135197639465332,2023-01-05 22:34:15.298167,2023-01-05 14:34:15.298167-08:00,scireptor,sciReptor (Germany),,,,pass-query2_repertoire.json,,,,,,,,,,,,,,,,,,,,,,
0,AIRR Data Commons API,API response for repertoire query,1.3,AIRR Community,https://github.com/airr-community,,/home/ubuntu/ireceptor-monitor/performance_scripts/queries/repertoires/pass-all.json,2.1785938739776607,2023-01-06 02:33:39.570264,2023-01-05 18:33:39.570264-08:00,scireptor,sciReptor (Germany),,,,pass-all.json,,,,,,,,,,,,,,,,,,,,,,
1,AIRR Data Commons API,API response for repertoire query,1.3,AIRR Community,https://github.com/airr-community,,/home/ubuntu/ireceptor-monitor/performance_scripts/queries/repertoires/pass-field-organism-id.json,1.15659499168396,2023-01-06 02:33:40.752744,2023-01-05 18:33:40.752744-08:00,scireptor,sciReptor (Germany),,,,pass-field-organism-id.json,,,,,,,,,,,,,,,,,,,,,,
2,AIRR Data Commons API,API response for repertoire query,1.3,AIRR Community,https://github.com/airr-community,,/home/ubuntu/ireceptor-monitor/performance_scripts/queries/repertoires/pass-field-pcr_target_locus.json,2.1213603019714355,2023-01-06 02:33:42.895443,2023-01-05 18:33:42.895443-08:00,scireptor,sciReptor (Germany),,,,pass-field-pcr_target_locus.json,,,,,,,,,,,,,,,,,,,,,,
3,AIRR Data Commons API,API response for repertoire query,1.3,AIRR Community,https://github.com/airr-community,,/home/ubuntu/ireceptor-monitor/performance_scripts/queries/repertoires/pass-field-age-range.json,2.3027443885803223,2023-01-06 02:33:45.246016,2023-01-05 18:33:45.246016-08:00,scireptor,sciReptor (Germany),,,,pass-field-age-range.json,,,,,,,,,,,,,,,,,,,,,,
4,AIRR Data Commons API,API response for repertoire query,1.3,AIRR Community,https://github.com/airr-community,,/home/ubuntu/ireceptor-monitor/performance_scripts/queries/repertoires/pass-query2_repertoire.json,1.2371153831481934,2023-01-06 02:33:46.491170,2023-01-05 18:33:46.491170-08:00,scireptor,sciReptor (Germany),,,,pass-query2_repertoire.json,,,,,,,,,,,,,,,,,,,,,,
0,AIRR Data Commons API,API response for repertoire query,1.3,AIRR Community,https://github.com/airr-community,,/home/ubuntu/ireceptor-monitor/performance_scripts/queries/repertoires/pass-all.json,2.2328362464904785,2023-01-06 06:33:48.683395,2023-01-05 22:33:48.683395-08:00,scireptor,sciReptor (Germany),,,,pass-all.json,,,,,,,,,,,,,,,,,,,,,,
1,AIRR Data Commons API,API response for repertoire query,1.3,AIRR Community,https://github.com/airr-community,,/home/ubuntu/ireceptor-monitor/performance_scripts/queries/repertoires/pass-field-organism-id.json,1.151954174041748,2023-01-06 06:33:49.857637,2023-01-05 22:33:49.857637-08:00,scireptor,sciReptor (Germany),,,,pass-field-organism-id.json,,,,,,,,,,,,,,,,,,,,,,
2,AIRR Data Commons API,API response for repertoire query,1.3,AIRR Community,https://github.com/airr-community,,/home/ubuntu/ireceptor-monitor/performance_scripts/queries/repertoires/pass-field-pcr_target_locus.json,2.0185203552246094,2023-01-06 06:33:51.898276,2023-01-05 22:33:51.898276-08:00,scireptor,sciReptor (Germany),,,,pass-field-pcr_target_locus.json,,,,,,,,,,,,,,,,,,,,,,
3,AIRR Data Commons API,API response for repertoire query,1.3,AIRR Community,https://github.com/airr-community,,/home/ubuntu/ireceptor-monitor/performance_scripts/queries/repertoires/pass-field-age-range.json,2.1296331882476807,2023-01-06 06:33:54.078425,2023-01-05 22:33:54.078425-08:00,scireptor,sciReptor (Germany),,,,pass-field-age-range.json,,,,,,,,,,,,,,,,,,,,,,
4,AIRR Data Commons API,API response for repertoire query,1.3,AIRR Community,https://github.com/airr-community,,/home/ubuntu/ireceptor-monitor/performance_scripts/queries/repertoires/pass-query2_repertoire.json,1.3109583854675293,2023-01-06 06:33:55.397904,2023-01-05 22:33:55.397904-08:00,scireptor,sciReptor (Germany),,,,pass-query2_repertoire.json,,,,,,,,,,,,,,,,,,,,,,
0,AIRR Data Commons API,API response for repertoire query,1.3,AIRR Community,https://github.com/airr-community,,/home/ubuntu/ireceptor-monitor/performance_scripts/queries/repertoires/pass-all.json,3.4285395145416264,2023-01-06 10:33:52.463341,2023-01-06 02:33:52.463341-08:00,scireptor,sciReptor (Germany),,,,pass-all.json,,,,,,,,,,,,,,,,,,,,,,
1,AIRR Data Commons API,API response for repertoire query,1.3,AIRR Community,https://github.com/airr-community,,/home/ubuntu/ireceptor-monitor/performance_scripts/queries/repertoires/pass-field-organism-id.json,1.2272968292236328,2023-01-06 10:33:53.713646,2023-01-06 02:33:53.713646-08:00,scireptor,sciReptor (Germany),,,,pass-field-organism-id.json,,,,,,,,,,,,,,,,,,,,,,
2,AIRR Data Commons API,API response for repertoire query,1.3,AIRR Community,https://github.com/airr-community,,/home/ubuntu/ireceptor-monitor/performance_scripts/queries/repertoires/pass-field-pcr_target_locus.json,1.8625473976135247,2023-01-06 10:33:55.597980,2023-01-06 02:33:55.597980-08:00,scireptor,sciReptor (Germany),,,,pass-field-pcr_target_locus.json,,,,,,,,,,,,,,,,,,,,,,
3,AIRR Data Commons API,API response for repertoire query,1.3,AIRR Community,https://github.com/airr-community,,/home/ubuntu/ireceptor-monitor/performance_scripts/queries/repertoires/pass-field-age-range.json,2.150470972061157,2023-01-06 10:33:57.796962,2023-01-06 02:33:57.796962-08:00,scireptor,sciReptor (Germany),,,,pass-field-age-range.json,,,,,,,,,,,,,,,,,,,,,,
4,AIRR Data Commons API,API response for repertoire query,1.3,AIRR Community,https://github.com/airr-community,,/home/ubuntu/ireceptor-monitor/performance_scripts/queries/repertoires/pass-query2_repertoire.json,1.1918632984161377,2023-01-06 10:33:58.997357,2023-01-06 02:33:58.997357-08:00,scireptor,sciReptor (Germany),,,,pass-query2_repertoire.json,,,,,,,,,,,,,,,,,,,,,,
0,AIRR Data Commons API,API response for repertoire query,1.3,AIRR Community,https://github.com/airr-community,,/home/ubuntu/ireceptor-monitor/performance_scripts/queries/repertoires/pass-all.json,2.4199461936950684,2023-01-06 14:34:11.547512,2023-01-06 06:34:11.547512-08:00,scireptor,sciReptor (Germany),,,,pass-all.json,,,,,,,,,,,,,,,,,,,,,,
1,AIRR Data Commons API,API response for repertoire query,1.3,AIRR Community,https://github.com/airr-community,,/home/ubuntu/ireceptor-monitor/performance_scripts/queries/repertoires/pass-field-organism-id.json,1.1553728580474854,2023-01-06 14:34:12.726254,2023-01-06 06:34:12.726254-08:00,scireptor,sciReptor (Germany),,,,pass-field-organism-id.json,,,,,,,,,,,,,,,,,,,,,,
2,AIRR Data Commons API,API response for repertoire query,1.3,AIRR Community,https://github.com/airr-community,,/home/ubuntu/ireceptor-monitor/performance_scripts/queries/repertoires/pass-field-pcr_target_locus.json,2.007431030273437,2023-01-06 14:34:14.752837,2023-01-06 06:34:14.752837-08:00,scireptor,sciReptor (Germany),,,,pass-field-pcr_target_locus.json,,,,,,,,,,,,,,,,,,,,,,
3,AIRR Data Commons API,API response for repertoire query,1.3,AIRR Community,https://github.com/airr-community,,/home/ubuntu/ireceptor-monitor/performance_scripts/queries/repertoires/pass-field-age-range.json,2.2190945148468018,2023-01-06 14:34:17.017842,2023-01-06 06:34:17.017842-08:00,scireptor,sciReptor (Germany),,,,pass-field-age-range.json,,,,,,,,,,,,,,,,,,,,,,
4,AIRR Data Commons API,API response for repertoire query,1.3,AIRR Community,https://github.com/airr-community,,/home/ubuntu/ireceptor-monitor/performance_scripts/queries/repertoires/pass-query2_repertoire.json,1.3790731430053709,2023-01-06 14:34:18.403484,2023-01-06 06:34:18.403484-08:00,scireptor,sciReptor (Germany),,,,pass-query2_repertoire.json,,,,,,,,,,,,,,,,,,,,,,
0,AIRR Data Commons API,API response for repertoire query,1.3,AIRR Community,https://github.com/airr-community,,/home/ubuntu/ireceptor-monitor/performance_scripts/queries/repertoires/pass-all.json,2.1540269851684566,2023-01-06 18:33:17.852745,2023-01-06 10:33:17.852745-08:00,scireptor,sciReptor (Germany),,,,pass-all.json,,,,,,,,,,,,,,,,,,,,,,
1,AIRR Data Commons API,API response for repertoire query,1.3,AIRR Community,https://github.com/airr-community,,/home/ubuntu/ireceptor-monitor/performance_scripts/queries/repertoires/pass-field-organism-id.json,1.0161814689636228,2023-01-06 18:33:18.892962,2023-01-06 10:33:18.892962-08:00,scireptor,sciReptor (Germany),,,,pass-field-organism-id.json,,,,,,,,,,,,,,,,,,,,,,
2,AIRR Data Commons API,API response for repertoire query,1.3,AIRR Community,https://github.com/airr-community,,/home/ubuntu/ireceptor-monitor/performance_scripts/queries/repertoires/pass-field-pcr_target_locus.json,1.7332286834716797,2023-01-06 18:33:20.648133,2023-01-06 10:33:20.648133-08:00,scireptor,sciReptor (Germany),,,,pass-field-pcr_target_locus.json,,,,,,,,,,,,,,,,,,,,,,
3,AIRR Data Commons API,API response for repertoire query,1.3,AIRR Community,https://github.com/airr-community,,/home/ubuntu/ireceptor-monitor/performance_scripts/queries/repertoires/pass-field-age-range.json,2.2586653232574463,2023-01-06 18:33:22.956518,2023-01-06 10:33:22.956518-08:00,scireptor,sciReptor (Germany),,,,pass-field-age-range.json,,,,,,,,,,,,,,,,,,,,,,
4,AIRR Data Commons API,API response for repertoire query,1.3,AIRR Community,https://github.com/airr-community,,/home/ubuntu/ireceptor-monitor/performance_scripts/queries/repertoires/pass-query2_repertoire.json,1.1010832786560059,2023-01-06 18:33:24.067831,2023-01-06 10:33:24.067831-08:00,scireptor,sciReptor (Germany),,,,pass-query2_repertoire.json,,,,,,,,,,,,,,,,,,,,,,
0,AIRR Data Commons API,API response for repertoire query,1.3,AIRR Community,https://github.com/airr-community,,/home/ubuntu/ireceptor-monitor/performance_scripts/queries/repertoires/pass-all.json,2.1439986228942867,2023-01-06 22:33:41.143066,2023-01-06 14:33:41.143066-08:00,scireptor,sciReptor (Germany),,,,pass-all.json,,,,,,,,,,,,,,,,,,,,,,
1,AIRR Data Commons API,API response for repertoire query,1.3,AIRR Community,https://github.com/airr-community,,/home/ubuntu/ireceptor-monitor/performance_scripts/queries/repertoires/pass-field-organism-id.json,1.086444616317749,2023-01-06 22:33:42.254003,2023-01-06 14:33:42.254003-08:00,scireptor,sciReptor (Germany),,,,pass-field-organism-id.json,,,,,,,,,,,,,,,,,,,,,,
2,AIRR Data Commons API,API response for repertoire query,1.3,AIRR Community,https://github.com/airr-community,,/home/ubuntu/ireceptor-monitor/performance_scripts/queries/repertoires/pass-field-pcr_target_locus.json,1.9118404388427728,2023-01-06 22:33:44.188291,2023-01-06 14:33:44.188291-08:00,scireptor,sciReptor (Germany),,,,pass-field-pcr_target_locus.json,,,,,,,,,,,,,,,,,,,,,,
3,AIRR Data Commons API,API response for repertoire query,1.3,AIRR Community,https://github.com/airr-community,,/home/ubuntu/ireceptor-monitor/performance_scripts/queries/repertoires/pass-field-age-range.json,2.2269518375396733,2023-01-06 22:33:46.463356,2023-01-06 14:33:46.463356-08:00,scireptor,sciReptor (Germany),,,,pass-field-age-range.json,,,,,,,,,,,,,,,,,,,,,,
4,AIRR Data Commons API,API response for repertoire query,1.3,AIRR Community,https://github.com/airr-community,,/home/ubuntu/ireceptor-monitor/performance_scripts/queries/repertoires/pass-query2_repertoire.json,1.1346476078033447,2023-01-06 22:33:47.606338,2023-01-06 14:33:47.606338-08:00,scireptor,sciReptor (Germany),,,,pass-query2_repertoire.json,,,,,,,,,,,,,,,,,,,,,,
0,AIRR Data Commons API,API response for repertoire query,1.3,AIRR Community,https://github.com/airr-community,,/home/ubuntu/ireceptor-monitor/performance_scripts/queries/repertoires/pass-all.json,2.8045670986175537,2023-01-07 02:33:42.848613,2023-01-06 18:33:42.848613-08:00,scireptor,sciReptor (Germany),,,,pass-all.json,,,,,,,,,,,,,,,,,,,,,,
1,AIRR Data Commons API,API response for repertoire query,1.3,AIRR Community,https://github.com/airr-community,,/home/ubuntu/ireceptor-monitor/performance_scripts/queries/repertoires/pass-field-organism-id.json,1.086186170578003,2023-01-07 02:33:43.959965,2023-01-06 18:33:43.959965-08:00,scireptor,sciReptor (Germany),,,,pass-field-organism-id.json,,,,,,,,,,,,,,,,,,,,,,
2,AIRR Data Commons API,API response for repertoire query,1.3,AIRR Community,https://github.com/airr-community,,/home/ubuntu/ireceptor-monitor/performance_scripts/queries/repertoires/pass-field-pcr_target_locus.json,1.798891544342041,2023-01-07 02:33:45.780678,2023-01-06 18:33:45.780678-08:00,scireptor,sciReptor (Germany),,,,pass-field-pcr_target_locus.json,,,,,,,,,,,,,,,,,,,,,,
3,AIRR Data Commons API,API response for repertoire query,1.3,AIRR Community,https://github.com/airr-community,,/home/ubuntu/ireceptor-monitor/performance_scripts/queries/repertoires/pass-field-age-range.json,2.306736946105957,2023-01-07 02:33:48.134059,2023-01-06 18:33:48.134059-08:00,scireptor,sciReptor (Germany),,,,pass-field-age-range.json,,,,,,,,,,,,,,,,,,,,,,
4,AIRR Data Commons API,API response for repertoire query,1.3,AIRR Community,https://github.com/airr-community,,/home/ubuntu/ireceptor-monitor/performance_scripts/queries/repertoires/pass-query2_repertoire.json,1.137094259262085,2023-01-07 02:33:49.278864,2023-01-06 18:33:49.278864-08:00,scireptor,sciReptor (Germany),,,,pass-query2_repertoire.json,,,,,,,,,,,,,,,,,,,,,,
0,AIRR Data Commons API,API response for repertoire query,1.3,AIRR Community,https://github.com/airr-community,,/home/ubuntu/ireceptor-monitor/performance_scripts/queries/repertoires/pass-all.json,2.173922300338745,2023-01-07 06:33:33.671963,2023-01-06 22:33:33.671963-08:00,scireptor,sciReptor (Germany),,,,pass-all.json,,,,,,,,,,,,,,,,,,,,,,
1,AIRR Data Commons API,API response for repertoire query,1.3,AIRR Community,https://github.com/airr-community,,/home/ubuntu/ireceptor-monitor/performance_scripts/queries/repertoires/pass-field-organism-id.json,1.0160129070281982,2023-01-07 06:33:34.712600,2023-01-06 22:33:34.712600-08:00,scireptor,sciReptor (Germany),,,,pass-field-organism-id.json,,,,,,,,,,,,,,,,,,,,,,
2,AIRR Data Commons API,API response for repertoire query,1.3,AIRR Community,https://github.com/airr-community,,/home/ubuntu/ireceptor-monitor/performance_scripts/queries/repertoires/pass-field-pcr_target_locus.json,2.607804298400879,2023-01-07 06:33:37.342459,2023-01-06 22:33:37.342459-08:00,scireptor,sciReptor (Germany),,,,pass-field-pcr_target_locus.json,,,,,,,,,,,,,,,,,,,,,,
3,AIRR Data Commons API,API response for repertoire query,1.3,AIRR Community,https://github.com/airr-community,,/home/ubuntu/ireceptor-monitor/performance_scripts/queries/repertoires/pass-field-age-range.json,2.192084550857544,2023-01-07 06:33:39.582117,2023-01-06 22:33:39.582117-08:00,scireptor,sciReptor (Germany),,,,pass-field-age-range.json,,,,,,,,,,,,,,,,,,,,,,
4,AIRR Data Commons API,API response for repertoire query,1.3,AIRR Community,https://github.com/airr-community,,/home/ubuntu/ireceptor-monitor/performance_scripts/queries/repertoires/pass-query2_repertoire.json,1.015023946762085,2023-01-07 06:33:40.605273,2023-01-06 22:33:40.605273-08:00,scireptor,sciReptor (Germany),,,,pass-query2_repertoire.json,,,,,,,,,,,,,,,,,,,,,,
0,AIRR Data Commons API,API response for repertoire query,1.3,AIRR Community,https://github.com/airr-community,,/home/ubuntu/ireceptor-monitor/performance_scripts/queries/repertoires/pass-all.json,2.187201738357544,2023-01-07 10:33:31.927873,2023-01-07 02:33:31.927873-08:00,scireptor,sciReptor (Germany),,,,pass-all.json,,,,,,,,,,,,,,,,,,,,,,
1,AIRR Data Commons API,API response for repertoire query,1.3,AIRR Community,https://github.com/airr-community,,/home/ubuntu/ireceptor-monitor/performance_scripts/queries/repertoires/pass-field-organism-id.json,1.1132283210754397,2023-01-07 10:33:33.067752,2023-01-07 02:33:33.067752-08:00,scireptor,sciReptor (Germany),,,,pass-field-organism-id.json,,,,,,,,,,,,,,,,,,,,,,
2,AIRR Data Commons API,API response for repertoire query,1.3,AIRR Community,https://github.com/airr-community,,/home/ubuntu/ireceptor-monitor/performance_scripts/queries/repertoires/pass-field-pcr_target_locus.json,1.7404017448425293,2023-01-07 10:33:34.828844,2023-01-07 02:33:34.828844-08:00,scireptor,sciReptor (Germany),,,,pass-field-pcr_target_locus.json,,,,,,,,,,,,,,,,,,,,,,
3,AIRR Data Commons API,API response for repertoire query,1.3,AIRR Community,https://github.com/airr-community,,/home/ubuntu/ireceptor-monitor/performance_scripts/queries/repertoires/pass-field-age-range.json,2.2536661624908447,2023-01-07 10:33:37.128714,2023-01-07 02:33:37.128714-08:00,scireptor,sciReptor (Germany),,,,pass-field-age-range.json,,,,,,,,,,,,,,,,,,,,,,
4,AIRR Data Commons API,API response for repertoire query,1.3,AIRR Community,https://github.com/airr-community,,/home/ubuntu/ireceptor-monitor/performance_scripts/queries/repertoires/pass-query2_repertoire.json,1.0185708999633791,2023-01-07 10:33:38.153773,2023-01-07 02:33:38.153773-08:00,scireptor,sciReptor (Germany),,,,pass-query2_repertoire.json,,,,,,,,,,,,,,,,,,,,,,
0,AIRR Data Commons API,API response for repertoire query,1.3,AIRR Community,https://github.com/airr-community,,/home/ubuntu/ireceptor-monitor/performance_scripts/queries/repertoires/pass-all.json,2.134560823440552,2023-01-07 14:33:33.940646,2023-01-07 06:33:33.940646-08:00,scireptor,sciReptor (Germany),,,,pass-all.json,,,,,,,,,,,,,,,,,,,,,,
1,AIRR Data Commons API,API response for repertoire query,1.3,AIRR Community,https://github.com/airr-community,,/home/ubuntu/ireceptor-monitor/performance_scripts/queries/repertoires/pass-field-organism-id.json,1.0869383811950684,2023-01-07 14:33:35.051001,2023-01-07 06:33:35.051001-08:00,scireptor,sciReptor (Germany),,,,pass-field-organism-id.json,,,,,,,,,,,,,,,,,,,,,,
2,AIRR Data Commons API,API response for repertoire query,1.3,AIRR Community,https://github.com/airr-community,,/home/ubuntu/ireceptor-monitor/performance_scripts/queries/repertoires/pass-field-pcr_target_locus.json,1.7753036022186282,2023-01-07 14:33:36.847692,2023-01-07 06:33:36.847692-08:00,scireptor,sciReptor (Germany),,,,pass-field-pcr_target_locus.json,,,,,,,,,,,,,,,,,,,,,,
3,AIRR Data Commons API,API response for repertoire query,1.3,AIRR Community,https://github.com/airr-community,,/home/ubuntu/ireceptor-monitor/performance_scripts/queries/repertoires/pass-field-age-range.json,2.5010786056518555,2023-01-07 14:33:39.398576,2023-01-07 06:33:39.398576-08:00,scireptor,sciReptor (Germany),,,,pass-field-age-range.json,,,,,,,,,,,,,,,,,,,,,,
4,AIRR Data Commons API,API response for repertoire query,1.3,AIRR Community,https://github.com/airr-community,,/home/ubuntu/ireceptor-monitor/performance_scripts/queries/repertoires/pass-query2_repertoire.json,1.200483322143555,2023-01-07 14:33:40.608093,2023-01-07 06:33:40.608093-08:00,scireptor,sciReptor (Germany),,,,pass-query2_repertoire.json,,,,,,,,,,,,,,,,,,,,,,
0,AIRR Data Commons API,API response for repertoire query,1.3,AIRR Community,https://github.com/airr-community,,/home/ubuntu/ireceptor-monitor/performance_scripts/queries/repertoires/pass-all.json,2.129300594329834,2023-01-07 18:33:32.621480,2023-01-07 10:33:32.621480-08:00,scireptor,sciReptor (Germany),,,,pass-all.json,,,,,,,,,,,,,,,,,,,,,,
1,AIRR Data Commons API,API response for repertoire query,1.3,AIRR Community,https://github.com/airr-community,,/home/ubuntu/ireceptor-monitor/performance_scripts/queries/repertoires/pass-field-organism-id.json,1.0298264026641846,2023-01-07 18:33:33.676560,2023-01-07 10:33:33.676560-08:00,scireptor,sciReptor (Germany),,,,pass-field-organism-id.json,,,,,,,,,,,,,,,,,,,,,,
2,AIRR Data Commons API,API response for repertoire query,1.3,AIRR Community,https://github.com/airr-community,,/home/ubuntu/ireceptor-monitor/performance_scripts/queries/repertoires/pass-field-pcr_target_locus.json,1.9903128147125244,2023-01-07 18:33:35.689846,2023-01-07 10:33:35.689846-08:00,scireptor,sciReptor (Germany),,,,pass-field-pcr_target_locus.json,,,,,,,,,,,,,,,,,,,,,,
3,AIRR Data Commons API,API response for repertoire query,1.3,AIRR Community,https://github.com/airr-community,,/home/ubuntu/ireceptor-monitor/performance_scripts/queries/repertoires/pass-field-age-range.json,2.244600772857666,2023-01-07 18:33:37.982474,2023-01-07 10:33:37.982474-08:00,scireptor,sciReptor (Germany),,,,pass-field-age-range.json,,,,,,,,,,,,,,,,,,,,,,
4,AIRR Data Commons API,API response for repertoire query,1.3,AIRR Community,https://github.com/airr-community,,/home/ubuntu/ireceptor-monitor/performance_scripts/queries/repertoires/pass-query2_repertoire.json,1.2304718494415283,2023-01-07 18:33:39.221569,2023-01-07 10:33:39.221569-08:00,scireptor,sciReptor (Germany),,,,pass-query2_repertoire.json,,,,,,,,,,,,,,,,,,,,,,
0,AIRR Data Commons API,API response for repertoire query,1.3,AIRR Community,https://github.com/airr-community,,/home/ubuntu/ireceptor-monitor/performance_scripts/queries/repertoires/pass-all.json,2.123016595840454,2023-01-07 22:33:30.779889,2023-01-07 14:33:30.779889-08:00,scireptor,sciReptor (Germany),,,,pass-all.json,,,,,,,,,,,,,,,,,,,,,,
1,AIRR Data Commons API,API response for repertoire query,1.3,AIRR Community,https://github.com/airr-community,,/home/ubuntu/ireceptor-monitor/performance_scripts/queries/repertoires/pass-field-organism-id.json,1.1655731201171875,2023-01-07 22:33:31.970964,2023-01-07 14:33:31.970964-08:00,scireptor,sciReptor (Germany),,,,pass-field-organism-id.json,,,,,,,,,,,,,,,,,,,,,,
2,AIRR Data Commons API,API response for repertoire query,1.3,AIRR Community,https://github.com/airr-community,,/home/ubuntu/ireceptor-monitor/performance_scripts/queries/repertoires/pass-field-pcr_target_locus.json,1.7000682353973389,2023-01-07 22:33:33.693196,2023-01-07 14:33:33.693196-08:00,scireptor,sciReptor (Germany),,,,pass-field-pcr_target_locus.json,,,,,,,,,,,,,,,,,,,,,,
3,AIRR Data Commons API,API response for repertoire query,1.3,AIRR Community,https://github.com/airr-community,,/home/ubuntu/ireceptor-monitor/performance_scripts/queries/repertoires/pass-field-age-range.json,2.229799270629884,2023-01-07 22:33:35.970224,2023-01-07 14:33:35.970224-08:00,scireptor,sciReptor (Germany),,,,pass-field-age-range.json,,,,,,,,,,,,,,,,,,,,,,
4,AIRR Data Commons API,API response for repertoire query,1.3,AIRR Community,https://github.com/airr-community,,/home/ubuntu/ireceptor-monitor/performance_scripts/queries/repertoires/pass-query2_repertoire.json,1.0798268318176272,2023-01-07 22:33:37.056750,2023-01-07 14:33:37.056750-08:00,scireptor,sciReptor (Germany),,,,pass-query2_repertoire.json,,,,,,,,,,,,,,,,,,,,,,
0,AIRR Data Commons API,API response for repertoire query,1.3,AIRR Community,https://github.com/airr-community,,/home/ubuntu/ireceptor-monitor/performance_scripts/queries/repertoires/pass-all.json,2.183704376220703,2023-01-08 02:33:30.801670,2023-01-07 18:33:30.801670-08:00,scireptor,sciReptor (Germany),,,,pass-all.json,,,,,,,,,,,,,,,,,,,,,,
1,AIRR Data Commons API,API response for repertoire query,1.3,AIRR Community,https://github.com/airr-community,,/home/ubuntu/ireceptor-monitor/performance_scripts/queries/repertoires/pass-field-organism-id.json,1.1248033046722412,2023-01-08 02:33:31.951983,2023-01-07 18:33:31.951983-08:00,scireptor,sciReptor (Germany),,,,pass-field-organism-id.json,,,,,,,,,,,,,,,,,,,,,,
2,AIRR Data Commons API,API response for repertoire query,1.3,AIRR Community,https://github.com/airr-community,,/home/ubuntu/ireceptor-monitor/performance_scripts/queries/repertoires/pass-field-pcr_target_locus.json,1.8084566593170168,2023-01-08 02:33:33.783524,2023-01-07 18:33:33.783524-08:00,scireptor,sciReptor (Germany),,,,pass-field-pcr_target_locus.json,,,,,,,,,,,,,,,,,,,,,,
3,AIRR Data Commons API,API response for repertoire query,1.3,AIRR Community,https://github.com/airr-community,,/home/ubuntu/ireceptor-monitor/performance_scripts/queries/repertoires/pass-field-age-range.json,2.1037249565124507,2023-01-08 02:33:35.934637,2023-01-07 18:33:35.934637-08:00,scireptor,sciReptor (Germany),,,,pass-field-age-range.json,,,,,,,,,,,,,,,,,,,,,,
4,AIRR Data Commons API,API response for repertoire query,1.3,AIRR Community,https://github.com/airr-community,,/home/ubuntu/ireceptor-monitor/performance_scripts/queries/repertoires/pass-query2_repertoire.json,1.0919828414916992,2023-01-08 02:33:37.034159,2023-01-07 18:33:37.034159-08:00,scireptor,sciReptor (Germany),,,,pass-query2_repertoire.json,,,,,,,,,,,,,,,,,,,,,,
0,AIRR Data Commons API,API response for repertoire query,1.3,AIRR Community,https://github.com/airr-community,,/home/ubuntu/ireceptor-monitor/performance_scripts/queries/repertoires/pass-all.json,2.09246039390564,2023-01-08 06:33:16.079856,2023-01-07 22:33:16.079856-08:00,scireptor,sciReptor (Germany),,,,pass-all.json,,,,,,,,,,,,,,,,,,,,,,
1,AIRR Data Commons API,API response for repertoire query,1.3,AIRR Community,https://github.com/airr-community,,/home/ubuntu/ireceptor-monitor/performance_scripts/queries/repertoires/pass-field-organism-id.json,1.118340253829956,2023-01-08 06:33:17.221713,2023-01-07 22:33:17.221713-08:00,scireptor,sciReptor (Germany),,,,pass-field-organism-id.json,,,,,,,,,,,,,,,,,,,,,,
2,AIRR Data Commons API,API response for repertoire query,1.3,AIRR Community,https://github.com/airr-community,,/home/ubuntu/ireceptor-monitor/performance_scripts/queries/repertoires/pass-field-pcr_target_locus.json,1.640881061553955,2023-01-08 06:33:18.882334,2023-01-07 22:33:18.882334-08:00,scireptor,sciReptor (Germany),,,,pass-field-pcr_target_locus.json,,,,,,,,,,,,,,,,,,,,,,
3,AIRR Data Commons API,API response for repertoire query,1.3,AIRR Community,https://github.com/airr-community,,/home/ubuntu/ireceptor-monitor/performance_scripts/queries/repertoires/pass-field-age-range.json,2.1307194232940674,2023-01-08 06:33:21.060504,2023-01-07 22:33:21.060504-08:00,scireptor,sciReptor (Germany),,,,pass-field-age-range.json,,,,,,,,,,,,,,,,,,,,,,
4,AIRR Data Commons API,API response for repertoire query,1.3,AIRR Community,https://github.com/airr-community,,/home/ubuntu/ireceptor-monitor/performance_scripts/queries/repertoires/pass-query2_repertoire.json,1.1635286808013916,2023-01-08 06:33:22.232771,2023-01-07 22:33:22.232771-08:00,scireptor,sciReptor (Germany),,,,pass-query2_repertoire.json,,,,,,,,,,,,,,,,,,,,,,
0,AIRR Data Commons API,API response for repertoire query,1.3,AIRR Community,https://github.com/airr-community,,/home/ubuntu/ireceptor-monitor/performance_scripts/queries/repertoires/pass-all.json,2.205796718597412,2023-01-08 10:33:40.023663,2023-01-08 02:33:40.023663-08:00,scireptor,sciReptor (Germany),,,,pass-all.json,,,,,,,,,,,,,,,,,,,,,,
1,AIRR Data Commons API,API response for repertoire query,1.3,AIRR Community,https://github.com/airr-community,,/home/ubuntu/ireceptor-monitor/performance_scripts/queries/repertoires/pass-field-organism-id.json,1.0871117115020752,2023-01-08 10:33:41.136137,2023-01-08 02:33:41.136137-08:00,scireptor,sciReptor (Germany),,,,pass-field-organism-id.json,,,,,,,,,,,,,,,,,,,,,,
2,AIRR Data Commons API,API response for repertoire query,1.3,AIRR Community,https://github.com/airr-community,,/home/ubuntu/ireceptor-monitor/performance_scripts/queries/repertoires/pass-field-pcr_target_locus.json,1.8649482727050781,2023-01-08 10:33:43.022975,2023-01-08 02:33:43.022975-08:00,scireptor,sciReptor (Germany),,,,pass-field-pcr_target_locus.json,,,,,,,,,,,,,,,,,,,,,,
3,AIRR Data Commons API,API response for repertoire query,1.3,AIRR Community,https://github.com/airr-community,,/home/ubuntu/ireceptor-monitor/performance_scripts/queries/repertoires/pass-field-age-range.json,3.807366609573364,2023-01-08 10:33:46.879334,2023-01-08 02:33:46.879334-08:00,scireptor,sciReptor (Germany),,,,pass-field-age-range.json,,,,,,,,,,,,,,,,,,,,,,
4,AIRR Data Commons API,API response for repertoire query,1.3,AIRR Community,https://github.com/airr-community,,/home/ubuntu/ireceptor-monitor/performance_scripts/queries/repertoires/pass-query2_repertoire.json,1.1623549461364746,2023-01-08 10:33:48.050649,2023-01-08 02:33:48.050649-08:00,scireptor,sciReptor (Germany),,,,pass-query2_repertoire.json,,,,,,,,,,,,,,,,,,,,,,
0,AIRR Data Commons API,API response for repertoire query,1.3,AIRR Community,https://github.com/airr-community,,/home/ubuntu/ireceptor-monitor/performance_scripts/queries/repertoires/pass-all.json,2.1936182975769043,2023-01-08 14:33:57.051686,2023-01-08 06:33:57.051686-08:00,scireptor,sciReptor (Germany),,,,pass-all.json,,,,,,,,,,,,,,,,,,,,,,
1,AIRR Data Commons API,API response for repertoire query,1.3,AIRR Community,https://github.com/airr-community,,/home/ubuntu/ireceptor-monitor/performance_scripts/queries/repertoires/pass-field-organism-id.json,1.1100060939788818,2023-01-08 14:33:58.185029,2023-01-08 06:33:58.185029-08:00,scireptor,sciReptor (Germany),,,,pass-field-organism-id.json,,,,,,,,,,,,,,,,,,,,,,
2,AIRR Data Commons API,API response for repertoire query,1.3,AIRR Community,https://github.com/airr-community,,/home/ubuntu/ireceptor-monitor/performance_scripts/queries/repertoires/pass-field-pcr_target_locus.json,1.9738721847534184,2023-01-08 14:34:00.180955,2023-01-08 06:34:00.180955-08:00,scireptor,sciReptor (Germany),,,,pass-field-pcr_target_locus.json,,,,,,,,,,,,,,,,,,,,,,
3,AIRR Data Commons API,API response for repertoire query,1.3,AIRR Community,https://github.com/airr-community,,/home/ubuntu/ireceptor-monitor/performance_scripts/queries/repertoires/pass-field-age-range.json,2.2917921543121342,2023-01-08 14:34:02.522816,2023-01-08 06:34:02.522816-08:00,scireptor,sciReptor (Germany),,,,pass-field-age-range.json,,,,,,,,,,,,,,,,,,,,,,
4,AIRR Data Commons API,API response for repertoire query,1.3,AIRR Community,https://github.com/airr-community,,/home/ubuntu/ireceptor-monitor/performance_scripts/queries/repertoires/pass-query2_repertoire.json,1.1223793029785156,2023-01-08 14:34:03.653153,2023-01-08 06:34:03.653153-08:00,scireptor,sciReptor (Germany),,,,pass-query2_repertoire.json,,,,,,,,,,,,,,,,,,,,,,
0,AIRR Data Commons API,API response for repertoire query,1.3,AIRR Community,https://github.com/airr-community,,/home/ubuntu/ireceptor-monitor/performance_scripts/queries/repertoires/pass-all.json,2.253695011138916,2023-01-08 18:33:33.408628,2023-01-08 10:33:33.408628-08:00,scireptor,sciReptor (Germany),,,,pass-all.json,,,,,,,,,,,,,,,,,,,,,,
1,AIRR Data Commons API,API response for repertoire query,1.3,AIRR Community,https://github.com/airr-community,,/home/ubuntu/ireceptor-monitor/performance_scripts/queries/repertoires/pass-field-organism-id.json,1.2650463581085205,2023-01-08 18:33:34.698131,2023-01-08 10:33:34.698131-08:00,scireptor,sciReptor (Germany),,,,pass-field-organism-id.json,,,,,,,,,,,,,,,,,,,,,,
2,AIRR Data Commons API,API response for repertoire query,1.3,AIRR Community,https://github.com/airr-community,,/home/ubuntu/ireceptor-monitor/performance_scripts/queries/repertoires/pass-field-pcr_target_locus.json,1.822868585586548,2023-01-08 18:33:36.542437,2023-01-08 10:33:36.542437-08:00,scireptor,sciReptor (Germany),,,,pass-field-pcr_target_locus.json,,,,,,,,,,,,,,,,,,,,,,
3,AIRR Data Commons API,API response for repertoire query,1.3,AIRR Community,https://github.com/airr-community,,/home/ubuntu/ireceptor-monitor/performance_scripts/queries/repertoires/pass-field-age-range.json,3.075882196426392,2023-01-08 18:33:39.669558,2023-01-08 10:33:39.669558-08:00,scireptor,sciReptor (Germany),,,,pass-field-age-range.json,,,,,,,,,,,,,,,,,,,,,,
4,AIRR Data Commons API,API response for repertoire query,1.3,AIRR Community,https://github.com/airr-community,,/home/ubuntu/ireceptor-monitor/performance_scripts/queries/repertoires/pass-query2_repertoire.json,1.4898438453674316,2023-01-08 18:33:41.167770,2023-01-08 10:33:41.167770-08:00,scireptor,sciReptor (Germany),,,,pass-query2_repertoire.json,,,,,,,,,,,,,,,,,,,,,,
0,AIRR Data Commons API,API response for repertoire query,1.3,AIRR Community,https://github.com/airr-community,,/home/ubuntu/ireceptor-monitor/performance_scripts/queries/repertoires/pass-all.json,2.226681470870972,2023-01-08 22:34:02.994941,2023-01-08 14:34:02.994941-08:00,scireptor,sciReptor (Germany),,,,pass-all.json,,,,,,,,,,,,,,,,,,,,,,
1,AIRR Data Commons API,API response for repertoire query,1.3,AIRR Community,https://github.com/airr-community,,/home/ubuntu/ireceptor-monitor/performance_scripts/queries/repertoires/pass-field-organism-id.json,1.1562073230743408,2023-01-08 22:34:04.175317,2023-01-08 14:34:04.175317-08:00,scireptor,sciReptor (Germany),,,,pass-field-organism-id.json,,,,,,,,,,,,,,,,,,,,,,
2,AIRR Data Commons API,API response for repertoire query,1.3,AIRR Community,https://github.com/airr-community,,/home/ubuntu/ireceptor-monitor/performance_scripts/queries/repertoires/pass-field-pcr_target_locus.json,2.9543333053588867,2023-01-08 22:34:07.151331,2023-01-08 14:34:07.151331-08:00,scireptor,sciReptor (Germany),,,,pass-field-pcr_target_locus.json,,,,,,,,,,,,,,,,,,,,,,
3,AIRR Data Commons API,API response for repertoire query,1.3,AIRR Community,https://github.com/airr-community,,/home/ubuntu/ireceptor-monitor/performance_scripts/queries/repertoires/pass-field-age-range.json,2.252780199050904,2023-01-08 22:34:09.452008,2023-01-08 14:34:09.452008-08:00,scireptor,sciReptor (Germany),,,,pass-field-age-range.json,,,,,,,,,,,,,,,,,,,,,,
4,AIRR Data Commons API,API response for repertoire query,1.3,AIRR Community,https://github.com/airr-community,,/home/ubuntu/ireceptor-monitor/performance_scripts/queries/repertoires/pass-query2_repertoire.json,1.1191086769104004,2023-01-08 22:34:10.579418,2023-01-08 14:34:10.579418-08:00,scireptor,sciReptor (Germany),,,,pass-query2_repertoire.json,,,,,,,,,,,,,,,,,,,,,,
0,AIRR Data Commons API,API response for repertoire query,1.3,AIRR Community,https://github.com/airr-community,,/home/ubuntu/ireceptor-monitor/performance_scripts/queries/repertoires/pass-all.json,2.1728219985961914,2023-01-09 02:33:45.096088,2023-01-08 18:33:45.096088-08:00,scireptor,sciReptor (Germany),,,,pass-all.json,,,,,,,,,,,,,,,,,,,,,,
1,AIRR Data Commons API,API response for repertoire query,1.3,AIRR Community,https://github.com/airr-community,,/home/ubuntu/ireceptor-monitor/performance_scripts/queries/repertoires/pass-field-organism-id.json,1.1870064735412598,2023-01-09 02:33:46.307091,2023-01-08 18:33:46.307091-08:00,scireptor,sciReptor (Germany),,,,pass-field-organism-id.json,,,,,,,,,,,,,,,,,,,,,,
2,AIRR Data Commons API,API response for repertoire query,1.3,AIRR Community,https://github.com/airr-community,,/home/ubuntu/ireceptor-monitor/performance_scripts/queries/repertoires/pass-field-pcr_target_locus.json,1.9672942161560056,2023-01-09 02:33:48.296304,2023-01-08 18:33:48.296304-08:00,scireptor,sciReptor (Germany),,,,pass-field-pcr_target_locus.json,,,,,,,,,,,,,,,,,,,,,,
3,AIRR Data Commons API,API response for repertoire query,1.3,AIRR Community,https://github.com/airr-community,,/home/ubuntu/ireceptor-monitor/performance_scripts/queries/repertoires/pass-field-age-range.json,2.2837281227111816,2023-01-09 02:33:50.628978,2023-01-08 18:33:50.628978-08:00,scireptor,sciReptor (Germany),,,,pass-field-age-range.json,,,,,,,,,,,,,,,,,,,,,,
4,AIRR Data Commons API,API response for repertoire query,1.3,AIRR Community,https://github.com/airr-community,,/home/ubuntu/ireceptor-monitor/performance_scripts/queries/repertoires/pass-query2_repertoire.json,1.1767282485961914,2023-01-09 02:33:51.814120,2023-01-08 18:33:51.814120-08:00,scireptor,sciReptor (Germany),,,,pass-query2_repertoire.json,,,,,,,,,,,,,,,,,,,,,,
0,AIRR Data Commons API,API response for repertoire query,1.3,AIRR Community,https://github.com/airr-community,,/home/ubuntu/ireceptor-monitor/performance_scripts/queries/repertoires/pass-all.json,2.2540202140808105,2023-01-09 06:33:51.685480,2023-01-08 22:33:51.685480-08:00,scireptor,sciReptor (Germany),,,,pass-all.json,,,,,,,,,,,,,,,,,,,,,,
1,AIRR Data Commons API,API response for repertoire query,1.3,AIRR Community,https://github.com/airr-community,,/home/ubuntu/ireceptor-monitor/performance_scripts/queries/repertoires/pass-field-organism-id.json,1.1301884651184082,2023-01-09 06:33:52.839805,2023-01-08 22:33:52.839805-08:00,scireptor,sciReptor (Germany),,,,pass-field-organism-id.json,,,,,,,,,,,,,,,,,,,,,,
2,AIRR Data Commons API,API response for repertoire query,1.3,AIRR Community,https://github.com/airr-community,,/home/ubuntu/ireceptor-monitor/performance_scripts/queries/repertoires/pass-field-pcr_target_locus.json,2.03767991065979,2023-01-09 06:33:54.899624,2023-01-08 22:33:54.899624-08:00,scireptor,sciReptor (Germany),,,,pass-field-pcr_target_locus.json,,,,,,,,,,,,,,,,,,,,,,
3,AIRR Data Commons API,API response for repertoire query,1.3,AIRR Community,https://github.com/airr-community,,/home/ubuntu/ireceptor-monitor/performance_scripts/queries/repertoires/pass-field-age-range.json,2.211721658706665,2023-01-09 06:33:57.161954,2023-01-08 22:33:57.161954-08:00,scireptor,sciReptor (Germany),,,,pass-field-age-range.json,,,,,,,,,,,,,,,,,,,,,,
4,AIRR Data Commons API,API response for repertoire query,1.3,AIRR Community,https://github.com/airr-community,,/home/ubuntu/ireceptor-monitor/performance_scripts/queries/repertoires/pass-query2_repertoire.json,1.2404494285583496,2023-01-09 06:33:58.410827,2023-01-08 22:33:58.410827-08:00,scireptor,sciReptor (Germany),,,,pass-query2_repertoire.json,,,,,,,,,,,,,,,,,,,,,,
0,AIRR Data Commons API,API response for repertoire query,1.3,AIRR Community,https://github.com/airr-community,,/home/ubuntu/ireceptor-monitor/performance_scripts/queries/repertoires/pass-all.json,2.215240716934204,2023-01-09 10:34:04.102778,2023-01-09 02:34:04.102778-08:00,scireptor,sciReptor (Germany),,,,pass-all.json,,,,,,,,,,,,,,,,,,,,,,
1,AIRR Data Commons API,API response for repertoire query,1.3,AIRR Community,https://github.com/airr-community,,/home/ubuntu/ireceptor-monitor/performance_scripts/queries/repertoires/pass-field-organism-id.json,1.2813429832458496,2023-01-09 10:34:05.409516,2023-01-09 02:34:05.409516-08:00,scireptor,sciReptor (Germany),,,,pass-field-organism-id.json,,,,,,,,,,,,,,,,,,,,,,
2,AIRR Data Commons API,API response for repertoire query,1.3,AIRR Community,https://github.com/airr-community,,/home/ubuntu/ireceptor-monitor/performance_scripts/queries/repertoires/pass-field-pcr_target_locus.json,1.9120240211486816,2023-01-09 10:34:07.344040,2023-01-09 02:34:07.344040-08:00,scireptor,sciReptor (Germany),,,,pass-field-pcr_target_locus.json,,,,,,,,,,,,,,,,,,,,,,
3,AIRR Data Commons API,API response for repertoire query,1.3,AIRR Community,https://github.com/airr-community,,/home/ubuntu/ireceptor-monitor/performance_scripts/queries/repertoires/pass-field-age-range.json,2.1712467670440674,2023-01-09 10:34:09.567000,2023-01-09 02:34:09.567000-08:00,scireptor,sciReptor (Germany),,,,pass-field-age-range.json,,,,,,,,,,,,,,,,,,,,,,
4,AIRR Data Commons API,API response for repertoire query,1.3,AIRR Community,https://github.com/airr-community,,/home/ubuntu/ireceptor-monitor/performance_scripts/queries/repertoires/pass-query2_repertoire.json,1.1855950355529783,2023-01-09 10:34:10.761178,2023-01-09 02:34:10.761178-08:00,scireptor,sciReptor (Germany),,,,pass-query2_repertoire.json,,,,,,,,,,,,,,,,,,,,,,
0,AIRR Data Commons API,API response for repertoire query,1.3,AIRR Community,https://github.com/airr-community,,/home/ubuntu/ireceptor-monitor/performance_scripts/queries/repertoires/pass-all.json,2.317936420440674,2023-01-09 14:33:57.022262,2023-01-09 06:33:57.022262-08:00,scireptor,sciReptor (Germany),,,,pass-all.json,,,,,,,,,,,,,,,,,,,,,,
1,AIRR Data Commons API,API response for repertoire query,1.3,AIRR Community,https://github.com/airr-community,,/home/ubuntu/ireceptor-monitor/performance_scripts/queries/repertoires/pass-field-organism-id.json,1.157557487487793,2023-01-09 14:33:58.205044,2023-01-09 06:33:58.205044-08:00,scireptor,sciReptor (Germany),,,,pass-field-organism-id.json,,,,,,,,,,,,,,,,,,,,,,
2,AIRR Data Commons API,API response for repertoire query,1.3,AIRR Community,https://github.com/airr-community,,/home/ubuntu/ireceptor-monitor/performance_scripts/queries/repertoires/pass-field-pcr_target_locus.json,1.7924656867980957,2023-01-09 14:34:00.019598,2023-01-09 06:34:00.019598-08:00,scireptor,sciReptor (Germany),,,,pass-field-pcr_target_locus.json,,,,,,,,,,,,,,,,,,,,,,
3,AIRR Data Commons API,API response for repertoire query,1.3,AIRR Community,https://github.com/airr-community,,/home/ubuntu/ireceptor-monitor/performance_scripts/queries/repertoires/pass-field-age-range.json,2.250082015991211,2023-01-09 14:34:02.317847,2023-01-09 06:34:02.317847-08:00,scireptor,sciReptor (Germany),,,,pass-field-age-range.json,,,,,,,,,,,,,,,,,,,,,,
4,AIRR Data Commons API,API response for repertoire query,1.3,AIRR Community,https://github.com/airr-community,,/home/ubuntu/ireceptor-monitor/performance_scripts/queries/repertoires/pass-query2_repertoire.json,1.1333577632904053,2023-01-09 14:34:03.459960,2023-01-09 06:34:03.459960-08:00,scireptor,sciReptor (Germany),,,,pass-query2_repertoire.json,,,,,,,,,,,,,,,,,,,,,,
0,AIRR Data Commons API,API response for repertoire query,1.3,AIRR Community,https://github.com/airr-community,,/home/ubuntu/ireceptor-monitor/performance_scripts/queries/repertoires/pass-all.json,2.6668853759765625,2023-01-09 18:34:17.713022,2023-01-09 10:34:17.713022-08:00,scireptor,sciReptor (Germany),,,,pass-all.json,,,,,,,,,,,,,,,,,,,,,,
1,AIRR Data Commons API,API response for repertoire query,1.3,AIRR Community,https://github.com/airr-community,,/home/ubuntu/ireceptor-monitor/performance_scripts/queries/repertoires/pass-field-organism-id.json,1.2353739738464355,2023-01-09 18:34:18.973112,2023-01-09 10:34:18.973112-08:00,scireptor,sciReptor (Germany),,,,pass-field-organism-id.json,,,,,,,,,,,,,,,,,,,,,,
2,AIRR Data Commons API,API response for repertoire query,1.3,AIRR Community,https://github.com/airr-community,,/home/ubuntu/ireceptor-monitor/performance_scripts/queries/repertoires/pass-field-pcr_target_locus.json,1.8856110572814941,2023-01-09 18:34:20.881547,2023-01-09 10:34:20.881547-08:00,scireptor,sciReptor (Germany),,,,pass-field-pcr_target_locus.json,,,,,,,,,,,,,,,,,,,,,,
3,AIRR Data Commons API,API response for repertoire query,1.3,AIRR Community,https://github.com/airr-community,,/home/ubuntu/ireceptor-monitor/performance_scripts/queries/repertoires/pass-field-age-range.json,2.2759385108947754,2023-01-09 18:34:23.205976,2023-01-09 10:34:23.205976-08:00,scireptor,sciReptor (Germany),,,,pass-field-age-range.json,,,,,,,,,,,,,,,,,,,,,,
4,AIRR Data Commons API,API response for repertoire query,1.3,AIRR Community,https://github.com/airr-community,,/home/ubuntu/ireceptor-monitor/performance_scripts/queries/repertoires/pass-query2_repertoire.json,1.163179636001587,2023-01-09 18:34:24.376007,2023-01-09 10:34:24.376007-08:00,scireptor,sciReptor (Germany),,,,pass-query2_repertoire.json,,,,,,,,,,,,,,,,,,,,,,
0,AIRR Data Commons API,API response for repertoire query,1.3,AIRR Community,https://github.com/airr-community,,/home/ubuntu/ireceptor-monitor/performance_scripts/queries/repertoires/pass-all.json,2.2429986000061035,2023-01-09 22:33:34.861487,2023-01-09 14:33:34.861487-08:00,scireptor,sciReptor (Germany),,,,pass-all.json,,,,,,,,,,,,,,,,,,,,,,
1,AIRR Data Commons API,API response for repertoire query,1.3,AIRR Community,https://github.com/airr-community,,/home/ubuntu/ireceptor-monitor/performance_scripts/queries/repertoires/pass-field-organism-id.json,1.2005584239959717,2023-01-09 22:33:36.086861,2023-01-09 14:33:36.086861-08:00,scireptor,sciReptor (Germany),,,,pass-field-organism-id.json,,,,,,,,,,,,,,,,,,,,,,
2,AIRR Data Commons API,API response for repertoire query,1.3,AIRR Community,https://github.com/airr-community,,/home/ubuntu/ireceptor-monitor/performance_scripts/queries/repertoires/pass-field-pcr_target_locus.json,1.8274474143981927,2023-01-09 22:33:37.936282,2023-01-09 14:33:37.936282-08:00,scireptor,sciReptor (Germany),,,,pass-field-pcr_target_locus.json,,,,,,,,,,,,,,,,,,,,,,
3,AIRR Data Commons API,API response for repertoire query,1.3,AIRR Community,https://github.com/airr-community,,/home/ubuntu/ireceptor-monitor/performance_scripts/queries/repertoires/pass-field-age-range.json,2.1872718334198002,2023-01-09 22:33:40.172485,2023-01-09 14:33:40.172485-08:00,scireptor,sciReptor (Germany),,,,pass-field-age-range.json,,,,,,,,,,,,,,,,,,,,,,
4,AIRR Data Commons API,API response for repertoire query,1.3,AIRR Community,https://github.com/airr-community,,/home/ubuntu/ireceptor-monitor/performance_scripts/queries/repertoires/pass-query2_repertoire.json,1.0677168369293213,2023-01-09 22:33:41.248549,2023-01-09 14:33:41.248549-08:00,scireptor,sciReptor (Germany),,,,pass-query2_repertoire.json,,,,,,,,,,,,,,,,,,,,,,
0,AIRR Data Commons API,API response for repertoire query,1.3,AIRR Community,https://github.com/airr-community,,/home/ubuntu/ireceptor-monitor/performance_scripts/queries/repertoires/pass-all.json,2.2224161624908447,2023-01-10 02:33:32.680687,2023-01-09 18:33:32.680687-08:00,scireptor,sciReptor (Germany),,,,pass-all.json,,,,,,,,,,,,,,,,,,,,,,
1,AIRR Data Commons API,API response for repertoire query,1.3,AIRR Community,https://github.com/airr-community,,/home/ubuntu/ireceptor-monitor/performance_scripts/queries/repertoires/pass-field-organism-id.json,1.1872661113739014,2023-01-10 02:33:33.891980,2023-01-09 18:33:33.891980-08:00,scireptor,sciReptor (Germany),,,,pass-field-organism-id.json,,,,,,,,,,,,,,,,,,,,,,
2,AIRR Data Commons API,API response for repertoire query,1.3,AIRR Community,https://github.com/airr-community,,/home/ubuntu/ireceptor-monitor/performance_scripts/queries/repertoires/pass-field-pcr_target_locus.json,1.8754465579986568,2023-01-10 02:33:35.790187,2023-01-09 18:33:35.790187-08:00,scireptor,sciReptor (Germany),,,,pass-field-pcr_target_locus.json,,,,,,,,,,,,,,,,,,,,,,
3,AIRR Data Commons API,API response for repertoire query,1.3,AIRR Community,https://github.com/airr-community,,/home/ubuntu/ireceptor-monitor/performance_scripts/queries/repertoires/pass-field-age-range.json,2.157480001449585,2023-01-10 02:33:37.996852,2023-01-09 18:33:37.996852-08:00,scireptor,sciReptor (Germany),,,,pass-field-age-range.json,,,,,,,,,,,,,,,,,,,,,,
4,AIRR Data Commons API,API response for repertoire query,1.3,AIRR Community,https://github.com/airr-community,,/home/ubuntu/ireceptor-monitor/performance_scripts/queries/repertoires/pass-query2_repertoire.json,1.1185622215270996,2023-01-10 02:33:39.124236,2023-01-09 18:33:39.124236-08:00,scireptor,sciReptor (Germany),,,,pass-query2_repertoire.json,,,,,,,,,,,,,,,,,,,,,,
0,AIRR Data Commons API,API response for repertoire query,1.3,AIRR Community,https://github.com/airr-community,,/home/ubuntu/ireceptor-monitor/performance_scripts/queries/repertoires/pass-all.json,2.3028714656829834,2023-01-10 06:34:16.036984,2023-01-09 22:34:16.036984-08:00,scireptor,sciReptor (Germany),,,,pass-all.json,,,,,,,,,,,,,,,,,,,,,,
1,AIRR Data Commons API,API response for repertoire query,1.3,AIRR Community,https://github.com/airr-community,,/home/ubuntu/ireceptor-monitor/performance_scripts/queries/repertoires/pass-field-organism-id.json,1.2850117683410645,2023-01-10 06:34:17.345519,2023-01-09 22:34:17.345519-08:00,scireptor,sciReptor (Germany),,,,pass-field-organism-id.json,,,,,,,,,,,,,,,,,,,,,,
2,AIRR Data Commons API,API response for repertoire query,1.3,AIRR Community,https://github.com/airr-community,,/home/ubuntu/ireceptor-monitor/performance_scripts/queries/repertoires/pass-field-pcr_target_locus.json,1.964593410491944,2023-01-10 06:34:19.332015,2023-01-09 22:34:19.332015-08:00,scireptor,sciReptor (Germany),,,,pass-field-pcr_target_locus.json,,,,,,,,,,,,,,,,,,,,,,
3,AIRR Data Commons API,API response for repertoire query,1.3,AIRR Community,https://github.com/airr-community,,/home/ubuntu/ireceptor-monitor/performance_scripts/queries/repertoires/pass-field-age-range.json,2.3184053897857666,2023-01-10 06:34:21.698748,2023-01-09 22:34:21.698748-08:00,scireptor,sciReptor (Germany),,,,pass-field-age-range.json,,,,,,,,,,,,,,,,,,,,,,
4,AIRR Data Commons API,API response for repertoire query,1.3,AIRR Community,https://github.com/airr-community,,/home/ubuntu/ireceptor-monitor/performance_scripts/queries/repertoires/pass-query2_repertoire.json,1.1450073719024658,2023-01-10 06:34:22.852105,2023-01-09 22:34:22.852105-08:00,scireptor,sciReptor (Germany),,,,pass-query2_repertoire.json,,,,,,,,,,,,,,,,,,,,,,
0,AIRR Data Commons API,API response for repertoire query,1.3,AIRR Community,https://github.com/airr-community,,/home/ubuntu/ireceptor-monitor/performance_scripts/queries/repertoires/pass-all.json,3.322360277175904,2023-01-10 10:34:23.435085,2023-01-10 02:34:23.435085-08:00,scireptor,sciReptor (Germany),,,,pass-all.json,,,,,,,,,,,,,,,,,,,,,,
1,AIRR Data Commons API,API response for repertoire query,1.3,AIRR Community,https://github.com/airr-community,,/home/ubuntu/ireceptor-monitor/performance_scripts/queries/repertoires/pass-field-organism-id.json,1.1795625686645508,2023-01-10 10:34:24.641952,2023-01-10 02:34:24.641952-08:00,scireptor,sciReptor (Germany),,,,pass-field-organism-id.json,,,,,,,,,,,,,,,,,,,,,,
2,AIRR Data Commons API,API response for repertoire query,1.3,AIRR Community,https://github.com/airr-community,,/home/ubuntu/ireceptor-monitor/performance_scripts/queries/repertoires/pass-field-pcr_target_locus.json,2.134249210357666,2023-01-10 10:34:26.798385,2023-01-10 02:34:26.798385-08:00,scireptor,sciReptor (Germany),,,,pass-field-pcr_target_locus.json,,,,,,,,,,,,,,,,,,,,,,
3,AIRR Data Commons API,API response for repertoire query,1.3,AIRR Community,https://github.com/airr-community,,/home/ubuntu/ireceptor-monitor/performance_scripts/queries/repertoires/pass-field-age-range.json,2.218179941177368,2023-01-10 10:34:29.066235,2023-01-10 02:34:29.066235-08:00,scireptor,sciReptor (Germany),,,,pass-field-age-range.json,,,,,,,,,,,,,,,,,,,,,,
4,AIRR Data Commons API,API response for repertoire query,1.3,AIRR Community,https://github.com/airr-community,,/home/ubuntu/ireceptor-monitor/performance_scripts/queries/repertoires/pass-query2_repertoire.json,1.1864628791809082,2023-01-10 10:34:30.261263,2023-01-10 02:34:30.261263-08:00,scireptor,sciReptor (Germany),,,,pass-query2_repertoire.json,,,,,,,,,,,,,,,,,,,,,,
0,AIRR Data Commons API,API response for repertoire query,1.3,AIRR Community,https://github.com/airr-community,,/home/ubuntu/ireceptor-monitor/performance_scripts/queries/repertoires/pass-all.json,2.4190237522125244,2023-01-10 14:33:58.500212,2023-01-10 06:33:58.500212-08:00,scireptor,sciReptor (Germany),,,,pass-all.json,,,,,,,,,,,,,,,,,,,,,,
1,AIRR Data Commons API,API response for repertoire query,1.3,AIRR Community,https://github.com/airr-community,,/home/ubuntu/ireceptor-monitor/performance_scripts/queries/repertoires/pass-field-organism-id.json,1.1787850856781006,2023-01-10 14:33:59.703703,2023-01-10 06:33:59.703703-08:00,scireptor,sciReptor (Germany),,,,pass-field-organism-id.json,,,,,,,,,,,,,,,,,,,,,,
2,AIRR Data Commons API,API response for repertoire query,1.3,AIRR Community,https://github.com/airr-community,,/home/ubuntu/ireceptor-monitor/performance_scripts/queries/repertoires/pass-field-pcr_target_locus.json,1.9800529479980469,2023-01-10 14:34:01.704648,2023-01-10 06:34:01.704648-08:00,scireptor,sciReptor (Germany),,,,pass-field-pcr_target_locus.json,,,,,,,,,,,,,,,,,,,,,,
3,AIRR Data Commons API,API response for repertoire query,1.3,AIRR Community,https://github.com/airr-community,,/home/ubuntu/ireceptor-monitor/performance_scripts/queries/repertoires/pass-field-age-range.json,2.177682638168335,2023-01-10 14:34:03.929319,2023-01-10 06:34:03.929319-08:00,scireptor,sciReptor (Germany),,,,pass-field-age-range.json,,,,,,,,,,,,,,,,,,,,,,
4,AIRR Data Commons API,API response for repertoire query,1.3,AIRR Community,https://github.com/airr-community,,/home/ubuntu/ireceptor-monitor/performance_scripts/queries/repertoires/pass-query2_repertoire.json,1.221247911453247,2023-01-10 14:34:05.158558,2023-01-10 06:34:05.158558-08:00,scireptor,sciReptor (Germany),,,,pass-query2_repertoire.json,,,,,,,,,,,,,,,,,,,,,,
0,AIRR Data Commons API,API response for repertoire query,1.3,AIRR Community,https://github.com/airr-community,,/home/ubuntu/ireceptor-monitor/performance_scripts/queries/repertoires/pass-all.json,2.199614286422729,2023-01-10 18:33:44.089677,2023-01-10 10:33:44.089677-08:00,scireptor,sciReptor (Germany),,,,pass-all.json,,,,,,,,,,,,,,,,,,,,,,
1,AIRR Data Commons API,API response for repertoire query,1.3,AIRR Community,https://github.com/airr-community,,/home/ubuntu/ireceptor-monitor/performance_scripts/queries/repertoires/pass-field-organism-id.json,1.163642406463623,2023-01-10 18:33:45.277863,2023-01-10 10:33:45.277863-08:00,scireptor,sciReptor (Germany),,,,pass-field-organism-id.json,,,,,,,,,,,,,,,,,,,,,,
2,AIRR Data Commons API,API response for repertoire query,1.3,AIRR Community,https://github.com/airr-community,,/home/ubuntu/ireceptor-monitor/performance_scripts/queries/repertoires/pass-field-pcr_target_locus.json,1.838280200958252,2023-01-10 18:33:47.137870,2023-01-10 10:33:47.137870-08:00,scireptor,sciReptor (Germany),,,,pass-field-pcr_target_locus.json,,,,,,,,,,,,,,,,,,,,,,
3,AIRR Data Commons API,API response for repertoire query,1.3,AIRR Community,https://github.com/airr-community,,/home/ubuntu/ireceptor-monitor/performance_scripts/queries/repertoires/pass-field-age-range.json,2.1644978523254395,2023-01-10 18:33:49.352155,2023-01-10 10:33:49.352155-08:00,scireptor,sciReptor (Germany),,,,pass-field-age-range.json,,,,,,,,,,,,,,,,,,,,,,
4,AIRR Data Commons API,API response for repertoire query,1.3,AIRR Community,https://github.com/airr-community,,/home/ubuntu/ireceptor-monitor/performance_scripts/queries/repertoires/pass-query2_repertoire.json,1.1439931392669678,2023-01-10 18:33:50.503845,2023-01-10 10:33:50.503845-08:00,scireptor,sciReptor (Germany),,,,pass-query2_repertoire.json,,,,,,,,,,,,,,,,,,,,,,
0,AIRR Data Commons API,API response for repertoire query,1.3,AIRR Community,https://github.com/airr-community,,/home/ubuntu/ireceptor-monitor/performance_scripts/queries/repertoires/pass-all.json,2.3345205783843994,2023-01-10 22:33:48.239765,2023-01-10 14:33:48.239765-08:00,scireptor,sciReptor (Germany),,,,pass-all.json,,,,,,,,,,,,,,,,,,,,,,
1,AIRR Data Commons API,API response for repertoire query,1.3,AIRR Community,https://github.com/airr-community,,/home/ubuntu/ireceptor-monitor/performance_scripts/queries/repertoires/pass-field-organism-id.json,1.117825269699097,2023-01-10 22:33:49.383431,2023-01-10 14:33:49.383431-08:00,scireptor,sciReptor (Germany),,,,pass-field-organism-id.json,,,,,,,,,,,,,,,,,,,,,,
2,AIRR Data Commons API,API response for repertoire query,1.3,AIRR Community,https://github.com/airr-community,,/home/ubuntu/ireceptor-monitor/performance_scripts/queries/repertoires/pass-field-pcr_target_locus.json,1.836153984069824,2023-01-10 22:33:51.242648,2023-01-10 14:33:51.242648-08:00,scireptor,sciReptor (Germany),,,,pass-field-pcr_target_locus.json,,,,,,,,,,,,,,,,,,,,,,
3,AIRR Data Commons API,API response for repertoire query,1.3,AIRR Community,https://github.com/airr-community,,/home/ubuntu/ireceptor-monitor/performance_scripts/queries/repertoires/pass-field-age-range.json,2.4272208213806152,2023-01-10 22:33:53.722141,2023-01-10 14:33:53.722141-08:00,scireptor,sciReptor (Germany),,,,pass-field-age-range.json,,,,,,,,,,,,,,,,,,,,,,
4,AIRR Data Commons API,API response for repertoire query,1.3,AIRR Community,https://github.com/airr-community,,/home/ubuntu/ireceptor-monitor/performance_scripts/queries/repertoires/pass-query2_repertoire.json,1.1390817165374756,2023-01-10 22:33:54.869964,2023-01-10 14:33:54.869964-08:00,scireptor,sciReptor (Germany),,,,pass-query2_repertoire.json,,,,,,,,,,,,,,,,,,,,,,
0,AIRR Data Commons API,API response for repertoire query,1.3,AIRR Community,https://github.com/airr-community,,/home/ubuntu/ireceptor-monitor/performance_scripts/queries/repertoires/pass-all.json,2.3956897258758545,2023-01-11 02:34:10.025816,2023-01-10 18:34:10.025816-08:00,scireptor,sciReptor (Germany),,,,pass-all.json,,,,,,,,,,,,,,,,,,,,,,
1,AIRR Data Commons API,API response for repertoire query,1.3,AIRR Community,https://github.com/airr-community,,/home/ubuntu/ireceptor-monitor/performance_scripts/queries/repertoires/pass-field-organism-id.json,1.1984858512878418,2023-01-11 02:34:11.253460,2023-01-10 18:34:11.253460-08:00,scireptor,sciReptor (Germany),,,,pass-field-organism-id.json,,,,,,,,,,,,,,,,,,,,,,
2,AIRR Data Commons API,API response for repertoire query,1.3,AIRR Community,https://github.com/airr-community,,/home/ubuntu/ireceptor-monitor/performance_scripts/queries/repertoires/pass-field-pcr_target_locus.json,1.8352022171020508,2023-01-11 02:34:13.110162,2023-01-10 18:34:13.110162-08:00,scireptor,sciReptor (Germany),,,,pass-field-pcr_target_locus.json,,,,,,,,,,,,,,,,,,,,,,
3,AIRR Data Commons API,API response for repertoire query,1.3,AIRR Community,https://github.com/airr-community,,/home/ubuntu/ireceptor-monitor/performance_scripts/queries/repertoires/pass-field-age-range.json,2.3149642944335938,2023-01-11 02:34:15.479461,2023-01-10 18:34:15.479461-08:00,scireptor,sciReptor (Germany),,,,pass-field-age-range.json,,,,,,,,,,,,,,,,,,,,,,
4,AIRR Data Commons API,API response for repertoire query,1.3,AIRR Community,https://github.com/airr-community,,/home/ubuntu/ireceptor-monitor/performance_scripts/queries/repertoires/pass-query2_repertoire.json,1.3034131526947021,2023-01-11 02:34:16.792346,2023-01-10 18:34:16.792346-08:00,scireptor,sciReptor (Germany),,,,pass-query2_repertoire.json,,,,,,,,,,,,,,,,,,,,,,
0,AIRR Data Commons API,API response for repertoire query,1.3,AIRR Community,https://github.com/airr-community,,/home/ubuntu/ireceptor-monitor/performance_scripts/queries/repertoires/pass-all.json,4.2190120220184335,2023-01-11 06:33:47.374159,2023-01-10 22:33:47.374159-08:00,scireptor,sciReptor (Germany),,,,pass-all.json,,,,,,,,,,,,,,,,,,,,,,
1,AIRR Data Commons API,API response for repertoire query,1.3,AIRR Community,https://github.com/airr-community,,/home/ubuntu/ireceptor-monitor/performance_scripts/queries/repertoires/pass-field-organism-id.json,1.2345495223999023,2023-01-11 06:33:48.632038,2023-01-10 22:33:48.632038-08:00,scireptor,sciReptor (Germany),,,,pass-field-organism-id.json,,,,,,,,,,,,,,,,,,,,,,
2,AIRR Data Commons API,API response for repertoire query,1.3,AIRR Community,https://github.com/airr-community,,/home/ubuntu/ireceptor-monitor/performance_scripts/queries/repertoires/pass-field-pcr_target_locus.json,1.7696282863616943,2023-01-11 06:33:50.422994,2023-01-10 22:33:50.422994-08:00,scireptor,sciReptor (Germany),,,,pass-field-pcr_target_locus.json,,,,,,,,,,,,,,,,,,,,,,
3,AIRR Data Commons API,API response for repertoire query,1.3,AIRR Community,https://github.com/airr-community,,/home/ubuntu/ireceptor-monitor/performance_scripts/queries/repertoires/pass-field-age-range.json,2.53765082359314,2023-01-11 06:33:53.046021,2023-01-10 22:33:53.046021-08:00,scireptor,sciReptor (Germany),,,,pass-field-age-range.json,,,,,,,,,,,,,,,,,,,,,,
4,AIRR Data Commons API,API response for repertoire query,1.3,AIRR Community,https://github.com/airr-community,,/home/ubuntu/ireceptor-monitor/performance_scripts/queries/repertoires/pass-query2_repertoire.json,1.2331111431121826,2023-01-11 06:33:54.289763,2023-01-10 22:33:54.289763-08:00,scireptor,sciReptor (Germany),,,,pass-query2_repertoire.json,,,,,,,,,,,,,,,,,,,,,,
0,AIRR Data Commons API,API response for repertoire query,1.3,AIRR Community,https://github.com/airr-community,,/home/ubuntu/ireceptor-monitor/performance_scripts/queries/repertoires/pass-all.json,2.361931562423706,2023-01-11 10:33:47.363612,2023-01-11 02:33:47.363612-08:00,scireptor,sciReptor (Germany),,,,pass-all.json,,,,,,,,,,,,,,,,,,,,,,
1,AIRR Data Commons API,API response for repertoire query,1.3,AIRR Community,https://github.com/airr-community,,/home/ubuntu/ireceptor-monitor/performance_scripts/queries/repertoires/pass-field-organism-id.json,1.172380447387695,2023-01-11 10:33:48.558991,2023-01-11 02:33:48.558991-08:00,scireptor,sciReptor (Germany),,,,pass-field-organism-id.json,,,,,,,,,,,,,,,,,,,,,,
2,AIRR Data Commons API,API response for repertoire query,1.3,AIRR Community,https://github.com/airr-community,,/home/ubuntu/ireceptor-monitor/performance_scripts/queries/repertoires/pass-field-pcr_target_locus.json,1.8515822887420648,2023-01-11 10:33:50.433089,2023-01-11 02:33:50.433089-08:00,scireptor,sciReptor (Germany),,,,pass-field-pcr_target_locus.json,,,,,,,,,,,,,,,,,,,,,,
3,AIRR Data Commons API,API response for repertoire query,1.3,AIRR Community,https://github.com/airr-community,,/home/ubuntu/ireceptor-monitor/performance_scripts/queries/repertoires/pass-field-age-range.json,2.240105628967285,2023-01-11 10:33:52.769671,2023-01-11 02:33:52.769671-08:00,scireptor,sciReptor (Germany),,,,pass-field-age-range.json,,,,,,,,,,,,,,,,,,,,,,
4,AIRR Data Commons API,API response for repertoire query,1.3,AIRR Community,https://github.com/airr-community,,/home/ubuntu/ireceptor-monitor/performance_scripts/queries/repertoires/pass-query2_repertoire.json,1.1280295848846436,2023-01-11 10:33:53.909968,2023-01-11 02:33:53.909968-08:00,scireptor,sciReptor (Germany),,,,pass-query2_repertoire.json,,,,,,,,,,,,,,,,,,,,,,
0,AIRR Data Commons API,API response for repertoire query,1.3,AIRR Community,https://github.com/airr-community,,/home/ubuntu/ireceptor-monitor/performance_scripts/queries/repertoires/pass-all.json,4.108760118484497,2023-01-11 14:34:06.505585,2023-01-11 06:34:06.505585-08:00,scireptor,sciReptor (Germany),,,,pass-all.json,,,,,,,,,,,,,,,,,,,,,,
1,AIRR Data Commons API,API response for repertoire query,1.3,AIRR Community,https://github.com/airr-community,,/home/ubuntu/ireceptor-monitor/performance_scripts/queries/repertoires/pass-field-organism-id.json,1.28753924369812,2023-01-11 14:34:07.817176,2023-01-11 06:34:07.817176-08:00,scireptor,sciReptor (Germany),,,,pass-field-organism-id.json,,,,,,,,,,,,,,,,,,,,,,
2,AIRR Data Commons API,API response for repertoire query,1.3,AIRR Community,https://github.com/airr-community,,/home/ubuntu/ireceptor-monitor/performance_scripts/queries/repertoires/pass-field-pcr_target_locus.json,2.184631824493408,2023-01-11 14:34:10.038469,2023-01-11 06:34:10.038469-08:00,scireptor,sciReptor (Germany),,,,pass-field-pcr_target_locus.json,,,,,,,,,,,,,,,,,,,,,,
3,AIRR Data Commons API,API response for repertoire query,1.3,AIRR Community,https://github.com/airr-community,,/home/ubuntu/ireceptor-monitor/performance_scripts/queries/repertoires/pass-field-age-range.json,3.719070672988892,2023-01-11 14:34:13.809704,2023-01-11 06:34:13.809704-08:00,scireptor,sciReptor (Germany),,,,pass-field-age-range.json,,,,,,,,,,,,,,,,,,,,,,
4,AIRR Data Commons API,API response for repertoire query,1.3,AIRR Community,https://github.com/airr-community,,/home/ubuntu/ireceptor-monitor/performance_scripts/queries/repertoires/pass-query2_repertoire.json,1.2334535121917725,2023-01-11 14:34:15.051833,2023-01-11 06:34:15.051833-08:00,scireptor,sciReptor (Germany),,,,pass-query2_repertoire.json,,,,,,,,,,,,,,,,,,,,,,
0,AIRR Data Commons API,API response for repertoire query,1.3,AIRR Community,https://github.com/airr-community,,/home/ubuntu/ireceptor-monitor/performance_scripts/queries/repertoires/pass-all.json,2.2257764339447017,2023-01-11 18:33:47.822174,2023-01-11 10:33:47.822174-08:00,scireptor,sciReptor (Germany),,,,pass-all.json,,,,,,,,,,,,,,,,,,,,,,
1,AIRR Data Commons API,API response for repertoire query,1.3,AIRR Community,https://github.com/airr-community,,/home/ubuntu/ireceptor-monitor/performance_scripts/queries/repertoires/pass-field-organism-id.json,1.052724838256836,2023-01-11 18:33:48.898362,2023-01-11 10:33:48.898362-08:00,scireptor,sciReptor (Germany),,,,pass-field-organism-id.json,,,,,,,,,,,,,,,,,,,,,,
2,AIRR Data Commons API,API response for repertoire query,1.3,AIRR Community,https://github.com/airr-community,,/home/ubuntu/ireceptor-monitor/performance_scripts/queries/repertoires/pass-field-pcr_target_locus.json,2.1435003280639653,2023-01-11 18:33:51.064288,2023-01-11 10:33:51.064288-08:00,scireptor,sciReptor (Germany),,,,pass-field-pcr_target_locus.json,,,,,,,,,,,,,,,,,,,,,,
3,AIRR Data Commons API,API response for repertoire query,1.3,AIRR Community,https://github.com/airr-community,,/home/ubuntu/ireceptor-monitor/performance_scripts/queries/repertoires/pass-field-age-range.json,2.2178399562835693,2023-01-11 18:33:53.333330,2023-01-11 10:33:53.333330-08:00,scireptor,sciReptor (Germany),,,,pass-field-age-range.json,,,,,,,,,,,,,,,,,,,,,,
4,AIRR Data Commons API,API response for repertoire query,1.3,AIRR Community,https://github.com/airr-community,,/home/ubuntu/ireceptor-monitor/performance_scripts/queries/repertoires/pass-query2_repertoire.json,1.1143221855163574,2023-01-11 18:33:54.456144,2023-01-11 10:33:54.456144-08:00,scireptor,sciReptor (Germany),,,,pass-query2_repertoire.json,,,,,,,,,,,,,,,,,,,,,,
0,AIRR Data Commons API,API response for repertoire query,1.3,AIRR Community,https://github.com/airr-community,,/home/ubuntu/ireceptor-monitor/performance_scripts/queries/repertoires/pass-all.json,2.277642250061035,2023-01-11 22:33:32.225721,2023-01-11 14:33:32.225721-08:00,scireptor,sciReptor (Germany),,,,pass-all.json,,,,,,,,,,,,,,,,,,,,,,
1,AIRR Data Commons API,API response for repertoire query,1.3,AIRR Community,https://github.com/airr-community,,/home/ubuntu/ireceptor-monitor/performance_scripts/queries/repertoires/pass-field-organism-id.json,1.1329338550567627,2023-01-11 22:33:33.382796,2023-01-11 14:33:33.382796-08:00,scireptor,sciReptor (Germany),,,,pass-field-organism-id.json,,,,,,,,,,,,,,,,,,,,,,
2,AIRR Data Commons API,API response for repertoire query,1.3,AIRR Community,https://github.com/airr-community,,/home/ubuntu/ireceptor-monitor/performance_scripts/queries/repertoires/pass-field-pcr_target_locus.json,2.0112946033477783,2023-01-11 22:33:35.416354,2023-01-11 14:33:35.416354-08:00,scireptor,sciReptor (Germany),,,,pass-field-pcr_target_locus.json,,,,,,,,,,,,,,,,,,,,,,
3,AIRR Data Commons API,API response for repertoire query,1.3,AIRR Community,https://github.com/airr-community,,/home/ubuntu/ireceptor-monitor/performance_scripts/queries/repertoires/pass-field-age-range.json,2.336270332336426,2023-01-11 22:33:37.803481,2023-01-11 14:33:37.803481-08:00,scireptor,sciReptor (Germany),,,,pass-field-age-range.json,,,,,,,,,,,,,,,,,,,,,,
4,AIRR Data Commons API,API response for repertoire query,1.3,AIRR Community,https://github.com/airr-community,,/home/ubuntu/ireceptor-monitor/performance_scripts/queries/repertoires/pass-query2_repertoire.json,1.047245740890503,2023-01-11 22:33:38.859096,2023-01-11 14:33:38.859096-08:00,scireptor,sciReptor (Germany),,,,pass-query2_repertoire.json,,,,,,,,,,,,,,,,,,,,,,
0,AIRR Data Commons API,API response for repertoire query,1.3,AIRR Community,https://github.com/airr-community,,/home/ubuntu/ireceptor-monitor/performance_scripts/queries/repertoires/pass-all.json,4.059643030166627,2023-01-12 02:34:13.175729,2023-01-11 18:34:13.175729-08:00,scireptor,sciReptor (Germany),,,,pass-all.json,,,,,,,,,,,,,,,,,,,,,,
1,AIRR Data Commons API,API response for repertoire query,1.3,AIRR Community,https://github.com/airr-community,,/home/ubuntu/ireceptor-monitor/performance_scripts/queries/repertoires/pass-field-organism-id.json,1.1544294357299805,2023-01-12 02:34:14.355239,2023-01-11 18:34:14.355239-08:00,scireptor,sciReptor (Germany),,,,pass-field-organism-id.json,,,,,,,,,,,,,,,,,,,,,,
2,AIRR Data Commons API,API response for repertoire query,1.3,AIRR Community,https://github.com/airr-community,,/home/ubuntu/ireceptor-monitor/performance_scripts/queries/repertoires/pass-field-pcr_target_locus.json,2.034775972366333,2023-01-12 02:34:16.411574,2023-01-11 18:34:16.411574-08:00,scireptor,sciReptor (Germany),,,,pass-field-pcr_target_locus.json,,,,,,,,,,,,,,,,,,,,,,
3,AIRR Data Commons API,API response for repertoire query,1.3,AIRR Community,https://github.com/airr-community,,/home/ubuntu/ireceptor-monitor/performance_scripts/queries/repertoires/pass-field-age-range.json,2.342261552810669,2023-01-12 02:34:18.800151,2023-01-11 18:34:18.800151-08:00,scireptor,sciReptor (Germany),,,,pass-field-age-range.json,,,,,,,,,,,,,,,,,,,,,,
4,AIRR Data Commons API,API response for repertoire query,1.3,AIRR Community,https://github.com/airr-community,,/home/ubuntu/ireceptor-monitor/performance_scripts/queries/repertoires/pass-query2_repertoire.json,1.222988843917847,2023-01-12 02:34:20.031197,2023-01-11 18:34:20.031197-08:00,scireptor,sciReptor (Germany),,,,pass-query2_repertoire.json,,,,,,,,,,,,,,,,,,,,,,
0,AIRR Data Commons API,API response for repertoire query,1.3,AIRR Community,https://github.com/airr-community,,/home/ubuntu/ireceptor-monitor/performance_scripts/queries/repertoires/pass-all.json,2.345036745071411,2023-01-12 06:33:44.154270,2023-01-11 22:33:44.154270-08:00,scireptor,sciReptor (Germany),,,,pass-all.json,,,,,,,,,,,,,,,,,,,,,,
1,AIRR Data Commons API,API response for repertoire query,1.3,AIRR Community,https://github.com/airr-community,,/home/ubuntu/ireceptor-monitor/performance_scripts/queries/repertoires/pass-field-organism-id.json,1.1068730354309082,2023-01-12 06:33:45.287113,2023-01-11 22:33:45.287113-08:00,scireptor,sciReptor (Germany),,,,pass-field-organism-id.json,,,,,,,,,,,,,,,,,,,,,,
2,AIRR Data Commons API,API response for repertoire query,1.3,AIRR Community,https://github.com/airr-community,,/home/ubuntu/ireceptor-monitor/performance_scripts/queries/repertoires/pass-field-pcr_target_locus.json,1.8969836235046398,2023-01-12 06:33:47.204763,2023-01-11 22:33:47.204763-08:00,scireptor,sciReptor (Germany),,,,pass-field-pcr_target_locus.json,,,,,,,,,,,,,,,,,,,,,,
3,AIRR Data Commons API,API response for repertoire query,1.3,AIRR Community,https://github.com/airr-community,,/home/ubuntu/ireceptor-monitor/performance_scripts/queries/repertoires/pass-field-age-range.json,2.29961371421814,2023-01-12 06:33:49.550020,2023-01-11 22:33:49.550020-08:00,scireptor,sciReptor (Germany),,,,pass-field-age-range.json,,,,,,,,,,,,,,,,,,,,,,
4,AIRR Data Commons API,API response for repertoire query,1.3,AIRR Community,https://github.com/airr-community,,/home/ubuntu/ireceptor-monitor/performance_scripts/queries/repertoires/pass-query2_repertoire.json,1.1366782188415527,2023-01-12 06:33:50.695720,2023-01-11 22:33:50.695720-08:00,scireptor,sciReptor (Germany),,,,pass-query2_repertoire.json,,,,,,,,,,,,,,,,,,,,,,
0,AIRR Data Commons API,API response for repertoire query,1.3,AIRR Community,https://github.com/airr-community,,/home/ubuntu/ireceptor-monitor/performance_scripts/queries/repertoires/pass-all.json,3.3340778350830083,2023-01-12 10:34:06.960491,2023-01-12 02:34:06.960491-08:00,scireptor,sciReptor (Germany),,,,pass-all.json,,,,,,,,,,,,,,,,,,,,,,
1,AIRR Data Commons API,API response for repertoire query,1.3,AIRR Community,https://github.com/airr-community,,/home/ubuntu/ireceptor-monitor/performance_scripts/queries/repertoires/pass-field-organism-id.json,1.1221482753753662,2023-01-12 10:34:08.108469,2023-01-12 02:34:08.108469-08:00,scireptor,sciReptor (Germany),,,,pass-field-organism-id.json,,,,,,,,,,,,,,,,,,,,,,
2,AIRR Data Commons API,API response for repertoire query,1.3,AIRR Community,https://github.com/airr-community,,/home/ubuntu/ireceptor-monitor/performance_scripts/queries/repertoires/pass-field-pcr_target_locus.json,1.899698734283448,2023-01-12 10:34:10.029230,2023-01-12 02:34:10.029230-08:00,scireptor,sciReptor (Germany),,,,pass-field-pcr_target_locus.json,,,,,,,,,,,,,,,,,,,,,,
3,AIRR Data Commons API,API response for repertoire query,1.3,AIRR Community,https://github.com/airr-community,,/home/ubuntu/ireceptor-monitor/performance_scripts/queries/repertoires/pass-field-age-range.json,2.3238966464996342,2023-01-12 10:34:12.401078,2023-01-12 02:34:12.401078-08:00,scireptor,sciReptor (Germany),,,,pass-field-age-range.json,,,,,,,,,,,,,,,,,,,,,,
4,AIRR Data Commons API,API response for repertoire query,1.3,AIRR Community,https://github.com/airr-community,,/home/ubuntu/ireceptor-monitor/performance_scripts/queries/repertoires/pass-query2_repertoire.json,1.2217154502868652,2023-01-12 10:34:13.631582,2023-01-12 02:34:13.631582-08:00,scireptor,sciReptor (Germany),,,,pass-query2_repertoire.json,,,,,,,,,,,,,,,,,,,,,,
0,AIRR Data Commons API,API response for repertoire query,1.3,AIRR Community,https://github.com/airr-community,,/home/ubuntu/ireceptor-monitor/performance_scripts/queries/repertoires/pass-all.json,2.1575913429260254,2023-01-12 14:34:01.353703,2023-01-12 06:34:01.353703-08:00,scireptor,sciReptor (Germany),,,,pass-all.json,,,,,,,,,,,,,,,,,,,,,,
1,AIRR Data Commons API,API response for repertoire query,1.3,AIRR Community,https://github.com/airr-community,,/home/ubuntu/ireceptor-monitor/performance_scripts/queries/repertoires/pass-field-organism-id.json,1.2309505939483645,2023-01-12 14:34:02.608063,2023-01-12 06:34:02.608063-08:00,scireptor,sciReptor (Germany),,,,pass-field-organism-id.json,,,,,,,,,,,,,,,,,,,,,,
2,AIRR Data Commons API,API response for repertoire query,1.3,AIRR Community,https://github.com/airr-community,,/home/ubuntu/ireceptor-monitor/performance_scripts/queries/repertoires/pass-field-pcr_target_locus.json,2.0135817527771,2023-01-12 14:34:04.642721,2023-01-12 06:34:04.642721-08:00,scireptor,sciReptor (Germany),,,,pass-field-pcr_target_locus.json,,,,,,,,,,,,,,,,,,,,,,
3,AIRR Data Commons API,API response for repertoire query,1.3,AIRR Community,https://github.com/airr-community,,/home/ubuntu/ireceptor-monitor/performance_scripts/queries/repertoires/pass-field-age-range.json,2.163901805877685,2023-01-12 14:34:06.854477,2023-01-12 06:34:06.854477-08:00,scireptor,sciReptor (Germany),,,,pass-field-age-range.json,,,,,,,,,,,,,,,,,,,,,,
4,AIRR Data Commons API,API response for repertoire query,1.3,AIRR Community,https://github.com/airr-community,,/home/ubuntu/ireceptor-monitor/performance_scripts/queries/repertoires/pass-query2_repertoire.json,1.0466570854187012,2023-01-12 14:34:07.909389,2023-01-12 06:34:07.909389-08:00,scireptor,sciReptor (Germany),,,,pass-query2_repertoire.json,,,,,,,,,,,,,,,,,,,,,,
0,AIRR Data Commons API,API response for repertoire query,1.3,AIRR Community,https://github.com/airr-community,,/home/ubuntu/ireceptor-monitor/performance_scripts/queries/repertoires/pass-all.json,2.3984317779541016,2023-01-12 18:33:57.665235,2023-01-12 10:33:57.665235-08:00,scireptor,sciReptor (Germany),,,,pass-all.json,,,,,,,,,,,,,,,,,,,,,,
1,AIRR Data Commons API,API response for repertoire query,1.3,AIRR Community,https://github.com/airr-community,,/home/ubuntu/ireceptor-monitor/performance_scripts/queries/repertoires/pass-field-organism-id.json,1.159043312072754,2023-01-12 18:33:58.848194,2023-01-12 10:33:58.848194-08:00,scireptor,sciReptor (Germany),,,,pass-field-organism-id.json,,,,,,,,,,,,,,,,,,,,,,
2,AIRR Data Commons API,API response for repertoire query,1.3,AIRR Community,https://github.com/airr-community,,/home/ubuntu/ireceptor-monitor/performance_scripts/queries/repertoires/pass-field-pcr_target_locus.json,1.843530416488648,2023-01-12 18:34:00.713455,2023-01-12 10:34:00.713455-08:00,scireptor,sciReptor (Germany),,,,pass-field-pcr_target_locus.json,,,,,,,,,,,,,,,,,,,,,,
3,AIRR Data Commons API,API response for repertoire query,1.3,AIRR Community,https://github.com/airr-community,,/home/ubuntu/ireceptor-monitor/performance_scripts/queries/repertoires/pass-field-age-range.json,2.3264167308807373,2023-01-12 18:34:03.090292,2023-01-12 10:34:03.090292-08:00,scireptor,sciReptor (Germany),,,,pass-field-age-range.json,,,,,,,,,,,,,,,,,,,,,,
4,AIRR Data Commons API,API response for repertoire query,1.3,AIRR Community,https://github.com/airr-community,,/home/ubuntu/ireceptor-monitor/performance_scripts/queries/repertoires/pass-query2_repertoire.json,1.1974599361419678,2023-01-12 18:34:04.298268,2023-01-12 10:34:04.298268-08:00,scireptor,sciReptor (Germany),,,,pass-query2_repertoire.json,,,,,,,,,,,,,,,,,,,,,,
0,AIRR Data Commons API,API response for repertoire query,1.3,AIRR Community,https://github.com/airr-community,,/home/ubuntu/ireceptor-monitor/performance_scripts/queries/repertoires/pass-all.json,2.1288805007934566,2023-01-12 22:33:45.011734,2023-01-12 14:33:45.011734-08:00,scireptor,sciReptor (Germany),,,,pass-all.json,,,,,,,,,,,,,,,,,,,,,,
1,AIRR Data Commons API,API response for repertoire query,1.3,AIRR Community,https://github.com/airr-community,,/home/ubuntu/ireceptor-monitor/performance_scripts/queries/repertoires/pass-field-organism-id.json,1.1987583637237549,2023-01-12 22:33:46.237535,2023-01-12 14:33:46.237535-08:00,scireptor,sciReptor (Germany),,,,pass-field-organism-id.json,,,,,,,,,,,,,,,,,,,,,,
2,AIRR Data Commons API,API response for repertoire query,1.3,AIRR Community,https://github.com/airr-community,,/home/ubuntu/ireceptor-monitor/performance_scripts/queries/repertoires/pass-field-pcr_target_locus.json,2.092016696929932,2023-01-12 22:33:48.353362,2023-01-12 14:33:48.353362-08:00,scireptor,sciReptor (Germany),,,,pass-field-pcr_target_locus.json,,,,,,,,,,,,,,,,,,,,,,
3,AIRR Data Commons API,API response for repertoire query,1.3,AIRR Community,https://github.com/airr-community,,/home/ubuntu/ireceptor-monitor/performance_scripts/queries/repertoires/pass-field-age-range.json,2.19526481628418,2023-01-12 22:33:50.598621,2023-01-12 14:33:50.598621-08:00,scireptor,sciReptor (Germany),,,,pass-field-age-range.json,,,,,,,,,,,,,,,,,,,,,,
4,AIRR Data Commons API,API response for repertoire query,1.3,AIRR Community,https://github.com/airr-community,,/home/ubuntu/ireceptor-monitor/performance_scripts/queries/repertoires/pass-query2_repertoire.json,1.219613790512085,2023-01-12 22:33:51.826709,2023-01-12 14:33:51.826709-08:00,scireptor,sciReptor (Germany),,,,pass-query2_repertoire.json,,,,,,,,,,,,,,,,,,,,,,
0,AIRR Data Commons API,API response for repertoire query,1.3,AIRR Community,https://github.com/airr-community,,/home/ubuntu/ireceptor-monitor/performance_scripts/queries/repertoires/pass-all.json,2.1464943885803223,2023-01-13 02:33:42.951787,2023-01-12 18:33:42.951787-08:00,scireptor,sciReptor (Germany),,,,pass-all.json,,,,,,,,,,,,,,,,,,,,,,
1,AIRR Data Commons API,API response for repertoire query,1.3,AIRR Community,https://github.com/airr-community,,/home/ubuntu/ireceptor-monitor/performance_scripts/queries/repertoires/pass-field-organism-id.json,1.0837666988372805,2023-01-13 02:33:44.061217,2023-01-12 18:33:44.061217-08:00,scireptor,sciReptor (Germany),,,,pass-field-organism-id.json,,,,,,,,,,,,,,,,,,,,,,
2,AIRR Data Commons API,API response for repertoire query,1.3,AIRR Community,https://github.com/airr-community,,/home/ubuntu/ireceptor-monitor/performance_scripts/queries/repertoires/pass-field-pcr_target_locus.json,1.8678834438323968,2023-01-13 02:33:45.951444,2023-01-12 18:33:45.951444-08:00,scireptor,sciReptor (Germany),,,,pass-field-pcr_target_locus.json,,,,,,,,,,,,,,,,,,,,,,
3,AIRR Data Commons API,API response for repertoire query,1.3,AIRR Community,https://github.com/airr-community,,/home/ubuntu/ireceptor-monitor/performance_scripts/queries/repertoires/pass-field-age-range.json,2.2438833713531494,2023-01-13 02:33:48.245891,2023-01-12 18:33:48.245891-08:00,scireptor,sciReptor (Germany),,,,pass-field-age-range.json,,,,,,,,,,,,,,,,,,,,,,
4,AIRR Data Commons API,API response for repertoire query,1.3,AIRR Community,https://github.com/airr-community,,/home/ubuntu/ireceptor-monitor/performance_scripts/queries/repertoires/pass-query2_repertoire.json,1.0759930610656738,2023-01-13 02:33:49.330636,2023-01-12 18:33:49.330636-08:00,scireptor,sciReptor (Germany),,,,pass-query2_repertoire.json,,,,,,,,,,,,,,,,,,,,,,
0,AIRR Data Commons API,API response for repertoire query,1.3,AIRR Community,https://github.com/airr-community,,/home/ubuntu/ireceptor-monitor/performance_scripts/queries/repertoires/pass-all.json,3.977497577667236,2023-01-13 06:34:06.849795,2023-01-12 22:34:06.849795-08:00,scireptor,sciReptor (Germany),,,,pass-all.json,,,,,,,,,,,,,,,,,,,,,,
1,AIRR Data Commons API,API response for repertoire query,1.3,AIRR Community,https://github.com/airr-community,,/home/ubuntu/ireceptor-monitor/performance_scripts/queries/repertoires/pass-field-organism-id.json,1.2685260772705078,2023-01-13 06:34:08.142896,2023-01-12 22:34:08.142896-08:00,scireptor,sciReptor (Germany),,,,pass-field-organism-id.json,,,,,,,,,,,,,,,,,,,,,,
2,AIRR Data Commons API,API response for repertoire query,1.3,AIRR Community,https://github.com/airr-community,,/home/ubuntu/ireceptor-monitor/performance_scripts/queries/repertoires/pass-field-pcr_target_locus.json,2.01875114440918,2023-01-13 06:34:10.184100,2023-01-12 22:34:10.184100-08:00,scireptor,sciReptor (Germany),,,,pass-field-pcr_target_locus.json,,,,,,,,,,,,,,,,,,,,,,
3,AIRR Data Commons API,API response for repertoire query,1.3,AIRR Community,https://github.com/airr-community,,/home/ubuntu/ireceptor-monitor/performance_scripts/queries/repertoires/pass-field-age-range.json,2.295206308364868,2023-01-13 06:34:12.531758,2023-01-12 22:34:12.531758-08:00,scireptor,sciReptor (Germany),,,,pass-field-age-range.json,,,,,,,,,,,,,,,,,,,,,,
4,AIRR Data Commons API,API response for repertoire query,1.3,AIRR Community,https://github.com/airr-community,,/home/ubuntu/ireceptor-monitor/performance_scripts/queries/repertoires/pass-query2_repertoire.json,1.0855662822723389,2023-01-13 06:34:13.625952,2023-01-12 22:34:13.625952-08:00,scireptor,sciReptor (Germany),,,,pass-query2_repertoire.json,,,,,,,,,,,,,,,,,,,,,,
0,AIRR Data Commons API,API response for repertoire query,1.3,AIRR Community,https://github.com/airr-community,,/home/ubuntu/ireceptor-monitor/performance_scripts/queries/repertoires/pass-all.json,2.23967719078064,2023-01-13 10:33:44.538774,2023-01-13 02:33:44.538774-08:00,scireptor,sciReptor (Germany),,,,pass-all.json,,,,,,,,,,,,,,,,,,,,,,
1,AIRR Data Commons API,API response for repertoire query,1.3,AIRR Community,https://github.com/airr-community,,/home/ubuntu/ireceptor-monitor/performance_scripts/queries/repertoires/pass-field-organism-id.json,1.3119876384735107,2023-01-13 10:33:45.880949,2023-01-13 02:33:45.880949-08:00,scireptor,sciReptor (Germany),,,,pass-field-organism-id.json,,,,,,,,,,,,,,,,,,,,,,
2,AIRR Data Commons API,API response for repertoire query,1.3,AIRR Community,https://github.com/airr-community,,/home/ubuntu/ireceptor-monitor/performance_scripts/queries/repertoires/pass-field-pcr_target_locus.json,1.7676446437835691,2023-01-13 10:33:47.670991,2023-01-13 02:33:47.670991-08:00,scireptor,sciReptor (Germany),,,,pass-field-pcr_target_locus.json,,,,,,,,,,,,,,,,,,,,,,
3,AIRR Data Commons API,API response for repertoire query,1.3,AIRR Community,https://github.com/airr-community,,/home/ubuntu/ireceptor-monitor/performance_scripts/queries/repertoires/pass-field-age-range.json,4.397375345230103,2023-01-13 10:33:52.118829,2023-01-13 02:33:52.118829-08:00,scireptor,sciReptor (Germany),,,,pass-field-age-range.json,,,,,,,,,,,,,,,,,,,,,,
4,AIRR Data Commons API,API response for repertoire query,1.3,AIRR Community,https://github.com/airr-community,,/home/ubuntu/ireceptor-monitor/performance_scripts/queries/repertoires/pass-query2_repertoire.json,1.1108236312866209,2023-01-13 10:33:53.237486,2023-01-13 02:33:53.237486-08:00,scireptor,sciReptor (Germany),,,,pass-query2_repertoire.json,,,,,,,,,,,,,,,,,,,,,,
0,AIRR Data Commons API,API response for repertoire query,1.3,AIRR Community,https://github.com/airr-community,,/home/ubuntu/ireceptor-monitor/performance_scripts/queries/repertoires/pass-all.json,2.2752702236175537,2023-01-13 14:34:04.869991,2023-01-13 06:34:04.869991-08:00,scireptor,sciReptor (Germany),,,,pass-all.json,,,,,,,,,,,,,,,,,,,,,,
1,AIRR Data Commons API,API response for repertoire query,1.3,AIRR Community,https://github.com/airr-community,,/home/ubuntu/ireceptor-monitor/performance_scripts/queries/repertoires/pass-field-organism-id.json,1.2059259414672852,2023-01-13 14:34:06.107059,2023-01-13 06:34:06.107059-08:00,scireptor,sciReptor (Germany),,,,pass-field-organism-id.json,,,,,,,,,,,,,,,,,,,,,,
2,AIRR Data Commons API,API response for repertoire query,1.3,AIRR Community,https://github.com/airr-community,,/home/ubuntu/ireceptor-monitor/performance_scripts/queries/repertoires/pass-field-pcr_target_locus.json,2.1028826236724854,2023-01-13 14:34:08.232638,2023-01-13 06:34:08.232638-08:00,scireptor,sciReptor (Germany),,,,pass-field-pcr_target_locus.json,,,,,,,,,,,,,,,,,,,,,,
3,AIRR Data Commons API,API response for repertoire query,1.3,AIRR Community,https://github.com/airr-community,,/home/ubuntu/ireceptor-monitor/performance_scripts/queries/repertoires/pass-field-age-range.json,2.2958223819732666,2023-01-13 14:34:10.579534,2023-01-13 06:34:10.579534-08:00,scireptor,sciReptor (Germany),,,,pass-field-age-range.json,,,,,,,,,,,,,,,,,,,,,,
4,AIRR Data Commons API,API response for repertoire query,1.3,AIRR Community,https://github.com/airr-community,,/home/ubuntu/ireceptor-monitor/performance_scripts/queries/repertoires/pass-query2_repertoire.json,1.1896426677703855,2023-01-13 14:34:11.777727,2023-01-13 06:34:11.777727-08:00,scireptor,sciReptor (Germany),,,,pass-query2_repertoire.json,,,,,,,,,,,,,,,,,,,,,,
0,AIRR Data Commons API,API response for repertoire query,1.3,AIRR Community,https://github.com/airr-community,,/home/ubuntu/ireceptor-monitor/performance_scripts/queries/repertoires/pass-all.json,2.2490060329437256,2023-01-13 18:33:36.557510,2023-01-13 10:33:36.557510-08:00,scireptor,sciReptor (Germany),,,,pass-all.json,,,,,,,,,,,,,,,,,,,,,,
1,AIRR Data Commons API,API response for repertoire query,1.3,AIRR Community,https://github.com/airr-community,,/home/ubuntu/ireceptor-monitor/performance_scripts/queries/repertoires/pass-field-organism-id.json,1.2219977378845217,2023-01-13 18:33:37.803979,2023-01-13 10:33:37.803979-08:00,scireptor,sciReptor (Germany),,,,pass-field-organism-id.json,,,,,,,,,,,,,,,,,,,,,,
2,AIRR Data Commons API,API response for repertoire query,1.3,AIRR Community,https://github.com/airr-community,,/home/ubuntu/ireceptor-monitor/performance_scripts/queries/repertoires/pass-field-pcr_target_locus.json,1.91882872581482,2023-01-13 18:33:39.745874,2023-01-13 10:33:39.745874-08:00,scireptor,sciReptor (Germany),,,,pass-field-pcr_target_locus.json,,,,,,,,,,,,,,,,,,,,,,
3,AIRR Data Commons API,API response for repertoire query,1.3,AIRR Community,https://github.com/airr-community,,/home/ubuntu/ireceptor-monitor/performance_scripts/queries/repertoires/pass-field-age-range.json,2.1508376598358154,2023-01-13 18:33:41.946301,2023-01-13 10:33:41.946301-08:00,scireptor,sciReptor (Germany),,,,pass-field-age-range.json,,,,,,,,,,,,,,,,,,,,,,
4,AIRR Data Commons API,API response for repertoire query,1.3,AIRR Community,https://github.com/airr-community,,/home/ubuntu/ireceptor-monitor/performance_scripts/queries/repertoires/pass-query2_repertoire.json,1.217094898223877,2023-01-13 18:33:43.171745,2023-01-13 10:33:43.171745-08:00,scireptor,sciReptor (Germany),,,,pass-query2_repertoire.json,,,,,,,,,,,,,,,,,,,,,,
0,AIRR Data Commons API,API response for repertoire query,1.3,AIRR Community,https://github.com/airr-community,,/home/ubuntu/ireceptor-monitor/performance_scripts/queries/repertoires/pass-all.json,2.2070016860961914,2023-01-13 22:33:42.584632,2023-01-13 14:33:42.584632-08:00,scireptor,sciReptor (Germany),,,,pass-all.json,,,,,,,,,,,,,,,,,,,,,,
1,AIRR Data Commons API,API response for repertoire query,1.3,AIRR Community,https://github.com/airr-community,,/home/ubuntu/ireceptor-monitor/performance_scripts/queries/repertoires/pass-field-organism-id.json,1.1767520904541016,2023-01-13 22:33:43.785530,2023-01-13 14:33:43.785530-08:00,scireptor,sciReptor (Germany),,,,pass-field-organism-id.json,,,,,,,,,,,,,,,,,,,,,,
2,AIRR Data Commons API,API response for repertoire query,1.3,AIRR Community,https://github.com/airr-community,,/home/ubuntu/ireceptor-monitor/performance_scripts/queries/repertoires/pass-field-pcr_target_locus.json,1.784250259399414,2023-01-13 22:33:45.591119,2023-01-13 14:33:45.591119-08:00,scireptor,sciReptor (Germany),,,,pass-field-pcr_target_locus.json,,,,,,,,,,,,,,,,,,,,,,
3,AIRR Data Commons API,API response for repertoire query,1.3,AIRR Community,https://github.com/airr-community,,/home/ubuntu/ireceptor-monitor/performance_scripts/queries/repertoires/pass-field-age-range.json,2.1909549236297607,2023-01-13 22:33:47.832096,2023-01-13 14:33:47.832096-08:00,scireptor,sciReptor (Germany),,,,pass-field-age-range.json,,,,,,,,,,,,,,,,,,,,,,
4,AIRR Data Commons API,API response for repertoire query,1.3,AIRR Community,https://github.com/airr-community,,/home/ubuntu/ireceptor-monitor/performance_scripts/queries/repertoires/pass-query2_repertoire.json,1.0499370098114014,2023-01-13 22:33:48.890026,2023-01-13 14:33:48.890026-08:00,scireptor,sciReptor (Germany),,,,pass-query2_repertoire.json,,,,,,,,,,,,,,,,,,,,,,
0,AIRR Data Commons API,API response for repertoire query,1.3,AIRR Community,https://github.com/airr-community,,/home/ubuntu/ireceptor-monitor/performance_scripts/queries/repertoires/pass-all.json,2.230499029159546,2023-01-14 02:34:05.927878,2023-01-13 18:34:05.927878-08:00,scireptor,sciReptor (Germany),,,,pass-all.json,,,,,,,,,,,,,,,,,,,,,,
1,AIRR Data Commons API,API response for repertoire query,1.3,AIRR Community,https://github.com/airr-community,,/home/ubuntu/ireceptor-monitor/performance_scripts/queries/repertoires/pass-field-organism-id.json,1.1650266647338867,2023-01-14 02:34:07.118218,2023-01-13 18:34:07.118218-08:00,scireptor,sciReptor (Germany),,,,pass-field-organism-id.json,,,,,,,,,,,,,,,,,,,,,,
2,AIRR Data Commons API,API response for repertoire query,1.3,AIRR Community,https://github.com/airr-community,,/home/ubuntu/ireceptor-monitor/performance_scripts/queries/repertoires/pass-field-pcr_target_locus.json,1.865737676620484,2023-01-14 02:34:09.005994,2023-01-13 18:34:09.005994-08:00,scireptor,sciReptor (Germany),,,,pass-field-pcr_target_locus.json,,,,,,,,,,,,,,,,,,,,,,
3,AIRR Data Commons API,API response for repertoire query,1.3,AIRR Community,https://github.com/airr-community,,/home/ubuntu/ireceptor-monitor/performance_scripts/queries/repertoires/pass-field-age-range.json,2.1630356311798096,2023-01-14 02:34:11.218444,2023-01-13 18:34:11.218444-08:00,scireptor,sciReptor (Germany),,,,pass-field-age-range.json,,,,,,,,,,,,,,,,,,,,,,
4,AIRR Data Commons API,API response for repertoire query,1.3,AIRR Community,https://github.com/airr-community,,/home/ubuntu/ireceptor-monitor/performance_scripts/queries/repertoires/pass-query2_repertoire.json,1.104755401611328,2023-01-14 02:34:12.331726,2023-01-13 18:34:12.331726-08:00,scireptor,sciReptor (Germany),,,,pass-query2_repertoire.json,,,,,,,,,,,,,,,,,,,,,,
0,AIRR Data Commons API,API response for repertoire query,1.3,AIRR Community,https://github.com/airr-community,,/home/ubuntu/ireceptor-monitor/performance_scripts/queries/repertoires/pass-all.json,5.092562437057495,2023-01-14 06:34:20.309385,2023-01-13 22:34:20.309385-08:00,scireptor,sciReptor (Germany),,,,pass-all.json,,,,,,,,,,,,,,,,,,,,,,
1,AIRR Data Commons API,API response for repertoire query,1.3,AIRR Community,https://github.com/airr-community,,/home/ubuntu/ireceptor-monitor/performance_scripts/queries/repertoires/pass-field-organism-id.json,1.2344236373901367,2023-01-14 06:34:21.568511,2023-01-13 22:34:21.568511-08:00,scireptor,sciReptor (Germany),,,,pass-field-organism-id.json,,,,,,,,,,,,,,,,,,,,,,
2,AIRR Data Commons API,API response for repertoire query,1.3,AIRR Community,https://github.com/airr-community,,/home/ubuntu/ireceptor-monitor/performance_scripts/queries/repertoires/pass-field-pcr_target_locus.json,1.8708341121673584,2023-01-14 06:34:23.461376,2023-01-13 22:34:23.461376-08:00,scireptor,sciReptor (Germany),,,,pass-field-pcr_target_locus.json,,,,,,,,,,,,,,,,,,,,,,
3,AIRR Data Commons API,API response for repertoire query,1.3,AIRR Community,https://github.com/airr-community,,/home/ubuntu/ireceptor-monitor/performance_scripts/queries/repertoires/pass-field-age-range.json,2.451444387435913,2023-01-14 06:34:25.961901,2023-01-13 22:34:25.961901-08:00,scireptor,sciReptor (Germany),,,,pass-field-age-range.json,,,,,,,,,,,,,,,,,,,,,,
4,AIRR Data Commons API,API response for repertoire query,1.3,AIRR Community,https://github.com/airr-community,,/home/ubuntu/ireceptor-monitor/performance_scripts/queries/repertoires/pass-query2_repertoire.json,1.1236410140991209,2023-01-14 06:34:27.093517,2023-01-13 22:34:27.093517-08:00,scireptor,sciReptor (Germany),,,,pass-query2_repertoire.json,,,,,,,,,,,,,,,,,,,,,,
0,AIRR Data Commons API,API response for repertoire query,1.3,AIRR Community,https://github.com/airr-community,,/home/ubuntu/ireceptor-monitor/performance_scripts/queries/repertoires/pass-all.json,2.309952974319458,2023-01-14 10:33:40.430010,2023-01-14 02:33:40.430010-08:00,scireptor,sciReptor (Germany),,,,pass-all.json,,,,,,,,,,,,,,,,,,,,,,
1,AIRR Data Commons API,API response for repertoire query,1.3,AIRR Community,https://github.com/airr-community,,/home/ubuntu/ireceptor-monitor/performance_scripts/queries/repertoires/pass-field-organism-id.json,1.2351748943328855,2023-01-14 10:33:41.689809,2023-01-14 02:33:41.689809-08:00,scireptor,sciReptor (Germany),,,,pass-field-organism-id.json,,,,,,,,,,,,,,,,,,,,,,
2,AIRR Data Commons API,API response for repertoire query,1.3,AIRR Community,https://github.com/airr-community,,/home/ubuntu/ireceptor-monitor/performance_scripts/queries/repertoires/pass-field-pcr_target_locus.json,1.9033763408660889,2023-01-14 10:33:43.614371,2023-01-14 02:33:43.614371-08:00,scireptor,sciReptor (Germany),,,,pass-field-pcr_target_locus.json,,,,,,,,,,,,,,,,,,,,,,
3,AIRR Data Commons API,API response for repertoire query,1.3,AIRR Community,https://github.com/airr-community,,/home/ubuntu/ireceptor-monitor/performance_scripts/queries/repertoires/pass-field-age-range.json,2.1563687324523926,2023-01-14 10:33:45.819517,2023-01-14 02:33:45.819517-08:00,scireptor,sciReptor (Germany),,,,pass-field-age-range.json,,,,,,,,,,,,,,,,,,,,,,
4,AIRR Data Commons API,API response for repertoire query,1.3,AIRR Community,https://github.com/airr-community,,/home/ubuntu/ireceptor-monitor/performance_scripts/queries/repertoires/pass-query2_repertoire.json,1.121142864227295,2023-01-14 10:33:46.948638,2023-01-14 02:33:46.948638-08:00,scireptor,sciReptor (Germany),,,,pass-query2_repertoire.json,,,,,,,,,,,,,,,,,,,,,,
0,AIRR Data Commons API,API response for repertoire query,1.3,AIRR Community,https://github.com/airr-community,,/home/ubuntu/ireceptor-monitor/performance_scripts/queries/repertoires/pass-all.json,4.380744695663451,2023-01-14 14:33:58.288573,2023-01-14 06:33:58.288573-08:00,scireptor,sciReptor (Germany),,,,pass-all.json,,,,,,,,,,,,,,,,,,,,,,
1,AIRR Data Commons API,API response for repertoire query,1.3,AIRR Community,https://github.com/airr-community,,/home/ubuntu/ireceptor-monitor/performance_scripts/queries/repertoires/pass-field-organism-id.json,1.5102672576904297,2023-01-14 14:33:59.840938,2023-01-14 06:33:59.840938-08:00,scireptor,sciReptor (Germany),,,,pass-field-organism-id.json,,,,,,,,,,,,,,,,,,,,,,
2,AIRR Data Commons API,API response for repertoire query,1.3,AIRR Community,https://github.com/airr-community,,/home/ubuntu/ireceptor-monitor/performance_scripts/queries/repertoires/pass-field-pcr_target_locus.json,1.9521255493164065,2023-01-14 14:34:01.816374,2023-01-14 06:34:01.816374-08:00,scireptor,sciReptor (Germany),,,,pass-field-pcr_target_locus.json,,,,,,,,,,,,,,,,,,,,,,
3,AIRR Data Commons API,API response for repertoire query,1.3,AIRR Community,https://github.com/airr-community,,/home/ubuntu/ireceptor-monitor/performance_scripts/queries/repertoires/pass-field-age-range.json,2.188384532928467,2023-01-14 14:34:04.054895,2023-01-14 06:34:04.054895-08:00,scireptor,sciReptor (Germany),,,,pass-field-age-range.json,,,,,,,,,,,,,,,,,,,,,,
4,AIRR Data Commons API,API response for repertoire query,1.3,AIRR Community,https://github.com/airr-community,,/home/ubuntu/ireceptor-monitor/performance_scripts/queries/repertoires/pass-query2_repertoire.json,1.198699712753296,2023-01-14 14:34:05.262207,2023-01-14 06:34:05.262207-08:00,scireptor,sciReptor (Germany),,,,pass-query2_repertoire.json,,,,,,,,,,,,,,,,,,,,,,
0,AIRR Data Commons API,API response for repertoire query,1.3,AIRR Community,https://github.com/airr-community,,/home/ubuntu/ireceptor-monitor/performance_scripts/queries/repertoires/pass-all.json,2.367451429367065,2023-01-14 18:34:11.771991,2023-01-14 10:34:11.771991-08:00,scireptor,sciReptor (Germany),,,,pass-all.json,,,,,,,,,,,,,,,,,,,,,,
1,AIRR Data Commons API,API response for repertoire query,1.3,AIRR Community,https://github.com/airr-community,,/home/ubuntu/ireceptor-monitor/performance_scripts/queries/repertoires/pass-field-organism-id.json,1.2432646751403809,2023-01-14 18:34:13.039104,2023-01-14 10:34:13.039104-08:00,scireptor,sciReptor (Germany),,,,pass-field-organism-id.json,,,,,,,,,,,,,,,,,,,,,,
2,AIRR Data Commons API,API response for repertoire query,1.3,AIRR Community,https://github.com/airr-community,,/home/ubuntu/ireceptor-monitor/performance_scripts/queries/repertoires/pass-field-pcr_target_locus.json,1.9943885803222656,2023-01-14 18:34:15.054846,2023-01-14 10:34:15.054846-08:00,scireptor,sciReptor (Germany),,,,pass-field-pcr_target_locus.json,,,,,,,,,,,,,,,,,,,,,,
3,AIRR Data Commons API,API response for repertoire query,1.3,AIRR Community,https://github.com/airr-community,,/home/ubuntu/ireceptor-monitor/performance_scripts/queries/repertoires/pass-field-age-range.json,2.261372327804565,2023-01-14 18:34:17.364248,2023-01-14 10:34:17.364248-08:00,scireptor,sciReptor (Germany),,,,pass-field-age-range.json,,,,,,,,,,,,,,,,,,,,,,
4,AIRR Data Commons API,API response for repertoire query,1.3,AIRR Community,https://github.com/airr-community,,/home/ubuntu/ireceptor-monitor/performance_scripts/queries/repertoires/pass-query2_repertoire.json,1.1340670585632324,2023-01-14 18:34:18.506561,2023-01-14 10:34:18.506561-08:00,scireptor,sciReptor (Germany),,,,pass-query2_repertoire.json,,,,,,,,,,,,,,,,,,,,,,
0,AIRR Data Commons API,API response for repertoire query,1.3,AIRR Community,https://github.com/airr-community,,/home/ubuntu/ireceptor-monitor/performance_scripts/queries/repertoires/pass-all.json,2.194778680801392,2023-01-14 22:34:24.254039,2023-01-14 14:34:24.254039-08:00,scireptor,sciReptor (Germany),,,,pass-all.json,,,,,,,,,,,,,,,,,,,,,,
1,AIRR Data Commons API,API response for repertoire query,1.3,AIRR Community,https://github.com/airr-community,,/home/ubuntu/ireceptor-monitor/performance_scripts/queries/repertoires/pass-field-organism-id.json,1.1608397960662842,2023-01-14 22:34:25.438154,2023-01-14 14:34:25.438154-08:00,scireptor,sciReptor (Germany),,,,pass-field-organism-id.json,,,,,,,,,,,,,,,,,,,,,,
2,AIRR Data Commons API,API response for repertoire query,1.3,AIRR Community,https://github.com/airr-community,,/home/ubuntu/ireceptor-monitor/performance_scripts/queries/repertoires/pass-field-pcr_target_locus.json,1.845438003540039,2023-01-14 22:34:27.315796,2023-01-14 14:34:27.315796-08:00,scireptor,sciReptor (Germany),,,,pass-field-pcr_target_locus.json,,,,,,,,,,,,,,,,,,,,,,
3,AIRR Data Commons API,API response for repertoire query,1.3,AIRR Community,https://github.com/airr-community,,/home/ubuntu/ireceptor-monitor/performance_scripts/queries/repertoires/pass-field-age-range.json,2.235253095626831,2023-01-14 22:34:29.604028,2023-01-14 14:34:29.604028-08:00,scireptor,sciReptor (Germany),,,,pass-field-age-range.json,,,,,,,,,,,,,,,,,,,,,,
4,AIRR Data Commons API,API response for repertoire query,1.3,AIRR Community,https://github.com/airr-community,,/home/ubuntu/ireceptor-monitor/performance_scripts/queries/repertoires/pass-query2_repertoire.json,1.2438359260559082,2023-01-14 22:34:30.856314,2023-01-14 14:34:30.856314-08:00,scireptor,sciReptor (Germany),,,,pass-query2_repertoire.json,,,,,,,,,,,,,,,,,,,,,,
0,AIRR Data Commons API,API response for repertoire query,1.3,AIRR Community,https://github.com/airr-community,,/home/ubuntu/ireceptor-monitor/performance_scripts/queries/repertoires/pass-all.json,2.383413076400757,2023-01-15 02:34:16.163415,2023-01-14 18:34:16.163415-08:00,scireptor,sciReptor (Germany),,,,pass-all.json,,,,,,,,,,,,,,,,,,,,,,
1,AIRR Data Commons API,API response for repertoire query,1.3,AIRR Community,https://github.com/airr-community,,/home/ubuntu/ireceptor-monitor/performance_scripts/queries/repertoires/pass-field-organism-id.json,2.806039571762085,2023-01-15 02:34:18.994124,2023-01-14 18:34:18.994124-08:00,scireptor,sciReptor (Germany),,,,pass-field-organism-id.json,,,,,,,,,,,,,,,,,,,,,,
2,AIRR Data Commons API,API response for repertoire query,1.3,AIRR Community,https://github.com/airr-community,,/home/ubuntu/ireceptor-monitor/performance_scripts/queries/repertoires/pass-field-pcr_target_locus.json,2.750653028488159,2023-01-15 02:34:21.767676,2023-01-14 18:34:21.767676-08:00,scireptor,sciReptor (Germany),,,,pass-field-pcr_target_locus.json,,,,,,,,,,,,,,,,,,,,,,
3,AIRR Data Commons API,API response for repertoire query,1.3,AIRR Community,https://github.com/airr-community,,/home/ubuntu/ireceptor-monitor/performance_scripts/queries/repertoires/pass-field-age-range.json,2.3269593715667725,2023-01-15 02:34:24.145602,2023-01-14 18:34:24.145602-08:00,scireptor,sciReptor (Germany),,,,pass-field-age-range.json,,,,,,,,,,,,,,,,,,,,,,
4,AIRR Data Commons API,API response for repertoire query,1.3,AIRR Community,https://github.com/airr-community,,/home/ubuntu/ireceptor-monitor/performance_scripts/queries/repertoires/pass-query2_repertoire.json,1.1197600364685059,2023-01-15 02:34:25.273637,2023-01-14 18:34:25.273637-08:00,scireptor,sciReptor (Germany),,,,pass-query2_repertoire.json,,,,,,,,,,,,,,,,,,,,,,
0,AIRR Data Commons API,API response for repertoire query,1.3,AIRR Community,https://github.com/airr-community,,/home/ubuntu/ireceptor-monitor/performance_scripts/queries/repertoires/pass-all.json,2.159444570541382,2023-01-15 06:33:47.876682,2023-01-14 22:33:47.876682-08:00,scireptor,sciReptor (Germany),,,,pass-all.json,,,,,,,,,,,,,,,,,,,,,,
1,AIRR Data Commons API,API response for repertoire query,1.3,AIRR Community,https://github.com/airr-community,,/home/ubuntu/ireceptor-monitor/performance_scripts/queries/repertoires/pass-field-organism-id.json,1.153256893157959,2023-01-15 06:33:49.053848,2023-01-14 22:33:49.053848-08:00,scireptor,sciReptor (Germany),,,,pass-field-organism-id.json,,,,,,,,,,,,,,,,,,,,,,
2,AIRR Data Commons API,API response for repertoire query,1.3,AIRR Community,https://github.com/airr-community,,/home/ubuntu/ireceptor-monitor/performance_scripts/queries/repertoires/pass-field-pcr_target_locus.json,1.7723031044006348,2023-01-15 06:33:50.847474,2023-01-14 22:33:50.847474-08:00,scireptor,sciReptor (Germany),,,,pass-field-pcr_target_locus.json,,,,,,,,,,,,,,,,,,,,,,
3,AIRR Data Commons API,API response for repertoire query,1.3,AIRR Community,https://github.com/airr-community,,/home/ubuntu/ireceptor-monitor/performance_scripts/queries/repertoires/pass-field-age-range.json,2.2009975910186768,2023-01-15 06:33:53.098252,2023-01-14 22:33:53.098252-08:00,scireptor,sciReptor (Germany),,,,pass-field-age-range.json,,,,,,,,,,,,,,,,,,,,,,
4,AIRR Data Commons API,API response for repertoire query,1.3,AIRR Community,https://github.com/airr-community,,/home/ubuntu/ireceptor-monitor/performance_scripts/queries/repertoires/pass-query2_repertoire.json,1.1083335876464844,2023-01-15 06:33:54.214612,2023-01-14 22:33:54.214612-08:00,scireptor,sciReptor (Germany),,,,pass-query2_repertoire.json,,,,,,,,,,,,,,,,,,,,,,
0,AIRR Data Commons API,API response for repertoire query,1.3,AIRR Community,https://github.com/airr-community,,/home/ubuntu/ireceptor-monitor/performance_scripts/queries/repertoires/pass-all.json,2.224772453308105,2023-01-15 10:34:06.776085,2023-01-15 02:34:06.776085-08:00,scireptor,sciReptor (Germany),,,,pass-all.json,,,,,,,,,,,,,,,,,,,,,,
1,AIRR Data Commons API,API response for repertoire query,1.3,AIRR Community,https://github.com/airr-community,,/home/ubuntu/ireceptor-monitor/performance_scripts/queries/repertoires/pass-field-organism-id.json,1.1810693740844729,2023-01-15 10:34:07.980192,2023-01-15 02:34:07.980192-08:00,scireptor,sciReptor (Germany),,,,pass-field-organism-id.json,,,,,,,,,,,,,,,,,,,,,,
2,AIRR Data Commons API,API response for repertoire query,1.3,AIRR Community,https://github.com/airr-community,,/home/ubuntu/ireceptor-monitor/performance_scripts/queries/repertoires/pass-field-pcr_target_locus.json,1.8520050048828125,2023-01-15 10:34:09.854163,2023-01-15 02:34:09.854163-08:00,scireptor,sciReptor (Germany),,,,pass-field-pcr_target_locus.json,,,,,,,,,,,,,,,,,,,,,,
3,AIRR Data Commons API,API response for repertoire query,1.3,AIRR Community,https://github.com/airr-community,,/home/ubuntu/ireceptor-monitor/performance_scripts/queries/repertoires/pass-field-age-range.json,2.2930331230163574,2023-01-15 10:34:12.235797,2023-01-15 02:34:12.235797-08:00,scireptor,sciReptor (Germany),,,,pass-field-age-range.json,,,,,,,,,,,,,,,,,,,,,,
4,AIRR Data Commons API,API response for repertoire query,1.3,AIRR Community,https://github.com/airr-community,,/home/ubuntu/ireceptor-monitor/performance_scripts/queries/repertoires/pass-query2_repertoire.json,1.2655730247497559,2023-01-15 10:34:13.509650,2023-01-15 02:34:13.509650-08:00,scireptor,sciReptor (Germany),,,,pass-query2_repertoire.json,,,,,,,,,,,,,,,,,,,,,,
0,AIRR Data Commons API,API response for repertoire query,1.3,AIRR Community,https://github.com/airr-community,,/home/ubuntu/ireceptor-monitor/performance_scripts/queries/repertoires/pass-all.json,3.8936960697174072,2023-01-15 14:34:11.849702,2023-01-15 06:34:11.849702-08:00,scireptor,sciReptor (Germany),,,,pass-all.json,,,,,,,,,,,,,,,,,,,,,,
1,AIRR Data Commons API,API response for repertoire query,1.3,AIRR Community,https://github.com/airr-community,,/home/ubuntu/ireceptor-monitor/performance_scripts/queries/repertoires/pass-field-organism-id.json,1.159965991973877,2023-01-15 14:34:13.035715,2023-01-15 06:34:13.035715-08:00,scireptor,sciReptor (Germany),,,,pass-field-organism-id.json,,,,,,,,,,,,,,,,,,,,,,
2,AIRR Data Commons API,API response for repertoire query,1.3,AIRR Community,https://github.com/airr-community,,/home/ubuntu/ireceptor-monitor/performance_scripts/queries/repertoires/pass-field-pcr_target_locus.json,1.984271049499512,2023-01-15 14:34:15.041074,2023-01-15 06:34:15.041074-08:00,scireptor,sciReptor (Germany),,,,pass-field-pcr_target_locus.json,,,,,,,,,,,,,,,,,,,,,,
3,AIRR Data Commons API,API response for repertoire query,1.3,AIRR Community,https://github.com/airr-community,,/home/ubuntu/ireceptor-monitor/performance_scripts/queries/repertoires/pass-field-age-range.json,2.211747407913208,2023-01-15 14:34:17.300541,2023-01-15 06:34:17.300541-08:00,scireptor,sciReptor (Germany),,,,pass-field-age-range.json,,,,,,,,,,,,,,,,,,,,,,
4,AIRR Data Commons API,API response for repertoire query,1.3,AIRR Community,https://github.com/airr-community,,/home/ubuntu/ireceptor-monitor/performance_scripts/queries/repertoires/pass-query2_repertoire.json,1.1420128345489502,2023-01-15 14:34:18.450773,2023-01-15 06:34:18.450773-08:00,scireptor,sciReptor (Germany),,,,pass-query2_repertoire.json,,,,,,,,,,,,,,,,,,,,,,
0,AIRR Data Commons API,API response for repertoire query,1.3,AIRR Community,https://github.com/airr-community,,/home/ubuntu/ireceptor-monitor/performance_scripts/queries/repertoires/pass-all.json,2.1979527473449707,2023-01-15 18:33:26.257688,2023-01-15 10:33:26.257688-08:00,scireptor,sciReptor (Germany),,,,pass-all.json,,,,,,,,,,,,,,,,,,,,,,
1,AIRR Data Commons API,API response for repertoire query,1.3,AIRR Community,https://github.com/airr-community,,/home/ubuntu/ireceptor-monitor/performance_scripts/queries/repertoires/pass-field-organism-id.json,1.3962335586547852,2023-01-15 18:33:27.678587,2023-01-15 10:33:27.678587-08:00,scireptor,sciReptor (Germany),,,,pass-field-organism-id.json,,,,,,,,,,,,,,,,,,,,,,
2,AIRR Data Commons API,API response for repertoire query,1.3,AIRR Community,https://github.com/airr-community,,/home/ubuntu/ireceptor-monitor/performance_scripts/queries/repertoires/pass-field-pcr_target_locus.json,1.8620102405548096,2023-01-15 18:33:29.562765,2023-01-15 10:33:29.562765-08:00,scireptor,sciReptor (Germany),,,,pass-field-pcr_target_locus.json,,,,,,,,,,,,,,,,,,,,,,
3,AIRR Data Commons API,API response for repertoire query,1.3,AIRR Community,https://github.com/airr-community,,/home/ubuntu/ireceptor-monitor/performance_scripts/queries/repertoires/pass-field-age-range.json,2.388137102127075,2023-01-15 18:33:32.001378,2023-01-15 10:33:32.001378-08:00,scireptor,sciReptor (Germany),,,,pass-field-age-range.json,,,,,,,,,,,,,,,,,,,,,,
4,AIRR Data Commons API,API response for repertoire query,1.3,AIRR Community,https://github.com/airr-community,,/home/ubuntu/ireceptor-monitor/performance_scripts/queries/repertoires/pass-query2_repertoire.json,1.2477009296417236,2023-01-15 18:33:33.257782,2023-01-15 10:33:33.257782-08:00,scireptor,sciReptor (Germany),,,,pass-query2_repertoire.json,,,,,,,,,,,,,,,,,,,,,,
0,AIRR Data Commons API,API response for repertoire query,1.3,AIRR Community,https://github.com/airr-community,,/home/ubuntu/ireceptor-monitor/performance_scripts/queries/repertoires/pass-all.json,2.3300774097442627,2023-01-15 22:34:18.276979,2023-01-15 14:34:18.276979-08:00,scireptor,sciReptor (Germany),,,,pass-all.json,,,,,,,,,,,,,,,,,,,,,,
1,AIRR Data Commons API,API response for repertoire query,1.3,AIRR Community,https://github.com/airr-community,,/home/ubuntu/ireceptor-monitor/performance_scripts/queries/repertoires/pass-field-organism-id.json,1.129760980606079,2023-01-15 22:34:19.432078,2023-01-15 14:34:19.432078-08:00,scireptor,sciReptor (Germany),,,,pass-field-organism-id.json,,,,,,,,,,,,,,,,,,,,,,
2,AIRR Data Commons API,API response for repertoire query,1.3,AIRR Community,https://github.com/airr-community,,/home/ubuntu/ireceptor-monitor/performance_scripts/queries/repertoires/pass-field-pcr_target_locus.json,1.9431722164154053,2023-01-15 22:34:21.397801,2023-01-15 14:34:21.397801-08:00,scireptor,sciReptor (Germany),,,,pass-field-pcr_target_locus.json,,,,,,,,,,,,,,,,,,,,,,
3,AIRR Data Commons API,API response for repertoire query,1.3,AIRR Community,https://github.com/airr-community,,/home/ubuntu/ireceptor-monitor/performance_scripts/queries/repertoires/pass-field-age-range.json,2.2550885677337646,2023-01-15 22:34:23.704760,2023-01-15 14:34:23.704760-08:00,scireptor,sciReptor (Germany),,,,pass-field-age-range.json,,,,,,,,,,,,,,,,,,,,,,
4,AIRR Data Commons API,API response for repertoire query,1.3,AIRR Community,https://github.com/airr-community,,/home/ubuntu/ireceptor-monitor/performance_scripts/queries/repertoires/pass-query2_repertoire.json,1.3905982971191406,2023-01-15 22:34:25.104219,2023-01-15 14:34:25.104219-08:00,scireptor,sciReptor (Germany),,,,pass-query2_repertoire.json,,,,,,,,,,,,,,,,,,,,,,
0,AIRR Data Commons API,API response for repertoire query,1.3,AIRR Community,https://github.com/airr-community,,/home/ubuntu/ireceptor-monitor/performance_scripts/queries/repertoires/pass-all.json,2.266342878341675,2023-01-16 02:33:39.310167,2023-01-15 18:33:39.310167-08:00,scireptor,sciReptor (Germany),,,,pass-all.json,,,,,,,,,,,,,,,,,,,,,,
1,AIRR Data Commons API,API response for repertoire query,1.3,AIRR Community,https://github.com/airr-community,,/home/ubuntu/ireceptor-monitor/performance_scripts/queries/repertoires/pass-field-organism-id.json,1.2046315670013428,2023-01-16 02:33:40.539135,2023-01-15 18:33:40.539135-08:00,scireptor,sciReptor (Germany),,,,pass-field-organism-id.json,,,,,,,,,,,,,,,,,,,,,,
2,AIRR Data Commons API,API response for repertoire query,1.3,AIRR Community,https://github.com/airr-community,,/home/ubuntu/ireceptor-monitor/performance_scripts/queries/repertoires/pass-field-pcr_target_locus.json,2.021400690078736,2023-01-16 02:33:42.582158,2023-01-15 18:33:42.582158-08:00,scireptor,sciReptor (Germany),,,,pass-field-pcr_target_locus.json,,,,,,,,,,,,,,,,,,,,,,
3,AIRR Data Commons API,API response for repertoire query,1.3,AIRR Community,https://github.com/airr-community,,/home/ubuntu/ireceptor-monitor/performance_scripts/queries/repertoires/pass-field-age-range.json,2.309612512588501,2023-01-16 02:33:44.941000,2023-01-15 18:33:44.941000-08:00,scireptor,sciReptor (Germany),,,,pass-field-age-range.json,,,,,,,,,,,,,,,,,,,,,,
4,AIRR Data Commons API,API response for repertoire query,1.3,AIRR Community,https://github.com/airr-community,,/home/ubuntu/ireceptor-monitor/performance_scripts/queries/repertoires/pass-query2_repertoire.json,1.2156696319580078,2023-01-16 02:33:46.164503,2023-01-15 18:33:46.164503-08:00,scireptor,sciReptor (Germany),,,,pass-query2_repertoire.json,,,,,,,,,,,,,,,,,,,,,,
0,AIRR Data Commons API,API response for repertoire query,1.3,AIRR Community,https://github.com/airr-community,,/home/ubuntu/ireceptor-monitor/performance_scripts/queries/repertoires/pass-all.json,2.219198703765869,2023-01-16 06:34:15.464811,2023-01-15 22:34:15.464811-08:00,scireptor,sciReptor (Germany),,,,pass-all.json,,,,,,,,,,,,,,,,,,,,,,
1,AIRR Data Commons API,API response for repertoire query,1.3,AIRR Community,https://github.com/airr-community,,/home/ubuntu/ireceptor-monitor/performance_scripts/queries/repertoires/pass-field-organism-id.json,1.2198171615600586,2023-01-16 06:34:16.708502,2023-01-15 22:34:16.708502-08:00,scireptor,sciReptor (Germany),,,,pass-field-organism-id.json,,,,,,,,,,,,,,,,,,,,,,
2,AIRR Data Commons API,API response for repertoire query,1.3,AIRR Community,https://github.com/airr-community,,/home/ubuntu/ireceptor-monitor/performance_scripts/queries/repertoires/pass-field-pcr_target_locus.json,1.8164358139038088,2023-01-16 06:34:18.546808,2023-01-15 22:34:18.546808-08:00,scireptor,sciReptor (Germany),,,,pass-field-pcr_target_locus.json,,,,,,,,,,,,,,,,,,,,,,
3,AIRR Data Commons API,API response for repertoire query,1.3,AIRR Community,https://github.com/airr-community,,/home/ubuntu/ireceptor-monitor/performance_scripts/queries/repertoires/pass-field-age-range.json,2.3728904724121094,2023-01-16 06:34:20.968178,2023-01-15 22:34:20.968178-08:00,scireptor,sciReptor (Germany),,,,pass-field-age-range.json,,,,,,,,,,,,,,,,,,,,,,
4,AIRR Data Commons API,API response for repertoire query,1.3,AIRR Community,https://github.com/airr-community,,/home/ubuntu/ireceptor-monitor/performance_scripts/queries/repertoires/pass-query2_repertoire.json,1.287134885787964,2023-01-16 06:34:22.263243,2023-01-15 22:34:22.263243-08:00,scireptor,sciReptor (Germany),,,,pass-query2_repertoire.json,,,,,,,,,,,,,,,,,,,,,,
0,AIRR Data Commons API,API response for repertoire query,1.3,AIRR Community,https://github.com/airr-community,,/home/ubuntu/ireceptor-monitor/performance_scripts/queries/repertoires/pass-all.json,2.150603771209717,2023-01-16 10:33:50.065326,2023-01-16 02:33:50.065326-08:00,scireptor,sciReptor (Germany),,,,pass-all.json,,,,,,,,,,,,,,,,,,,,,,
1,AIRR Data Commons API,API response for repertoire query,1.3,AIRR Community,https://github.com/airr-community,,/home/ubuntu/ireceptor-monitor/performance_scripts/queries/repertoires/pass-field-organism-id.json,1.1504302024841309,2023-01-16 10:33:51.239270,2023-01-16 02:33:51.239270-08:00,scireptor,sciReptor (Germany),,,,pass-field-organism-id.json,,,,,,,,,,,,,,,,,,,,,,
2,AIRR Data Commons API,API response for repertoire query,1.3,AIRR Community,https://github.com/airr-community,,/home/ubuntu/ireceptor-monitor/performance_scripts/queries/repertoires/pass-field-pcr_target_locus.json,1.772651195526123,2023-01-16 10:33:53.033669,2023-01-16 02:33:53.033669-08:00,scireptor,sciReptor (Germany),,,,pass-field-pcr_target_locus.json,,,,,,,,,,,,,,,,,,,,,,
3,AIRR Data Commons API,API response for repertoire query,1.3,AIRR Community,https://github.com/airr-community,,/home/ubuntu/ireceptor-monitor/performance_scripts/queries/repertoires/pass-field-age-range.json,2.254673719406128,2023-01-16 10:33:55.337100,2023-01-16 02:33:55.337100-08:00,scireptor,sciReptor (Germany),,,,pass-field-age-range.json,,,,,,,,,,,,,,,,,,,,,,
4,AIRR Data Commons API,API response for repertoire query,1.3,AIRR Community,https://github.com/airr-community,,/home/ubuntu/ireceptor-monitor/performance_scripts/queries/repertoires/pass-query2_repertoire.json,1.2108464241027832,2023-01-16 10:33:56.555957,2023-01-16 02:33:56.555957-08:00,scireptor,sciReptor (Germany),,,,pass-query2_repertoire.json,,,,,,,,,,,,,,,,,,,,,,
0,AIRR Data Commons API,API response for repertoire query,1.3,AIRR Community,https://github.com/airr-community,,/home/ubuntu/ireceptor-monitor/performance_scripts/queries/repertoires/pass-all.json,2.226898431777954,2023-01-16 14:33:52.678962,2023-01-16 06:33:52.678962-08:00,scireptor,sciReptor (Germany),,,,pass-all.json,,,,,,,,,,,,,,,,,,,,,,
1,AIRR Data Commons API,API response for repertoire query,1.3,AIRR Community,https://github.com/airr-community,,/home/ubuntu/ireceptor-monitor/performance_scripts/queries/repertoires/pass-field-organism-id.json,1.1563374996185305,2023-01-16 14:33:53.859089,2023-01-16 06:33:53.859089-08:00,scireptor,sciReptor (Germany),,,,pass-field-organism-id.json,,,,,,,,,,,,,,,,,,,,,,
2,AIRR Data Commons API,API response for repertoire query,1.3,AIRR Community,https://github.com/airr-community,,/home/ubuntu/ireceptor-monitor/performance_scripts/queries/repertoires/pass-field-pcr_target_locus.json,1.897275686264038,2023-01-16 14:33:55.778191,2023-01-16 06:33:55.778191-08:00,scireptor,sciReptor (Germany),,,,pass-field-pcr_target_locus.json,,,,,,,,,,,,,,,,,,,,,,
3,AIRR Data Commons API,API response for repertoire query,1.3,AIRR Community,https://github.com/airr-community,,/home/ubuntu/ireceptor-monitor/performance_scripts/queries/repertoires/pass-field-age-range.json,2.224201440811157,2023-01-16 14:33:58.051357,2023-01-16 06:33:58.051357-08:00,scireptor,sciReptor (Germany),,,,pass-field-age-range.json,,,,,,,,,,,,,,,,,,,,,,
4,AIRR Data Commons API,API response for repertoire query,1.3,AIRR Community,https://github.com/airr-community,,/home/ubuntu/ireceptor-monitor/performance_scripts/queries/repertoires/pass-query2_repertoire.json,1.1925783157348633,2023-01-16 14:33:59.251968,2023-01-16 06:33:59.251968-08:00,scireptor,sciReptor (Germany),,,,pass-query2_repertoire.json,,,,,,,,,,,,,,,,,,,,,,
0,AIRR Data Commons API,API response for repertoire query,1.3,AIRR Community,https://github.com/airr-community,,/home/ubuntu/ireceptor-monitor/performance_scripts/queries/repertoires/pass-all.json,2.2053167819976807,2023-01-16 18:33:48.014909,2023-01-16 10:33:48.014909-08:00,scireptor,sciReptor (Germany),,,,pass-all.json,,,,,,,,,,,,,,,,,,,,,,
1,AIRR Data Commons API,API response for repertoire query,1.3,AIRR Community,https://github.com/airr-community,,/home/ubuntu/ireceptor-monitor/performance_scripts/queries/repertoires/pass-field-organism-id.json,1.1047849655151367,2023-01-16 18:33:49.143893,2023-01-16 10:33:49.143893-08:00,scireptor,sciReptor (Germany),,,,pass-field-organism-id.json,,,,,,,,,,,,,,,,,,,,,,
2,AIRR Data Commons API,API response for repertoire query,1.3,AIRR Community,https://github.com/airr-community,,/home/ubuntu/ireceptor-monitor/performance_scripts/queries/repertoires/pass-field-pcr_target_locus.json,1.793593406677246,2023-01-16 18:33:50.958852,2023-01-16 10:33:50.958852-08:00,scireptor,sciReptor (Germany),,,,pass-field-pcr_target_locus.json,,,,,,,,,,,,,,,,,,,,,,
3,AIRR Data Commons API,API response for repertoire query,1.3,AIRR Community,https://github.com/airr-community,,/home/ubuntu/ireceptor-monitor/performance_scripts/queries/repertoires/pass-field-age-range.json,2.28874135017395,2023-01-16 18:33:53.295144,2023-01-16 10:33:53.295144-08:00,scireptor,sciReptor (Germany),,,,pass-field-age-range.json,,,,,,,,,,,,,,,,,,,,,,
4,AIRR Data Commons API,API response for repertoire query,1.3,AIRR Community,https://github.com/airr-community,,/home/ubuntu/ireceptor-monitor/performance_scripts/queries/repertoires/pass-query2_repertoire.json,1.1286609172821045,2023-01-16 18:33:54.431725,2023-01-16 10:33:54.431725-08:00,scireptor,sciReptor (Germany),,,,pass-query2_repertoire.json,,,,,,,,,,,,,,,,,,,,,,
0,AIRR Data Commons API,API response for repertoire query,1.3,AIRR Community,https://github.com/airr-community,,/home/ubuntu/ireceptor-monitor/performance_scripts/queries/repertoires/pass-all.json,2.232956647872925,2023-01-16 22:34:23.809413,2023-01-16 14:34:23.809413-08:00,scireptor,sciReptor (Germany),,,,pass-all.json,,,,,,,,,,,,,,,,,,,,,,
1,AIRR Data Commons API,API response for repertoire query,1.3,AIRR Community,https://github.com/airr-community,,/home/ubuntu/ireceptor-monitor/performance_scripts/queries/repertoires/pass-field-organism-id.json,1.3025100231170654,2023-01-16 22:34:25.136989,2023-01-16 14:34:25.136989-08:00,scireptor,sciReptor (Germany),,,,pass-field-organism-id.json,,,,,,,,,,,,,,,,,,,,,,
2,AIRR Data Commons API,API response for repertoire query,1.3,AIRR Community,https://github.com/airr-community,,/home/ubuntu/ireceptor-monitor/performance_scripts/queries/repertoires/pass-field-pcr_target_locus.json,1.8083033561706543,2023-01-16 22:34:26.967411,2023-01-16 14:34:26.967411-08:00,scireptor,sciReptor (Germany),,,,pass-field-pcr_target_locus.json,,,,,,,,,,,,,,,,,,,,,,
3,AIRR Data Commons API,API response for repertoire query,1.3,AIRR Community,https://github.com/airr-community,,/home/ubuntu/ireceptor-monitor/performance_scripts/queries/repertoires/pass-field-age-range.json,2.4215872287750244,2023-01-16 22:34:29.439407,2023-01-16 14:34:29.439407-08:00,scireptor,sciReptor (Germany),,,,pass-field-age-range.json,,,,,,,,,,,,,,,,,,,,,,
4,AIRR Data Commons API,API response for repertoire query,1.3,AIRR Community,https://github.com/airr-community,,/home/ubuntu/ireceptor-monitor/performance_scripts/queries/repertoires/pass-query2_repertoire.json,1.195801019668579,2023-01-16 22:34:30.643226,2023-01-16 14:34:30.643226-08:00,scireptor,sciReptor (Germany),,,,pass-query2_repertoire.json,,,,,,,,,,,,,,,,,,,,,,
0,AIRR Data Commons API,API response for repertoire query,1.3,AIRR Community,https://github.com/airr-community,,/home/ubuntu/ireceptor-monitor/performance_scripts/queries/repertoires/pass-all.json,2.308846235275269,2023-01-17 02:34:15.704294,2023-01-16 18:34:15.704294-08:00,scireptor,sciReptor (Germany),,,,pass-all.json,,,,,,,,,,,,,,,,,,,,,,
1,AIRR Data Commons API,API response for repertoire query,1.3,AIRR Community,https://github.com/airr-community,,/home/ubuntu/ireceptor-monitor/performance_scripts/queries/repertoires/pass-field-organism-id.json,1.216073751449585,2023-01-17 02:34:16.952972,2023-01-16 18:34:16.952972-08:00,scireptor,sciReptor (Germany),,,,pass-field-organism-id.json,,,,,,,,,,,,,,,,,,,,,,
2,AIRR Data Commons API,API response for repertoire query,1.3,AIRR Community,https://github.com/airr-community,,/home/ubuntu/ireceptor-monitor/performance_scripts/queries/repertoires/pass-field-pcr_target_locus.json,1.879979372024536,2023-01-17 02:34:18.854047,2023-01-16 18:34:18.854047-08:00,scireptor,sciReptor (Germany),,,,pass-field-pcr_target_locus.json,,,,,,,,,,,,,,,,,,,,,,
3,AIRR Data Commons API,API response for repertoire query,1.3,AIRR Community,https://github.com/airr-community,,/home/ubuntu/ireceptor-monitor/performance_scripts/queries/repertoires/pass-field-age-range.json,2.2846953868865967,2023-01-17 02:34:21.187248,2023-01-16 18:34:21.187248-08:00,scireptor,sciReptor (Germany),,,,pass-field-age-range.json,,,,,,,,,,,,,,,,,,,,,,
4,AIRR Data Commons API,API response for repertoire query,1.3,AIRR Community,https://github.com/airr-community,,/home/ubuntu/ireceptor-monitor/performance_scripts/queries/repertoires/pass-query2_repertoire.json,1.2826986312866209,2023-01-17 02:34:22.478008,2023-01-16 18:34:22.478008-08:00,scireptor,sciReptor (Germany),,,,pass-query2_repertoire.json,,,,,,,,,,,,,,,,,,,,,,
0,AIRR Data Commons API,API response for repertoire query,1.3,AIRR Community,https://github.com/airr-community,,/home/ubuntu/ireceptor-monitor/performance_scripts/queries/repertoires/pass-all.json,2.3265156745910645,2023-01-17 06:34:20.356937,2023-01-16 22:34:20.356937-08:00,scireptor,sciReptor (Germany),,,,pass-all.json,,,,,,,,,,,,,,,,,,,,,,
1,AIRR Data Commons API,API response for repertoire query,1.3,AIRR Community,https://github.com/airr-community,,/home/ubuntu/ireceptor-monitor/performance_scripts/queries/repertoires/pass-field-organism-id.json,1.220956802368164,2023-01-17 06:34:21.601678,2023-01-16 22:34:21.601678-08:00,scireptor,sciReptor (Germany),,,,pass-field-organism-id.json,,,,,,,,,,,,,,,,,,,,,,
2,AIRR Data Commons API,API response for repertoire query,1.3,AIRR Community,https://github.com/airr-community,,/home/ubuntu/ireceptor-monitor/performance_scripts/queries/repertoires/pass-field-pcr_target_locus.json,1.822916030883789,2023-01-17 06:34:23.445816,2023-01-16 22:34:23.445816-08:00,scireptor,sciReptor (Germany),,,,pass-field-pcr_target_locus.json,,,,,,,,,,,,,,,,,,,,,,
3,AIRR Data Commons API,API response for repertoire query,1.3,AIRR Community,https://github.com/airr-community,,/home/ubuntu/ireceptor-monitor/performance_scripts/queries/repertoires/pass-field-age-range.json,2.382818460464477,2023-01-17 06:34:25.877420,2023-01-16 22:34:25.877420-08:00,scireptor,sciReptor (Germany),,,,pass-field-age-range.json,,,,,,,,,,,,,,,,,,,,,,
4,AIRR Data Commons API,API response for repertoire query,1.3,AIRR Community,https://github.com/airr-community,,/home/ubuntu/ireceptor-monitor/performance_scripts/queries/repertoires/pass-query2_repertoire.json,1.216827630996704,2023-01-17 06:34:27.102142,2023-01-16 22:34:27.102142-08:00,scireptor,sciReptor (Germany),,,,pass-query2_repertoire.json,,,,,,,,,,,,,,,,,,,,,,
0,AIRR Data Commons API,API response for repertoire query,1.3,AIRR Community,https://github.com/airr-community,,/home/ubuntu/ireceptor-monitor/performance_scripts/queries/repertoires/pass-all.json,2.2116048336029053,2023-01-17 10:34:00.893603,2023-01-17 02:34:00.893603-08:00,scireptor,sciReptor (Germany),,,,pass-all.json,,,,,,,,,,,,,,,,,,,,,,
1,AIRR Data Commons API,API response for repertoire query,1.3,AIRR Community,https://github.com/airr-community,,/home/ubuntu/ireceptor-monitor/performance_scripts/queries/repertoires/pass-field-organism-id.json,1.114612340927124,2023-01-17 10:34:02.032114,2023-01-17 02:34:02.032114-08:00,scireptor,sciReptor (Germany),,,,pass-field-organism-id.json,,,,,,,,,,,,,,,,,,,,,,
2,AIRR Data Commons API,API response for repertoire query,1.3,AIRR Community,https://github.com/airr-community,,/home/ubuntu/ireceptor-monitor/performance_scripts/queries/repertoires/pass-field-pcr_target_locus.json,1.892252445220948,2023-01-17 10:34:03.945718,2023-01-17 02:34:03.945718-08:00,scireptor,sciReptor (Germany),,,,pass-field-pcr_target_locus.json,,,,,,,,,,,,,,,,,,,,,,
3,AIRR Data Commons API,API response for repertoire query,1.3,AIRR Community,https://github.com/airr-community,,/home/ubuntu/ireceptor-monitor/performance_scripts/queries/repertoires/pass-field-age-range.json,2.292855024337769,2023-01-17 10:34:06.287213,2023-01-17 02:34:06.287213-08:00,scireptor,sciReptor (Germany),,,,pass-field-age-range.json,,,,,,,,,,,,,,,,,,,,,,
4,AIRR Data Commons API,API response for repertoire query,1.3,AIRR Community,https://github.com/airr-community,,/home/ubuntu/ireceptor-monitor/performance_scripts/queries/repertoires/pass-query2_repertoire.json,1.3362042903900146,2023-01-17 10:34:07.631804,2023-01-17 02:34:07.631804-08:00,scireptor,sciReptor (Germany),,,,pass-query2_repertoire.json,,,,,,,,,,,,,,,,,,,,,,
0,AIRR Data Commons API,API response for repertoire query,1.3,AIRR Community,https://github.com/airr-community,,/home/ubuntu/ireceptor-monitor/performance_scripts/queries/repertoires/pass-all.json,2.39853835105896,2023-01-17 14:33:56.024748,2023-01-17 06:33:56.024748-08:00,scireptor,sciReptor (Germany),,,,pass-all.json,,,,,,,,,,,,,,,,,,,,,,
1,AIRR Data Commons API,API response for repertoire query,1.3,AIRR Community,https://github.com/airr-community,,/home/ubuntu/ireceptor-monitor/performance_scripts/queries/repertoires/pass-field-organism-id.json,1.1349196434020996,2023-01-17 14:33:57.183428,2023-01-17 06:33:57.183428-08:00,scireptor,sciReptor (Germany),,,,pass-field-organism-id.json,,,,,,,,,,,,,,,,,,,,,,
2,AIRR Data Commons API,API response for repertoire query,1.3,AIRR Community,https://github.com/airr-community,,/home/ubuntu/ireceptor-monitor/performance_scripts/queries/repertoires/pass-field-pcr_target_locus.json,2.0661864280700684,2023-01-17 14:33:59.271397,2023-01-17 06:33:59.271397-08:00,scireptor,sciReptor (Germany),,,,pass-field-pcr_target_locus.json,,,,,,,,,,,,,,,,,,,,,,
3,AIRR Data Commons API,API response for repertoire query,1.3,AIRR Community,https://github.com/airr-community,,/home/ubuntu/ireceptor-monitor/performance_scripts/queries/repertoires/pass-field-age-range.json,2.226526021957397,2023-01-17 14:34:01.546642,2023-01-17 06:34:01.546642-08:00,scireptor,sciReptor (Germany),,,,pass-field-age-range.json,,,,,,,,,,,,,,,,,,,,,,
4,AIRR Data Commons API,API response for repertoire query,1.3,AIRR Community,https://github.com/airr-community,,/home/ubuntu/ireceptor-monitor/performance_scripts/queries/repertoires/pass-query2_repertoire.json,1.269259691238403,2023-01-17 14:34:02.824239,2023-01-17 06:34:02.824239-08:00,scireptor,sciReptor (Germany),,,,pass-query2_repertoire.json,,,,,,,,,,,,,,,,,,,,,,
0,AIRR Data Commons API,API response for repertoire query,1.3,AIRR Community,https://github.com/airr-community,,/home/ubuntu/ireceptor-monitor/performance_scripts/queries/repertoires/pass-all.json,2.3718326091766357,2023-01-17 18:33:32.661161,2023-01-17 10:33:32.661161-08:00,scireptor,sciReptor (Germany),,,,pass-all.json,,,,,,,,,,,,,,,,,,,,,,
1,AIRR Data Commons API,API response for repertoire query,1.3,AIRR Community,https://github.com/airr-community,,/home/ubuntu/ireceptor-monitor/performance_scripts/queries/repertoires/pass-field-organism-id.json,1.190974473953247,2023-01-17 18:33:33.875937,2023-01-17 10:33:33.875937-08:00,scireptor,sciReptor (Germany),,,,pass-field-organism-id.json,,,,,,,,,,,,,,,,,,,,,,
2,AIRR Data Commons API,API response for repertoire query,1.3,AIRR Community,https://github.com/airr-community,,/home/ubuntu/ireceptor-monitor/performance_scripts/queries/repertoires/pass-field-pcr_target_locus.json,2.0019998550415044,2023-01-17 18:33:35.900328,2023-01-17 10:33:35.900328-08:00,scireptor,sciReptor (Germany),,,,pass-field-pcr_target_locus.json,,,,,,,,,,,,,,,,,,,,,,
3,AIRR Data Commons API,API response for repertoire query,1.3,AIRR Community,https://github.com/airr-community,,/home/ubuntu/ireceptor-monitor/performance_scripts/queries/repertoires/pass-field-age-range.json,2.1993496417999268,2023-01-17 18:33:38.148768,2023-01-17 10:33:38.148768-08:00,scireptor,sciReptor (Germany),,,,pass-field-age-range.json,,,,,,,,,,,,,,,,,,,,,,
4,AIRR Data Commons API,API response for repertoire query,1.3,AIRR Community,https://github.com/airr-community,,/home/ubuntu/ireceptor-monitor/performance_scripts/queries/repertoires/pass-query2_repertoire.json,1.180316686630249,2023-01-17 18:33:39.337064,2023-01-17 10:33:39.337064-08:00,scireptor,sciReptor (Germany),,,,pass-query2_repertoire.json,,,,,,,,,,,,,,,,,,,,,,
0,AIRR Data Commons API,API response for repertoire query,1.3,AIRR Community,https://github.com/airr-community,,/home/ubuntu/ireceptor-monitor/performance_scripts/queries/repertoires/pass-all.json,2.2912440299987797,2023-01-17 22:34:08.249577,2023-01-17 14:34:08.249577-08:00,scireptor,sciReptor (Germany),,,,pass-all.json,,,,,,,,,,,,,,,,,,,,,,
1,AIRR Data Commons API,API response for repertoire query,1.3,AIRR Community,https://github.com/airr-community,,/home/ubuntu/ireceptor-monitor/performance_scripts/queries/repertoires/pass-field-organism-id.json,1.0877616405487058,2023-01-17 22:34:09.361176,2023-01-17 14:34:09.361176-08:00,scireptor,sciReptor (Germany),,,,pass-field-organism-id.json,,,,,,,,,,,,,,,,,,,,,,
2,AIRR Data Commons API,API response for repertoire query,1.3,AIRR Community,https://github.com/airr-community,,/home/ubuntu/ireceptor-monitor/performance_scripts/queries/repertoires/pass-field-pcr_target_locus.json,1.9721081256866453,2023-01-17 22:34:11.354552,2023-01-17 14:34:11.354552-08:00,scireptor,sciReptor (Germany),,,,pass-field-pcr_target_locus.json,,,,,,,,,,,,,,,,,,,,,,
3,AIRR Data Commons API,API response for repertoire query,1.3,AIRR Community,https://github.com/airr-community,,/home/ubuntu/ireceptor-monitor/performance_scripts/queries/repertoires/pass-field-age-range.json,2.186007261276245,2023-01-17 22:34:13.589374,2023-01-17 14:34:13.589374-08:00,scireptor,sciReptor (Germany),,,,pass-field-age-range.json,,,,,,,,,,,,,,,,,,,,,,
4,AIRR Data Commons API,API response for repertoire query,1.3,AIRR Community,https://github.com/airr-community,,/home/ubuntu/ireceptor-monitor/performance_scripts/queries/repertoires/pass-query2_repertoire.json,1.195051908493042,2023-01-17 22:34:14.792939,2023-01-17 14:34:14.792939-08:00,scireptor,sciReptor (Germany),,,,pass-query2_repertoire.json,,,,,,,,,,,,,,,,,,,,,,
0,AIRR Data Commons API,API response for repertoire query,1.3,AIRR Community,https://github.com/airr-community,,/home/ubuntu/ireceptor-monitor/performance_scripts/queries/repertoires/pass-all.json,2.1894748210906982,2023-01-18 02:33:45.462318,2023-01-17 18:33:45.462318-08:00,scireptor,sciReptor (Germany),,,,pass-all.json,,,,,,,,,,,,,,,,,,,,,,
1,AIRR Data Commons API,API response for repertoire query,1.3,AIRR Community,https://github.com/airr-community,,/home/ubuntu/ireceptor-monitor/performance_scripts/queries/repertoires/pass-field-organism-id.json,1.0791947841644287,2023-01-18 02:33:46.564877,2023-01-17 18:33:46.564877-08:00,scireptor,sciReptor (Germany),,,,pass-field-organism-id.json,,,,,,,,,,,,,,,,,,,,,,
2,AIRR Data Commons API,API response for repertoire query,1.3,AIRR Community,https://github.com/airr-community,,/home/ubuntu/ireceptor-monitor/performance_scripts/queries/repertoires/pass-field-pcr_target_locus.json,1.951321363449097,2023-01-18 02:33:48.538705,2023-01-17 18:33:48.538705-08:00,scireptor,sciReptor (Germany),,,,pass-field-pcr_target_locus.json,,,,,,,,,,,,,,,,,,,,,,
3,AIRR Data Commons API,API response for repertoire query,1.3,AIRR Community,https://github.com/airr-community,,/home/ubuntu/ireceptor-monitor/performance_scripts/queries/repertoires/pass-field-age-range.json,2.137765645980835,2023-01-18 02:33:50.725540,2023-01-17 18:33:50.725540-08:00,scireptor,sciReptor (Germany),,,,pass-field-age-range.json,,,,,,,,,,,,,,,,,,,,,,
4,AIRR Data Commons API,API response for repertoire query,1.3,AIRR Community,https://github.com/airr-community,,/home/ubuntu/ireceptor-monitor/performance_scripts/queries/repertoires/pass-query2_repertoire.json,1.0662426948547363,2023-01-18 02:33:51.800320,2023-01-17 18:33:51.800320-08:00,scireptor,sciReptor (Germany),,,,pass-query2_repertoire.json,,,,,,,,,,,,,,,,,,,,,,
0,AIRR Data Commons API,API response for repertoire query,1.3,AIRR Community,https://github.com/airr-community,,/home/ubuntu/ireceptor-monitor/performance_scripts/queries/repertoires/pass-all.json,2.347857713699341,2023-01-18 06:34:00.107880,2023-01-17 22:34:00.107880-08:00,scireptor,sciReptor (Germany),,,,pass-all.json,,,,,,,,,,,,,,,,,,,,,,
1,AIRR Data Commons API,API response for repertoire query,1.3,AIRR Community,https://github.com/airr-community,,/home/ubuntu/ireceptor-monitor/performance_scripts/queries/repertoires/pass-field-organism-id.json,1.2223374843597412,2023-01-18 06:34:01.356013,2023-01-17 22:34:01.356013-08:00,scireptor,sciReptor (Germany),,,,pass-field-organism-id.json,,,,,,,,,,,,,,,,,,,,,,
2,AIRR Data Commons API,API response for repertoire query,1.3,AIRR Community,https://github.com/airr-community,,/home/ubuntu/ireceptor-monitor/performance_scripts/queries/repertoires/pass-field-pcr_target_locus.json,2.037682294845581,2023-01-18 06:34:03.416234,2023-01-17 22:34:03.416234-08:00,scireptor,sciReptor (Germany),,,,pass-field-pcr_target_locus.json,,,,,,,,,,,,,,,,,,,,,,
3,AIRR Data Commons API,API response for repertoire query,1.3,AIRR Community,https://github.com/airr-community,,/home/ubuntu/ireceptor-monitor/performance_scripts/queries/repertoires/pass-field-age-range.json,2.334317207336426,2023-01-18 06:34:05.798290,2023-01-17 22:34:05.798290-08:00,scireptor,sciReptor (Germany),,,,pass-field-age-range.json,,,,,,,,,,,,,,,,,,,,,,
4,AIRR Data Commons API,API response for repertoire query,1.3,AIRR Community,https://github.com/airr-community,,/home/ubuntu/ireceptor-monitor/performance_scripts/queries/repertoires/pass-query2_repertoire.json,1.1256396770477295,2023-01-18 06:34:06.932188,2023-01-17 22:34:06.932188-08:00,scireptor,sciReptor (Germany),,,,pass-query2_repertoire.json,,,,,,,,,,,,,,,,,,,,,,
0,AIRR Data Commons API,API response for repertoire query,1.3,AIRR Community,https://github.com/airr-community,,/home/ubuntu/ireceptor-monitor/performance_scripts/queries/repertoires/pass-all.json,2.281067609786988,2023-01-18 10:34:12.031025,2023-01-18 02:34:12.031025-08:00,scireptor,sciReptor (Germany),,,,pass-all.json,,,,,,,,,,,,,,,,,,,,,,
1,AIRR Data Commons API,API response for repertoire query,1.3,AIRR Community,https://github.com/airr-community,,/home/ubuntu/ireceptor-monitor/performance_scripts/queries/repertoires/pass-field-organism-id.json,1.4594523906707764,2023-01-18 10:34:13.514166,2023-01-18 02:34:13.514166-08:00,scireptor,sciReptor (Germany),,,,pass-field-organism-id.json,,,,,,,,,,,,,,,,,,,,,,
2,AIRR Data Commons API,API response for repertoire query,1.3,AIRR Community,https://github.com/airr-community,,/home/ubuntu/ireceptor-monitor/performance_scripts/queries/repertoires/pass-field-pcr_target_locus.json,1.9108147621154783,2023-01-18 10:34:15.446259,2023-01-18 02:34:15.446259-08:00,scireptor,sciReptor (Germany),,,,pass-field-pcr_target_locus.json,,,,,,,,,,,,,,,,,,,,,,
3,AIRR Data Commons API,API response for repertoire query,1.3,AIRR Community,https://github.com/airr-community,,/home/ubuntu/ireceptor-monitor/performance_scripts/queries/repertoires/pass-field-age-range.json,2.366599798202514,2023-01-18 10:34:17.862132,2023-01-18 02:34:17.862132-08:00,scireptor,sciReptor (Germany),,,,pass-field-age-range.json,,,,,,,,,,,,,,,,,,,,,,
4,AIRR Data Commons API,API response for repertoire query,1.3,AIRR Community,https://github.com/airr-community,,/home/ubuntu/ireceptor-monitor/performance_scripts/queries/repertoires/pass-query2_repertoire.json,1.2527532577514648,2023-01-18 10:34:19.123695,2023-01-18 02:34:19.123695-08:00,scireptor,sciReptor (Germany),,,,pass-query2_repertoire.json,,,,,,,,,,,,,,,,,,,,,,
0,AIRR Data Commons API,API response for repertoire query,1.3,AIRR Community,https://github.com/airr-community,,/home/ubuntu/ireceptor-monitor/performance_scripts/queries/repertoires/pass-all.json,2.1377124786376958,2023-01-18 14:33:41.540651,2023-01-18 06:33:41.540651-08:00,scireptor,sciReptor (Germany),,,,pass-all.json,,,,,,,,,,,,,,,,,,,,,,
1,AIRR Data Commons API,API response for repertoire query,1.3,AIRR Community,https://github.com/airr-community,,/home/ubuntu/ireceptor-monitor/performance_scripts/queries/repertoires/pass-field-organism-id.json,1.1833198070526123,2023-01-18 14:33:42.747738,2023-01-18 06:33:42.747738-08:00,scireptor,sciReptor (Germany),,,,pass-field-organism-id.json,,,,,,,,,,,,,,,,,,,,,,
2,AIRR Data Commons API,API response for repertoire query,1.3,AIRR Community,https://github.com/airr-community,,/home/ubuntu/ireceptor-monitor/performance_scripts/queries/repertoires/pass-field-pcr_target_locus.json,1.838315725326538,2023-01-18 14:33:44.607284,2023-01-18 06:33:44.607284-08:00,scireptor,sciReptor (Germany),,,,pass-field-pcr_target_locus.json,,,,,,,,,,,,,,,,,,,,,,
3,AIRR Data Commons API,API response for repertoire query,1.3,AIRR Community,https://github.com/airr-community,,/home/ubuntu/ireceptor-monitor/performance_scripts/queries/repertoires/pass-field-age-range.json,2.118452787399292,2023-01-18 14:33:46.774703,2023-01-18 06:33:46.774703-08:00,scireptor,sciReptor (Germany),,,,pass-field-age-range.json,,,,,,,,,,,,,,,,,,,,,,
4,AIRR Data Commons API,API response for repertoire query,1.3,AIRR Community,https://github.com/airr-community,,/home/ubuntu/ireceptor-monitor/performance_scripts/queries/repertoires/pass-query2_repertoire.json,1.1962487697601318,2023-01-18 14:33:47.978072,2023-01-18 06:33:47.978072-08:00,scireptor,sciReptor (Germany),,,,pass-query2_repertoire.json,,,,,,,,,,,,,,,,,,,,,,
0,AIRR Data Commons API,API response for repertoire query,1.3,AIRR Community,https://github.com/airr-community,,/home/ubuntu/ireceptor-monitor/performance_scripts/queries/repertoires/pass-all.json,2.2902963161468506,2023-01-18 18:34:18.159873,2023-01-18 10:34:18.159873-08:00,scireptor,sciReptor (Germany),,,,pass-all.json,,,,,,,,,,,,,,,,,,,,,,
1,AIRR Data Commons API,API response for repertoire query,1.3,AIRR Community,https://github.com/airr-community,,/home/ubuntu/ireceptor-monitor/performance_scripts/queries/repertoires/pass-field-organism-id.json,1.224219560623169,2023-01-18 18:34:19.408936,2023-01-18 10:34:19.408936-08:00,scireptor,sciReptor (Germany),,,,pass-field-organism-id.json,,,,,,,,,,,,,,,,,,,,,,
2,AIRR Data Commons API,API response for repertoire query,1.3,AIRR Community,https://github.com/airr-community,,/home/ubuntu/ireceptor-monitor/performance_scripts/queries/repertoires/pass-field-pcr_target_locus.json,1.82157301902771,2023-01-18 18:34:21.251647,2023-01-18 10:34:21.251647-08:00,scireptor,sciReptor (Germany),,,,pass-field-pcr_target_locus.json,,,,,,,,,,,,,,,,,,,,,,
3,AIRR Data Commons API,API response for repertoire query,1.3,AIRR Community,https://github.com/airr-community,,/home/ubuntu/ireceptor-monitor/performance_scripts/queries/repertoires/pass-field-age-range.json,6.0152432918548575,2023-01-18 18:34:27.315180,2023-01-18 10:34:27.315180-08:00,scireptor,sciReptor (Germany),,,,pass-field-age-range.json,,,,,,,,,,,,,,,,,,,,,,
4,AIRR Data Commons API,API response for repertoire query,1.3,AIRR Community,https://github.com/airr-community,,/home/ubuntu/ireceptor-monitor/performance_scripts/queries/repertoires/pass-query2_repertoire.json,1.0855939388275146,2023-01-18 18:34:28.408714,2023-01-18 10:34:28.408714-08:00,scireptor,sciReptor (Germany),,,,pass-query2_repertoire.json,,,,,,,,,,,,,,,,,,,,,,
0,AIRR Data Commons API,API response for repertoire query,1.3,AIRR Community,https://github.com/airr-community,,/home/ubuntu/ireceptor-monitor/performance_scripts/queries/repertoires/pass-all.json,2.1181344985961914,2023-01-18 22:33:37.745491,2023-01-18 14:33:37.745491-08:00,scireptor,sciReptor (Germany),,,,pass-all.json,,,,,,,,,,,,,,,,,,,,,,
1,AIRR Data Commons API,API response for repertoire query,1.3,AIRR Community,https://github.com/airr-community,,/home/ubuntu/ireceptor-monitor/performance_scripts/queries/repertoires/pass-field-organism-id.json,1.0780951976776123,2023-01-18 22:33:38.847708,2023-01-18 14:33:38.847708-08:00,scireptor,sciReptor (Germany),,,,pass-field-organism-id.json,,,,,,,,,,,,,,,,,,,,,,
2,AIRR Data Commons API,API response for repertoire query,1.3,AIRR Community,https://github.com/airr-community,,/home/ubuntu/ireceptor-monitor/performance_scripts/queries/repertoires/pass-field-pcr_target_locus.json,1.8563647270202643,2023-01-18 22:33:40.725669,2023-01-18 14:33:40.725669-08:00,scireptor,sciReptor (Germany),,,,pass-field-pcr_target_locus.json,,,,,,,,,,,,,,,,,,,,,,
3,AIRR Data Commons API,API response for repertoire query,1.3,AIRR Community,https://github.com/airr-community,,/home/ubuntu/ireceptor-monitor/performance_scripts/queries/repertoires/pass-field-age-range.json,2.1861524581909184,2023-01-18 22:33:42.957925,2023-01-18 14:33:42.957925-08:00,scireptor,sciReptor (Germany),,,,pass-field-age-range.json,,,,,,,,,,,,,,,,,,,,,,
4,AIRR Data Commons API,API response for repertoire query,1.3,AIRR Community,https://github.com/airr-community,,/home/ubuntu/ireceptor-monitor/performance_scripts/queries/repertoires/pass-query2_repertoire.json,1.0362703800201416,2023-01-18 22:33:44.001377,2023-01-18 14:33:44.001377-08:00,scireptor,sciReptor (Germany),,,,pass-query2_repertoire.json,,,,,,,,,,,,,,,,,,,,,,
0,AIRR Data Commons API,API response for repertoire query,1.3,AIRR Community,https://github.com/airr-community,,/home/ubuntu/ireceptor-monitor/performance_scripts/queries/repertoires/pass-all.json,2.247694969177246,2023-01-19 02:33:27.546603,2023-01-18 18:33:27.546603-08:00,scireptor,sciReptor (Germany),,,,pass-all.json,,,,,,,,,,,,,,,,,,,,,,
1,AIRR Data Commons API,API response for repertoire query,1.3,AIRR Community,https://github.com/airr-community,,/home/ubuntu/ireceptor-monitor/performance_scripts/queries/repertoires/pass-field-organism-id.json,1.1950223445892334,2023-01-19 02:33:28.766302,2023-01-18 18:33:28.766302-08:00,scireptor,sciReptor (Germany),,,,pass-field-organism-id.json,,,,,,,,,,,,,,,,,,,,,,
2,AIRR Data Commons API,API response for repertoire query,1.3,AIRR Community,https://github.com/airr-community,,/home/ubuntu/ireceptor-monitor/performance_scripts/queries/repertoires/pass-field-pcr_target_locus.json,1.878865003585816,2023-01-19 02:33:30.666063,2023-01-18 18:33:30.666063-08:00,scireptor,sciReptor (Germany),,,,pass-field-pcr_target_locus.json,,,,,,,,,,,,,,,,,,,,,,
3,AIRR Data Commons API,API response for repertoire query,1.3,AIRR Community,https://github.com/airr-community,,/home/ubuntu/ireceptor-monitor/performance_scripts/queries/repertoires/pass-field-age-range.json,2.313163042068481,2023-01-19 02:33:33.026574,2023-01-18 18:33:33.026574-08:00,scireptor,sciReptor (Germany),,,,pass-field-age-range.json,,,,,,,,,,,,,,,,,,,,,,
4,AIRR Data Commons API,API response for repertoire query,1.3,AIRR Community,https://github.com/airr-community,,/home/ubuntu/ireceptor-monitor/performance_scripts/queries/repertoires/pass-query2_repertoire.json,1.0925328731536863,2023-01-19 02:33:34.126962,2023-01-18 18:33:34.126962-08:00,scireptor,sciReptor (Germany),,,,pass-query2_repertoire.json,,,,,,,,,,,,,,,,,,,,,,
0,AIRR Data Commons API,API response for repertoire query,1.3,AIRR Community,https://github.com/airr-community,,/home/ubuntu/ireceptor-monitor/performance_scripts/queries/repertoires/pass-all.json,2.176197290420532,2023-01-19 06:33:33.948339,2023-01-18 22:33:33.948339-08:00,scireptor,sciReptor (Germany),,,,pass-all.json,,,,,,,,,,,,,,,,,,,,,,
1,AIRR Data Commons API,API response for repertoire query,1.3,AIRR Community,https://github.com/airr-community,,/home/ubuntu/ireceptor-monitor/performance_scripts/queries/repertoires/pass-field-organism-id.json,1.157139778137207,2023-01-19 06:33:35.130179,2023-01-18 22:33:35.130179-08:00,scireptor,sciReptor (Germany),,,,pass-field-organism-id.json,,,,,,,,,,,,,,,,,,,,,,
2,AIRR Data Commons API,API response for repertoire query,1.3,AIRR Community,https://github.com/airr-community,,/home/ubuntu/ireceptor-monitor/performance_scripts/queries/repertoires/pass-field-pcr_target_locus.json,1.9456329345703125,2023-01-19 06:33:37.096841,2023-01-18 22:33:37.096841-08:00,scireptor,sciReptor (Germany),,,,pass-field-pcr_target_locus.json,,,,,,,,,,,,,,,,,,,,,,
3,AIRR Data Commons API,API response for repertoire query,1.3,AIRR Community,https://github.com/airr-community,,/home/ubuntu/ireceptor-monitor/performance_scripts/queries/repertoires/pass-field-age-range.json,2.180622100830078,2023-01-19 06:33:39.320505,2023-01-18 22:33:39.320505-08:00,scireptor,sciReptor (Germany),,,,pass-field-age-range.json,,,,,,,,,,,,,,,,,,,,,,
4,AIRR Data Commons API,API response for repertoire query,1.3,AIRR Community,https://github.com/airr-community,,/home/ubuntu/ireceptor-monitor/performance_scripts/queries/repertoires/pass-query2_repertoire.json,1.0392353534698486,2023-01-19 06:33:40.367041,2023-01-18 22:33:40.367041-08:00,scireptor,sciReptor (Germany),,,,pass-query2_repertoire.json,,,,,,,,,,,,,,,,,,,,,,
0,AIRR Data Commons API,API response for repertoire query,1.3,AIRR Community,https://github.com/airr-community,,/home/ubuntu/ireceptor-monitor/performance_scripts/queries/repertoires/pass-all.json,2.218127489089966,2023-01-19 10:33:36.474397,2023-01-19 02:33:36.474397-08:00,scireptor,sciReptor (Germany),,,,pass-all.json,,,,,,,,,,,,,,,,,,,,,,
1,AIRR Data Commons API,API response for repertoire query,1.3,AIRR Community,https://github.com/airr-community,,/home/ubuntu/ireceptor-monitor/performance_scripts/queries/repertoires/pass-field-organism-id.json,1.1760971546173096,2023-01-19 10:33:37.676378,2023-01-19 02:33:37.676378-08:00,scireptor,sciReptor (Germany),,,,pass-field-organism-id.json,,,,,,,,,,,,,,,,,,,,,,
2,AIRR Data Commons API,API response for repertoire query,1.3,AIRR Community,https://github.com/airr-community,,/home/ubuntu/ireceptor-monitor/performance_scripts/queries/repertoires/pass-field-pcr_target_locus.json,1.8061466217041016,2023-01-19 10:33:39.504743,2023-01-19 02:33:39.504743-08:00,scireptor,sciReptor (Germany),,,,pass-field-pcr_target_locus.json,,,,,,,,,,,,,,,,,,,,,,
3,AIRR Data Commons API,API response for repertoire query,1.3,AIRR Community,https://github.com/airr-community,,/home/ubuntu/ireceptor-monitor/performance_scripts/queries/repertoires/pass-field-age-range.json,2.253569364547729,2023-01-19 10:33:41.807313,2023-01-19 02:33:41.807313-08:00,scireptor,sciReptor (Germany),,,,pass-field-age-range.json,,,,,,,,,,,,,,,,,,,,,,
4,AIRR Data Commons API,API response for repertoire query,1.3,AIRR Community,https://github.com/airr-community,,/home/ubuntu/ireceptor-monitor/performance_scripts/queries/repertoires/pass-query2_repertoire.json,1.1443264484405518,2023-01-19 10:33:42.960074,2023-01-19 02:33:42.960074-08:00,scireptor,sciReptor (Germany),,,,pass-query2_repertoire.json,,,,,,,,,,,,,,,,,,,,,,
0,AIRR Data Commons API,API response for repertoire query,1.3,AIRR Community,https://github.com/airr-community,,/home/ubuntu/ireceptor-monitor/performance_scripts/queries/repertoires/pass-all.json,2.3328568935394287,2023-01-19 14:33:45.178520,2023-01-19 06:33:45.178520-08:00,scireptor,sciReptor (Germany),,,,pass-all.json,,,,,,,,,,,,,,,,,,,,,,
1,AIRR Data Commons API,API response for repertoire query,1.3,AIRR Community,https://github.com/airr-community,,/home/ubuntu/ireceptor-monitor/performance_scripts/queries/repertoires/pass-field-organism-id.json,1.234156608581543,2023-01-19 14:33:46.437972,2023-01-19 06:33:46.437972-08:00,scireptor,sciReptor (Germany),,,,pass-field-organism-id.json,,,,,,,,,,,,,,,,,,,,,,
2,AIRR Data Commons API,API response for repertoire query,1.3,AIRR Community,https://github.com/airr-community,,/home/ubuntu/ireceptor-monitor/performance_scripts/queries/repertoires/pass-field-pcr_target_locus.json,1.9877350330352783,2023-01-19 14:33:48.448311,2023-01-19 06:33:48.448311-08:00,scireptor,sciReptor (Germany),,,,pass-field-pcr_target_locus.json,,,,,,,,,,,,,,,,,,,,,,
3,AIRR Data Commons API,API response for repertoire query,1.3,AIRR Community,https://github.com/airr-community,,/home/ubuntu/ireceptor-monitor/performance_scripts/queries/repertoires/pass-field-age-range.json,4.034107685089111,2023-01-19 14:33:52.532259,2023-01-19 06:33:52.532259-08:00,scireptor,sciReptor (Germany),,,,pass-field-age-range.json,,,,,,,,,,,,,,,,,,,,,,
4,AIRR Data Commons API,API response for repertoire query,1.3,AIRR Community,https://github.com/airr-community,,/home/ubuntu/ireceptor-monitor/performance_scripts/queries/repertoires/pass-query2_repertoire.json,1.184924840927124,2023-01-19 14:33:53.724693,2023-01-19 06:33:53.724693-08:00,scireptor,sciReptor (Germany),,,,pass-query2_repertoire.json,,,,,,,,,,,,,,,,,,,,,,
0,AIRR Data Commons API,API response for repertoire query,1.3,AIRR Community,https://github.com/airr-community,,/home/ubuntu/ireceptor-monitor/performance_scripts/queries/repertoires/pass-all.json,2.3575153350830083,2023-01-19 18:34:23.079436,2023-01-19 10:34:23.079436-08:00,scireptor,sciReptor (Germany),,,,pass-all.json,,,,,,,,,,,,,,,,,,,,,,
1,AIRR Data Commons API,API response for repertoire query,1.3,AIRR Community,https://github.com/airr-community,,/home/ubuntu/ireceptor-monitor/performance_scripts/queries/repertoires/pass-field-organism-id.json,1.196028470993042,2023-01-19 18:34:24.299215,2023-01-19 10:34:24.299215-08:00,scireptor,sciReptor (Germany),,,,pass-field-organism-id.json,,,,,,,,,,,,,,,,,,,,,,
2,AIRR Data Commons API,API response for repertoire query,1.3,AIRR Community,https://github.com/airr-community,,/home/ubuntu/ireceptor-monitor/performance_scripts/queries/repertoires/pass-field-pcr_target_locus.json,1.940293788909912,2023-01-19 18:34:26.261947,2023-01-19 10:34:26.261947-08:00,scireptor,sciReptor (Germany),,,,pass-field-pcr_target_locus.json,,,,,,,,,,,,,,,,,,,,,,
3,AIRR Data Commons API,API response for repertoire query,1.3,AIRR Community,https://github.com/airr-community,,/home/ubuntu/ireceptor-monitor/performance_scripts/queries/repertoires/pass-field-age-range.json,2.398025751113892,2023-01-19 18:34:28.709443,2023-01-19 10:34:28.709443-08:00,scireptor,sciReptor (Germany),,,,pass-field-age-range.json,,,,,,,,,,,,,,,,,,,,,,
4,AIRR Data Commons API,API response for repertoire query,1.3,AIRR Community,https://github.com/airr-community,,/home/ubuntu/ireceptor-monitor/performance_scripts/queries/repertoires/pass-query2_repertoire.json,1.1293115615844729,2023-01-19 18:34:29.847033,2023-01-19 10:34:29.847033-08:00,scireptor,sciReptor (Germany),,,,pass-query2_repertoire.json,,,,,,,,,,,,,,,,,,,,,,
0,AIRR Data Commons API,API response for repertoire query,1.3,AIRR Community,https://github.com/airr-community,,/home/ubuntu/ireceptor-monitor/performance_scripts/queries/repertoires/pass-all.json,2.372555732727051,2023-01-19 22:33:48.428113,2023-01-19 14:33:48.428113-08:00,scireptor,sciReptor (Germany),,,,pass-all.json,,,,,,,,,,,,,,,,,,,,,,
1,AIRR Data Commons API,API response for repertoire query,1.3,AIRR Community,https://github.com/airr-community,,/home/ubuntu/ireceptor-monitor/performance_scripts/queries/repertoires/pass-field-organism-id.json,1.144580364227295,2023-01-19 22:33:49.599177,2023-01-19 14:33:49.599177-08:00,scireptor,sciReptor (Germany),,,,pass-field-organism-id.json,,,,,,,,,,,,,,,,,,,,,,
2,AIRR Data Commons API,API response for repertoire query,1.3,AIRR Community,https://github.com/airr-community,,/home/ubuntu/ireceptor-monitor/performance_scripts/queries/repertoires/pass-field-pcr_target_locus.json,1.931765079498291,2023-01-19 22:33:51.552244,2023-01-19 14:33:51.552244-08:00,scireptor,sciReptor (Germany),,,,pass-field-pcr_target_locus.json,,,,,,,,,,,,,,,,,,,,,,
3,AIRR Data Commons API,API response for repertoire query,1.3,AIRR Community,https://github.com/airr-community,,/home/ubuntu/ireceptor-monitor/performance_scripts/queries/repertoires/pass-field-age-range.json,2.241326808929444,2023-01-19 22:33:53.841418,2023-01-19 14:33:53.841418-08:00,scireptor,sciReptor (Germany),,,,pass-field-age-range.json,,,,,,,,,,,,,,,,,,,,,,
4,AIRR Data Commons API,API response for repertoire query,1.3,AIRR Community,https://github.com/airr-community,,/home/ubuntu/ireceptor-monitor/performance_scripts/queries/repertoires/pass-query2_repertoire.json,1.1533946990966797,2023-01-19 22:33:55.003497,2023-01-19 14:33:55.003497-08:00,scireptor,sciReptor (Germany),,,,pass-query2_repertoire.json,,,,,,,,,,,,,,,,,,,,,,
0,AIRR Data Commons API,API response for repertoire query,1.3,AIRR Community,https://github.com/airr-community,,/home/ubuntu/ireceptor-monitor/performance_scripts/queries/repertoires/pass-all.json,3.881017923355103,2023-01-20 02:33:45.598226,2023-01-19 18:33:45.598226-08:00,scireptor,sciReptor (Germany),,,,pass-all.json,,,,,,,,,,,,,,,,,,,,,,
1,AIRR Data Commons API,API response for repertoire query,1.3,AIRR Community,https://github.com/airr-community,,/home/ubuntu/ireceptor-monitor/performance_scripts/queries/repertoires/pass-field-organism-id.json,1.2431037425994873,2023-01-20 02:33:46.865377,2023-01-19 18:33:46.865377-08:00,scireptor,sciReptor (Germany),,,,pass-field-organism-id.json,,,,,,,,,,,,,,,,,,,,,,
2,AIRR Data Commons API,API response for repertoire query,1.3,AIRR Community,https://github.com/airr-community,,/home/ubuntu/ireceptor-monitor/performance_scripts/queries/repertoires/pass-field-pcr_target_locus.json,2.126664400100708,2023-01-20 02:33:49.014608,2023-01-19 18:33:49.014608-08:00,scireptor,sciReptor (Germany),,,,pass-field-pcr_target_locus.json,,,,,,,,,,,,,,,,,,,,,,
3,AIRR Data Commons API,API response for repertoire query,1.3,AIRR Community,https://github.com/airr-community,,/home/ubuntu/ireceptor-monitor/performance_scripts/queries/repertoires/pass-field-age-range.json,2.3194196224212646,2023-01-20 02:33:51.382623,2023-01-19 18:33:51.382623-08:00,scireptor,sciReptor (Germany),,,,pass-field-age-range.json,,,,,,,,,,,,,,,,,,,,,,
4,AIRR Data Commons API,API response for repertoire query,1.3,AIRR Community,https://github.com/airr-community,,/home/ubuntu/ireceptor-monitor/performance_scripts/queries/repertoires/pass-query2_repertoire.json,1.217137336730957,2023-01-20 02:33:52.607517,2023-01-19 18:33:52.607517-08:00,scireptor,sciReptor (Germany),,,,pass-query2_repertoire.json,,,,,,,,,,,,,,,,,,,,,,
0,AIRR Data Commons API,API response for repertoire query,1.3,AIRR Community,https://github.com/airr-community,,/home/ubuntu/ireceptor-monitor/performance_scripts/queries/repertoires/pass-all.json,2.299095630645752,2023-01-20 06:34:05.543900,2023-01-19 22:34:05.543900-08:00,scireptor,sciReptor (Germany),,,,pass-all.json,,,,,,,,,,,,,,,,,,,,,,
1,AIRR Data Commons API,API response for repertoire query,1.3,AIRR Community,https://github.com/airr-community,,/home/ubuntu/ireceptor-monitor/performance_scripts/queries/repertoires/pass-field-organism-id.json,1.1757524013519287,2023-01-20 06:34:06.742373,2023-01-19 22:34:06.742373-08:00,scireptor,sciReptor (Germany),,,,pass-field-organism-id.json,,,,,,,,,,,,,,,,,,,,,,
2,AIRR Data Commons API,API response for repertoire query,1.3,AIRR Community,https://github.com/airr-community,,/home/ubuntu/ireceptor-monitor/performance_scripts/queries/repertoires/pass-field-pcr_target_locus.json,2.0998883247375493,2023-01-20 06:34:08.864396,2023-01-19 22:34:08.864396-08:00,scireptor,sciReptor (Germany),,,,pass-field-pcr_target_locus.json,,,,,,,,,,,,,,,,,,,,,,
3,AIRR Data Commons API,API response for repertoire query,1.3,AIRR Community,https://github.com/airr-community,,/home/ubuntu/ireceptor-monitor/performance_scripts/queries/repertoires/pass-field-age-range.json,2.221834897994995,2023-01-20 06:34:11.135323,2023-01-19 22:34:11.135323-08:00,scireptor,sciReptor (Germany),,,,pass-field-age-range.json,,,,,,,,,,,,,,,,,,,,,,
4,AIRR Data Commons API,API response for repertoire query,1.3,AIRR Community,https://github.com/airr-community,,/home/ubuntu/ireceptor-monitor/performance_scripts/queries/repertoires/pass-query2_repertoire.json,1.2552359104156494,2023-01-20 06:34:12.397839,2023-01-19 22:34:12.397839-08:00,scireptor,sciReptor (Germany),,,,pass-query2_repertoire.json,,,,,,,,,,,,,,,,,,,,,,
0,AIRR Data Commons API,API response for repertoire query,1.3,AIRR Community,https://github.com/airr-community,,/home/ubuntu/ireceptor-monitor/performance_scripts/queries/repertoires/pass-all.json,2.302331924438477,2023-01-20 10:33:49.160056,2023-01-20 02:33:49.160056-08:00,scireptor,sciReptor (Germany),,,,pass-all.json,,,,,,,,,,,,,,,,,,,,,,
1,AIRR Data Commons API,API response for repertoire query,1.3,AIRR Community,https://github.com/airr-community,,/home/ubuntu/ireceptor-monitor/performance_scripts/queries/repertoires/pass-field-organism-id.json,1.2113609313964844,2023-01-20 10:33:50.395069,2023-01-20 02:33:50.395069-08:00,scireptor,sciReptor (Germany),,,,pass-field-organism-id.json,,,,,,,,,,,,,,,,,,,,,,
2,AIRR Data Commons API,API response for repertoire query,1.3,AIRR Community,https://github.com/airr-community,,/home/ubuntu/ireceptor-monitor/performance_scripts/queries/repertoires/pass-field-pcr_target_locus.json,1.96750283241272,2023-01-20 10:33:52.384091,2023-01-20 02:33:52.384091-08:00,scireptor,sciReptor (Germany),,,,pass-field-pcr_target_locus.json,,,,,,,,,,,,,,,,,,,,,,
3,AIRR Data Commons API,API response for repertoire query,1.3,AIRR Community,https://github.com/airr-community,,/home/ubuntu/ireceptor-monitor/performance_scripts/queries/repertoires/pass-field-age-range.json,2.3529677391052246,2023-01-20 10:33:54.785393,2023-01-20 02:33:54.785393-08:00,scireptor,sciReptor (Germany),,,,pass-field-age-range.json,,,,,,,,,,,,,,,,,,,,,,
4,AIRR Data Commons API,API response for repertoire query,1.3,AIRR Community,https://github.com/airr-community,,/home/ubuntu/ireceptor-monitor/performance_scripts/queries/repertoires/pass-query2_repertoire.json,1.0887777805328371,2023-01-20 10:33:55.882466,2023-01-20 02:33:55.882466-08:00,scireptor,sciReptor (Germany),,,,pass-query2_repertoire.json,,,,,,,,,,,,,,,,,,,,,,
0,AIRR Data Commons API,API response for repertoire query,1.3,AIRR Community,https://github.com/airr-community,,/home/ubuntu/ireceptor-monitor/performance_scripts/queries/repertoires/pass-all.json,2.238373041152954,2023-01-20 14:33:59.717875,2023-01-20 06:33:59.717875-08:00,scireptor,sciReptor (Germany),,,,pass-all.json,,,,,,,,,,,,,,,,,,,,,,
1,AIRR Data Commons API,API response for repertoire query,1.3,AIRR Community,https://github.com/airr-community,,/home/ubuntu/ireceptor-monitor/performance_scripts/queries/repertoires/pass-field-organism-id.json,1.0956053733825684,2023-01-20 14:34:00.837190,2023-01-20 06:34:00.837190-08:00,scireptor,sciReptor (Germany),,,,pass-field-organism-id.json,,,,,,,,,,,,,,,,,,,,,,
2,AIRR Data Commons API,API response for repertoire query,1.3,AIRR Community,https://github.com/airr-community,,/home/ubuntu/ireceptor-monitor/performance_scripts/queries/repertoires/pass-field-pcr_target_locus.json,2.034155368804932,2023-01-20 14:34:02.891611,2023-01-20 06:34:02.891611-08:00,scireptor,sciReptor (Germany),,,,pass-field-pcr_target_locus.json,,,,,,,,,,,,,,,,,,,,,,
3,AIRR Data Commons API,API response for repertoire query,1.3,AIRR Community,https://github.com/airr-community,,/home/ubuntu/ireceptor-monitor/performance_scripts/queries/repertoires/pass-field-age-range.json,2.264533042907715,2023-01-20 14:34:05.201831,2023-01-20 06:34:05.201831-08:00,scireptor,sciReptor (Germany),,,,pass-field-age-range.json,,,,,,,,,,,,,,,,,,,,,,
4,AIRR Data Commons API,API response for repertoire query,1.3,AIRR Community,https://github.com/airr-community,,/home/ubuntu/ireceptor-monitor/performance_scripts/queries/repertoires/pass-query2_repertoire.json,1.0977516174316406,2023-01-20 14:34:06.307128,2023-01-20 06:34:06.307128-08:00,scireptor,sciReptor (Germany),,,,pass-query2_repertoire.json,,,,,,,,,,,,,,,,,,,,,,
0,AIRR Data Commons API,API response for repertoire query,1.3,AIRR Community,https://github.com/airr-community,,/home/ubuntu/ireceptor-monitor/performance_scripts/queries/repertoires/pass-all.json,2.394793033599853,2023-01-20 18:34:11.231788,2023-01-20 10:34:11.231788-08:00,scireptor,sciReptor (Germany),,,,pass-all.json,,,,,,,,,,,,,,,,,,,,,,
1,AIRR Data Commons API,API response for repertoire query,1.3,AIRR Community,https://github.com/airr-community,,/home/ubuntu/ireceptor-monitor/performance_scripts/queries/repertoires/pass-field-organism-id.json,1.0988380908966064,2023-01-20 18:34:12.355178,2023-01-20 10:34:12.355178-08:00,scireptor,sciReptor (Germany),,,,pass-field-organism-id.json,,,,,,,,,,,,,,,,,,,,,,
2,AIRR Data Commons API,API response for repertoire query,1.3,AIRR Community,https://github.com/airr-community,,/home/ubuntu/ireceptor-monitor/performance_scripts/queries/repertoires/pass-field-pcr_target_locus.json,2.1009087562561035,2023-01-20 18:34:14.477792,2023-01-20 10:34:14.477792-08:00,scireptor,sciReptor (Germany),,,,pass-field-pcr_target_locus.json,,,,,,,,,,,,,,,,,,,,,,
3,AIRR Data Commons API,API response for repertoire query,1.3,AIRR Community,https://github.com/airr-community,,/home/ubuntu/ireceptor-monitor/performance_scripts/queries/repertoires/pass-field-age-range.json,2.37971305847168,2023-01-20 18:34:16.906806,2023-01-20 10:34:16.906806-08:00,scireptor,sciReptor (Germany),,,,pass-field-age-range.json,,,,,,,,,,,,,,,,,,,,,,
4,AIRR Data Commons API,API response for repertoire query,1.3,AIRR Community,https://github.com/airr-community,,/home/ubuntu/ireceptor-monitor/performance_scripts/queries/repertoires/pass-query2_repertoire.json,1.1787912845611572,2023-01-20 18:34:18.093608,2023-01-20 10:34:18.093608-08:00,scireptor,sciReptor (Germany),,,,pass-query2_repertoire.json,,,,,,,,,,,,,,,,,,,,,,
0,AIRR Data Commons API,API response for repertoire query,1.3,AIRR Community,https://github.com/airr-community,,/home/ubuntu/ireceptor-monitor/performance_scripts/queries/repertoires/pass-all.json,2.3427610397338867,2023-01-20 22:34:15.205865,2023-01-20 14:34:15.205865-08:00,scireptor,sciReptor (Germany),,,,pass-all.json,,,,,,,,,,,,,,,,,,,,,,
1,AIRR Data Commons API,API response for repertoire query,1.3,AIRR Community,https://github.com/airr-community,,/home/ubuntu/ireceptor-monitor/performance_scripts/queries/repertoires/pass-field-organism-id.json,1.232201099395752,2023-01-20 22:34:16.462043,2023-01-20 14:34:16.462043-08:00,scireptor,sciReptor (Germany),,,,pass-field-organism-id.json,,,,,,,,,,,,,,,,,,,,,,
2,AIRR Data Commons API,API response for repertoire query,1.3,AIRR Community,https://github.com/airr-community,,/home/ubuntu/ireceptor-monitor/performance_scripts/queries/repertoires/pass-field-pcr_target_locus.json,1.9308948516845703,2023-01-20 22:34:18.414311,2023-01-20 14:34:18.414311-08:00,scireptor,sciReptor (Germany),,,,pass-field-pcr_target_locus.json,,,,,,,,,,,,,,,,,,,,,,
3,AIRR Data Commons API,API response for repertoire query,1.3,AIRR Community,https://github.com/airr-community,,/home/ubuntu/ireceptor-monitor/performance_scripts/queries/repertoires/pass-field-age-range.json,2.229148626327514,2023-01-20 22:34:20.692357,2023-01-20 14:34:20.692357-08:00,scireptor,sciReptor (Germany),,,,pass-field-age-range.json,,,,,,,,,,,,,,,,,,,,,,
4,AIRR Data Commons API,API response for repertoire query,1.3,AIRR Community,https://github.com/airr-community,,/home/ubuntu/ireceptor-monitor/performance_scripts/queries/repertoires/pass-query2_repertoire.json,1.161963939666748,2023-01-20 22:34:21.862534,2023-01-20 14:34:21.862534-08:00,scireptor,sciReptor (Germany),,,,pass-query2_repertoire.json,,,,,,,,,,,,,,,,,,,,,,
0,AIRR Data Commons API,API response for repertoire query,1.3,AIRR Community,https://github.com/airr-community,,/home/ubuntu/ireceptor-monitor/performance_scripts/queries/repertoires/pass-all.json,2.347766160964966,2023-01-21 02:33:27.887252,2023-01-20 18:33:27.887252-08:00,scireptor,sciReptor (Germany),,,,pass-all.json,,,,,,,,,,,,,,,,,,,,,,
1,AIRR Data Commons API,API response for repertoire query,1.3,AIRR Community,https://github.com/airr-community,,/home/ubuntu/ireceptor-monitor/performance_scripts/queries/repertoires/pass-field-organism-id.json,1.1659383773803709,2023-01-21 02:33:29.077212,2023-01-20 18:33:29.077212-08:00,scireptor,sciReptor (Germany),,,,pass-field-organism-id.json,,,,,,,,,,,,,,,,,,,,,,
2,AIRR Data Commons API,API response for repertoire query,1.3,AIRR Community,https://github.com/airr-community,,/home/ubuntu/ireceptor-monitor/performance_scripts/queries/repertoires/pass-field-pcr_target_locus.json,1.9708597660064693,2023-01-21 02:33:31.069021,2023-01-20 18:33:31.069021-08:00,scireptor,sciReptor (Germany),,,,pass-field-pcr_target_locus.json,,,,,,,,,,,,,,,,,,,,,,
3,AIRR Data Commons API,API response for repertoire query,1.3,AIRR Community,https://github.com/airr-community,,/home/ubuntu/ireceptor-monitor/performance_scripts/queries/repertoires/pass-field-age-range.json,2.376401424407959,2023-01-21 02:33:33.489830,2023-01-20 18:33:33.489830-08:00,scireptor,sciReptor (Germany),,,,pass-field-age-range.json,,,,,,,,,,,,,,,,,,,,,,
4,AIRR Data Commons API,API response for repertoire query,1.3,AIRR Community,https://github.com/airr-community,,/home/ubuntu/ireceptor-monitor/performance_scripts/queries/repertoires/pass-query2_repertoire.json,1.2293460369110107,2023-01-21 02:33:34.726061,2023-01-20 18:33:34.726061-08:00,scireptor,sciReptor (Germany),,,,pass-query2_repertoire.json,,,,,,,,,,,,,,,,,,,,,,
0,AIRR Data Commons API,API response for repertoire query,1.3,AIRR Community,https://github.com/airr-community,,/home/ubuntu/ireceptor-monitor/performance_scripts/queries/repertoires/pass-all.json,2.3277766704559326,2023-01-21 06:33:34.217269,2023-01-20 22:33:34.217269-08:00,scireptor,sciReptor (Germany),,,,pass-all.json,,,,,,,,,,,,,,,,,,,,,,
1,AIRR Data Commons API,API response for repertoire query,1.3,AIRR Community,https://github.com/airr-community,,/home/ubuntu/ireceptor-monitor/performance_scripts/queries/repertoires/pass-field-organism-id.json,1.1324498653411863,2023-01-21 06:33:35.372178,2023-01-20 22:33:35.372178-08:00,scireptor,sciReptor (Germany),,,,pass-field-organism-id.json,,,,,,,,,,,,,,,,,,,,,,
2,AIRR Data Commons API,API response for repertoire query,1.3,AIRR Community,https://github.com/airr-community,,/home/ubuntu/ireceptor-monitor/performance_scripts/queries/repertoires/pass-field-pcr_target_locus.json,1.9568355083465576,2023-01-21 06:33:37.350543,2023-01-20 22:33:37.350543-08:00,scireptor,sciReptor (Germany),,,,pass-field-pcr_target_locus.json,,,,,,,,,,,,,,,,,,,,,,
3,AIRR Data Commons API,API response for repertoire query,1.3,AIRR Community,https://github.com/airr-community,,/home/ubuntu/ireceptor-monitor/performance_scripts/queries/repertoires/pass-field-age-range.json,2.366427183151245,2023-01-21 06:33:39.764405,2023-01-20 22:33:39.764405-08:00,scireptor,sciReptor (Germany),,,,pass-field-age-range.json,,,,,,,,,,,,,,,,,,,,,,
4,AIRR Data Commons API,API response for repertoire query,1.3,AIRR Community,https://github.com/airr-community,,/home/ubuntu/ireceptor-monitor/performance_scripts/queries/repertoires/pass-query2_repertoire.json,1.108947992324829,2023-01-21 06:33:40.882893,2023-01-20 22:33:40.882893-08:00,scireptor,sciReptor (Germany),,,,pass-query2_repertoire.json,,,,,,,,,,,,,,,,,,,,,,
0,AIRR Data Commons API,API response for repertoire query,1.3,AIRR Community,https://github.com/airr-community,,/home/ubuntu/ireceptor-monitor/performance_scripts/queries/repertoires/pass-all.json,2.310842275619507,2023-01-21 10:33:59.794782,2023-01-21 02:33:59.794782-08:00,scireptor,sciReptor (Germany),,,,pass-all.json,,,,,,,,,,,,,,,,,,,,,,
1,AIRR Data Commons API,API response for repertoire query,1.3,AIRR Community,https://github.com/airr-community,,/home/ubuntu/ireceptor-monitor/performance_scripts/queries/repertoires/pass-field-organism-id.json,1.892514705657959,2023-01-21 10:34:01.711087,2023-01-21 02:34:01.711087-08:00,scireptor,sciReptor (Germany),,,,pass-field-organism-id.json,,,,,,,,,,,,,,,,,,,,,,
2,AIRR Data Commons API,API response for repertoire query,1.3,AIRR Community,https://github.com/airr-community,,/home/ubuntu/ireceptor-monitor/performance_scripts/queries/repertoires/pass-field-pcr_target_locus.json,1.9650676250457764,2023-01-21 10:34:03.697920,2023-01-21 02:34:03.697920-08:00,scireptor,sciReptor (Germany),,,,pass-field-pcr_target_locus.json,,,,,,,,,,,,,,,,,,,,,,
3,AIRR Data Commons API,API response for repertoire query,1.3,AIRR Community,https://github.com/airr-community,,/home/ubuntu/ireceptor-monitor/performance_scripts/queries/repertoires/pass-field-age-range.json,2.376124143600464,2023-01-21 10:34:06.120079,2023-01-21 02:34:06.120079-08:00,scireptor,sciReptor (Germany),,,,pass-field-age-range.json,,,,,,,,,,,,,,,,,,,,,,
4,AIRR Data Commons API,API response for repertoire query,1.3,AIRR Community,https://github.com/airr-community,,/home/ubuntu/ireceptor-monitor/performance_scripts/queries/repertoires/pass-query2_repertoire.json,1.2224290370941162,2023-01-21 10:34:07.350367,2023-01-21 02:34:07.350367-08:00,scireptor,sciReptor (Germany),,,,pass-query2_repertoire.json,,,,,,,,,,,,,,,,,,,,,,
0,AIRR Data Commons API,API response for repertoire query,1.3,AIRR Community,https://github.com/airr-community,,/home/ubuntu/ireceptor-monitor/performance_scripts/queries/repertoires/pass-all.json,2.3668017387390137,2023-01-21 14:34:15.956924,2023-01-21 06:34:15.956924-08:00,scireptor,sciReptor (Germany),,,,pass-all.json,,,,,,,,,,,,,,,,,,,,,,
1,AIRR Data Commons API,API response for repertoire query,1.3,AIRR Community,https://github.com/airr-community,,/home/ubuntu/ireceptor-monitor/performance_scripts/queries/repertoires/pass-field-organism-id.json,1.1961121559143066,2023-01-21 14:34:17.176578,2023-01-21 06:34:17.176578-08:00,scireptor,sciReptor (Germany),,,,pass-field-organism-id.json,,,,,,,,,,,,,,,,,,,,,,
2,AIRR Data Commons API,API response for repertoire query,1.3,AIRR Community,https://github.com/airr-community,,/home/ubuntu/ireceptor-monitor/performance_scripts/queries/repertoires/pass-field-pcr_target_locus.json,1.9500253200531008,2023-01-21 14:34:19.147770,2023-01-21 06:34:19.147770-08:00,scireptor,sciReptor (Germany),,,,pass-field-pcr_target_locus.json,,,,,,,,,,,,,,,,,,,,,,
3,AIRR Data Commons API,API response for repertoire query,1.3,AIRR Community,https://github.com/airr-community,,/home/ubuntu/ireceptor-monitor/performance_scripts/queries/repertoires/pass-field-age-range.json,2.3616831302642822,2023-01-21 14:34:21.558959,2023-01-21 06:34:21.558959-08:00,scireptor,sciReptor (Germany),,,,pass-field-age-range.json,,,,,,,,,,,,,,,,,,,,,,
4,AIRR Data Commons API,API response for repertoire query,1.3,AIRR Community,https://github.com/airr-community,,/home/ubuntu/ireceptor-monitor/performance_scripts/queries/repertoires/pass-query2_repertoire.json,1.220782995223999,2023-01-21 14:34:22.788260,2023-01-21 06:34:22.788260-08:00,scireptor,sciReptor (Germany),,,,pass-query2_repertoire.json,,,,,,,,,,,,,,,,,,,,,,
0,AIRR Data Commons API,API response for repertoire query,1.3,AIRR Community,https://github.com/airr-community,,/home/ubuntu/ireceptor-monitor/performance_scripts/queries/repertoires/pass-all.json,2.393432378768921,2023-01-21 18:34:16.315697,2023-01-21 10:34:16.315697-08:00,scireptor,sciReptor (Germany),,,,pass-all.json,,,,,,,,,,,,,,,,,,,,,,
1,AIRR Data Commons API,API response for repertoire query,1.3,AIRR Community,https://github.com/airr-community,,/home/ubuntu/ireceptor-monitor/performance_scripts/queries/repertoires/pass-field-organism-id.json,1.1660306453704834,2023-01-21 18:34:17.505543,2023-01-21 10:34:17.505543-08:00,scireptor,sciReptor (Germany),,,,pass-field-organism-id.json,,,,,,,,,,,,,,,,,,,,,,
2,AIRR Data Commons API,API response for repertoire query,1.3,AIRR Community,https://github.com/airr-community,,/home/ubuntu/ireceptor-monitor/performance_scripts/queries/repertoires/pass-field-pcr_target_locus.json,2.722569227218628,2023-01-21 18:34:20.247932,2023-01-21 10:34:20.247932-08:00,scireptor,sciReptor (Germany),,,,pass-field-pcr_target_locus.json,,,,,,,,,,,,,,,,,,,,,,
3,AIRR Data Commons API,API response for repertoire query,1.3,AIRR Community,https://github.com/airr-community,,/home/ubuntu/ireceptor-monitor/performance_scripts/queries/repertoires/pass-field-age-range.json,2.4944660663604736,2023-01-21 18:34:22.791342,2023-01-21 10:34:22.791342-08:00,scireptor,sciReptor (Germany),,,,pass-field-age-range.json,,,,,,,,,,,,,,,,,,,,,,
4,AIRR Data Commons API,API response for repertoire query,1.3,AIRR Community,https://github.com/airr-community,,/home/ubuntu/ireceptor-monitor/performance_scripts/queries/repertoires/pass-query2_repertoire.json,1.419330358505249,2023-01-21 18:34:24.218463,2023-01-21 10:34:24.218463-08:00,scireptor,sciReptor (Germany),,,,pass-query2_repertoire.json,,,,,,,,,,,,,,,,,,,,,,
0,AIRR Data Commons API,API response for repertoire query,1.3,AIRR Community,https://github.com/airr-community,,/home/ubuntu/ireceptor-monitor/performance_scripts/queries/repertoires/pass-all.json,2.3572156429290767,2023-01-21 22:33:29.582757,2023-01-21 14:33:29.582757-08:00,scireptor,sciReptor (Germany),,,,pass-all.json,,,,,,,,,,,,,,,,,,,,,,
1,AIRR Data Commons API,API response for repertoire query,1.3,AIRR Community,https://github.com/airr-community,,/home/ubuntu/ireceptor-monitor/performance_scripts/queries/repertoires/pass-field-organism-id.json,1.2034258842468262,2023-01-21 22:33:30.808355,2023-01-21 14:33:30.808355-08:00,scireptor,sciReptor (Germany),,,,pass-field-organism-id.json,,,,,,,,,,,,,,,,,,,,,,
2,AIRR Data Commons API,API response for repertoire query,1.3,AIRR Community,https://github.com/airr-community,,/home/ubuntu/ireceptor-monitor/performance_scripts/queries/repertoires/pass-field-pcr_target_locus.json,1.9069862365722656,2023-01-21 22:33:32.735458,2023-01-21 14:33:32.735458-08:00,scireptor,sciReptor (Germany),,,,pass-field-pcr_target_locus.json,,,,,,,,,,,,,,,,,,,,,,
3,AIRR Data Commons API,API response for repertoire query,1.3,AIRR Community,https://github.com/airr-community,,/home/ubuntu/ireceptor-monitor/performance_scripts/queries/repertoires/pass-field-age-range.json,2.334967374801636,2023-01-21 22:33:35.117521,2023-01-21 14:33:35.117521-08:00,scireptor,sciReptor (Germany),,,,pass-field-age-range.json,,,,,,,,,,,,,,,,,,,,,,
4,AIRR Data Commons API,API response for repertoire query,1.3,AIRR Community,https://github.com/airr-community,,/home/ubuntu/ireceptor-monitor/performance_scripts/queries/repertoires/pass-query2_repertoire.json,1.1472022533416748,2023-01-21 22:33:36.271469,2023-01-21 14:33:36.271469-08:00,scireptor,sciReptor (Germany),,,,pass-query2_repertoire.json,,,,,,,,,,,,,,,,,,,,,,
0,AIRR Data Commons API,API response for repertoire query,1.3,AIRR Community,https://github.com/airr-community,,/home/ubuntu/ireceptor-monitor/performance_scripts/queries/repertoires/pass-all.json,2.397894382476806,2023-01-22 02:33:46.062759,2023-01-21 18:33:46.062759-08:00,scireptor,sciReptor (Germany),,,,pass-all.json,,,,,,,,,,,,,,,,,,,,,,
1,AIRR Data Commons API,API response for repertoire query,1.3,AIRR Community,https://github.com/airr-community,,/home/ubuntu/ireceptor-monitor/performance_scripts/queries/repertoires/pass-field-organism-id.json,1.324108600616455,2023-01-22 02:33:47.410039,2023-01-21 18:33:47.410039-08:00,scireptor,sciReptor (Germany),,,,pass-field-organism-id.json,,,,,,,,,,,,,,,,,,,,,,
2,AIRR Data Commons API,API response for repertoire query,1.3,AIRR Community,https://github.com/airr-community,,/home/ubuntu/ireceptor-monitor/performance_scripts/queries/repertoires/pass-field-pcr_target_locus.json,2.242181301116944,2023-01-22 02:33:49.672676,2023-01-21 18:33:49.672676-08:00,scireptor,sciReptor (Germany),,,,pass-field-pcr_target_locus.json,,,,,,,,,,,,,,,,,,,,,,
3,AIRR Data Commons API,API response for repertoire query,1.3,AIRR Community,https://github.com/airr-community,,/home/ubuntu/ireceptor-monitor/performance_scripts/queries/repertoires/pass-field-age-range.json,2.203547716140747,2023-01-22 02:33:51.920764,2023-01-21 18:33:51.920764-08:00,scireptor,sciReptor (Germany),,,,pass-field-age-range.json,,,,,,,,,,,,,,,,,,,,,,
4,AIRR Data Commons API,API response for repertoire query,1.3,AIRR Community,https://github.com/airr-community,,/home/ubuntu/ireceptor-monitor/performance_scripts/queries/repertoires/pass-query2_repertoire.json,1.259636402130127,2023-01-22 02:33:53.187859,2023-01-21 18:33:53.187859-08:00,scireptor,sciReptor (Germany),,,,pass-query2_repertoire.json,,,,,,,,,,,,,,,,,,,,,,
0,AIRR Data Commons API,API response for repertoire query,1.3,AIRR Community,https://github.com/airr-community,,/home/ubuntu/ireceptor-monitor/performance_scripts/queries/repertoires/pass-all.json,2.225091457366944,2023-01-22 06:33:21.910292,2023-01-21 22:33:21.910292-08:00,scireptor,sciReptor (Germany),,,,pass-all.json,,,,,,,,,,,,,,,,,,,,,,
1,AIRR Data Commons API,API response for repertoire query,1.3,AIRR Community,https://github.com/airr-community,,/home/ubuntu/ireceptor-monitor/performance_scripts/queries/repertoires/pass-field-organism-id.json,1.0762102603912354,2023-01-22 06:33:23.010369,2023-01-21 22:33:23.010369-08:00,scireptor,sciReptor (Germany),,,,pass-field-organism-id.json,,,,,,,,,,,,,,,,,,,,,,
2,AIRR Data Commons API,API response for repertoire query,1.3,AIRR Community,https://github.com/airr-community,,/home/ubuntu/ireceptor-monitor/performance_scripts/queries/repertoires/pass-field-pcr_target_locus.json,1.9308407306671145,2023-01-22 06:33:24.961904,2023-01-21 22:33:24.961904-08:00,scireptor,sciReptor (Germany),,,,pass-field-pcr_target_locus.json,,,,,,,,,,,,,,,,,,,,,,
3,AIRR Data Commons API,API response for repertoire query,1.3,AIRR Community,https://github.com/airr-community,,/home/ubuntu/ireceptor-monitor/performance_scripts/queries/repertoires/pass-field-age-range.json,2.1811599731445312,2023-01-22 06:33:27.187982,2023-01-21 22:33:27.187982-08:00,scireptor,sciReptor (Germany),,,,pass-field-age-range.json,,,,,,,,,,,,,,,,,,,,,,
4,AIRR Data Commons API,API response for repertoire query,1.3,AIRR Community,https://github.com/airr-community,,/home/ubuntu/ireceptor-monitor/performance_scripts/queries/repertoires/pass-query2_repertoire.json,1.0727078914642334,2023-01-22 06:33:28.269673,2023-01-21 22:33:28.269673-08:00,scireptor,sciReptor (Germany),,,,pass-query2_repertoire.json,,,,,,,,,,,,,,,,,,,,,,
0,AIRR Data Commons API,API response for repertoire query,1.3,AIRR Community,https://github.com/airr-community,,/home/ubuntu/ireceptor-monitor/performance_scripts/queries/repertoires/pass-all.json,2.273573398590088,2023-01-22 10:33:31.036369,2023-01-22 02:33:31.036369-08:00,scireptor,sciReptor (Germany),,,,pass-all.json,,,,,,,,,,,,,,,,,,,,,,
1,AIRR Data Commons API,API response for repertoire query,1.3,AIRR Community,https://github.com/airr-community,,/home/ubuntu/ireceptor-monitor/performance_scripts/queries/repertoires/pass-field-organism-id.json,1.2320442199707031,2023-01-22 10:33:32.293066,2023-01-22 02:33:32.293066-08:00,scireptor,sciReptor (Germany),,,,pass-field-organism-id.json,,,,,,,,,,,,,,,,,,,,,,
2,AIRR Data Commons API,API response for repertoire query,1.3,AIRR Community,https://github.com/airr-community,,/home/ubuntu/ireceptor-monitor/performance_scripts/queries/repertoires/pass-field-pcr_target_locus.json,1.8948812484741209,2023-01-22 10:33:34.208832,2023-01-22 02:33:34.208832-08:00,scireptor,sciReptor (Germany),,,,pass-field-pcr_target_locus.json,,,,,,,,,,,,,,,,,,,,,,
3,AIRR Data Commons API,API response for repertoire query,1.3,AIRR Community,https://github.com/airr-community,,/home/ubuntu/ireceptor-monitor/performance_scripts/queries/repertoires/pass-field-age-range.json,2.3955419063568115,2023-01-22 10:33:36.650593,2023-01-22 02:33:36.650593-08:00,scireptor,sciReptor (Germany),,,,pass-field-age-range.json,,,,,,,,,,,,,,,,,,,,,,
4,AIRR Data Commons API,API response for repertoire query,1.3,AIRR Community,https://github.com/airr-community,,/home/ubuntu/ireceptor-monitor/performance_scripts/queries/repertoires/pass-query2_repertoire.json,1.27449631690979,2023-01-22 10:33:37.932089,2023-01-22 02:33:37.932089-08:00,scireptor,sciReptor (Germany),,,,pass-query2_repertoire.json,,,,,,,,,,,,,,,,,,,,,,
0,AIRR Data Commons API,API response for repertoire query,1.3,AIRR Community,https://github.com/airr-community,,/home/ubuntu/ireceptor-monitor/performance_scripts/queries/repertoires/pass-all.json,2.886813879013061,2023-01-22 14:33:49.209638,2023-01-22 06:33:49.209638-08:00,scireptor,sciReptor (Germany),,,,pass-all.json,,,,,,,,,,,,,,,,,,,,,,
1,AIRR Data Commons API,API response for repertoire query,1.3,AIRR Community,https://github.com/airr-community,,/home/ubuntu/ireceptor-monitor/performance_scripts/queries/repertoires/pass-field-organism-id.json,1.234858751296997,2023-01-22 14:33:50.467708,2023-01-22 06:33:50.467708-08:00,scireptor,sciReptor (Germany),,,,pass-field-organism-id.json,,,,,,,,,,,,,,,,,,,,,,
2,AIRR Data Commons API,API response for repertoire query,1.3,AIRR Community,https://github.com/airr-community,,/home/ubuntu/ireceptor-monitor/performance_scripts/queries/repertoires/pass-field-pcr_target_locus.json,1.9562530517578125,2023-01-22 14:33:52.444630,2023-01-22 06:33:52.444630-08:00,scireptor,sciReptor (Germany),,,,pass-field-pcr_target_locus.json,,,,,,,,,,,,,,,,,,,,,,
3,AIRR Data Commons API,API response for repertoire query,1.3,AIRR Community,https://github.com/airr-community,,/home/ubuntu/ireceptor-monitor/performance_scripts/queries/repertoires/pass-field-age-range.json,2.3264639377593994,2023-01-22 14:33:54.818718,2023-01-22 06:33:54.818718-08:00,scireptor,sciReptor (Germany),,,,pass-field-age-range.json,,,,,,,,,,,,,,,,,,,,,,
4,AIRR Data Commons API,API response for repertoire query,1.3,AIRR Community,https://github.com/airr-community,,/home/ubuntu/ireceptor-monitor/performance_scripts/queries/repertoires/pass-query2_repertoire.json,1.310920000076294,2023-01-22 14:33:56.138110,2023-01-22 06:33:56.138110-08:00,scireptor,sciReptor (Germany),,,,pass-query2_repertoire.json,,,,,,,,,,,,,,,,,,,,,,
0,AIRR Data Commons API,API response for repertoire query,1.3,AIRR Community,https://github.com/airr-community,,/home/ubuntu/ireceptor-monitor/performance_scripts/queries/repertoires/pass-all.json,2.3276596069335938,2023-01-22 18:34:20.888248,2023-01-22 10:34:20.888248-08:00,scireptor,sciReptor (Germany),,,,pass-all.json,,,,,,,,,,,,,,,,,,,,,,
1,AIRR Data Commons API,API response for repertoire query,1.3,AIRR Community,https://github.com/airr-community,,/home/ubuntu/ireceptor-monitor/performance_scripts/queries/repertoires/pass-field-organism-id.json,2.0393834114074707,2023-01-22 18:34:22.950456,2023-01-22 10:34:22.950456-08:00,scireptor,sciReptor (Germany),,,,pass-field-organism-id.json,,,,,,,,,,,,,,,,,,,,,,
2,AIRR Data Commons API,API response for repertoire query,1.3,AIRR Community,https://github.com/airr-community,,/home/ubuntu/ireceptor-monitor/performance_scripts/queries/repertoires/pass-field-pcr_target_locus.json,2.1089925765991206,2023-01-22 18:34:25.079413,2023-01-22 10:34:25.079413-08:00,scireptor,sciReptor (Germany),,,,pass-field-pcr_target_locus.json,,,,,,,,,,,,,,,,,,,,,,
3,AIRR Data Commons API,API response for repertoire query,1.3,AIRR Community,https://github.com/airr-community,,/home/ubuntu/ireceptor-monitor/performance_scripts/queries/repertoires/pass-field-age-range.json,2.2681593894958496,2023-01-22 18:34:27.393631,2023-01-22 10:34:27.393631-08:00,scireptor,sciReptor (Germany),,,,pass-field-age-range.json,,,,,,,,,,,,,,,,,,,,,,
4,AIRR Data Commons API,API response for repertoire query,1.3,AIRR Community,https://github.com/airr-community,,/home/ubuntu/ireceptor-monitor/performance_scripts/queries/repertoires/pass-query2_repertoire.json,1.1084003448486328,2023-01-22 18:34:28.509904,2023-01-22 10:34:28.509904-08:00,scireptor,sciReptor (Germany),,,,pass-query2_repertoire.json,,,,,,,,,,,,,,,,,,,,,,
0,AIRR Data Commons API,API response for repertoire query,1.3,AIRR Community,https://github.com/airr-community,,/home/ubuntu/ireceptor-monitor/performance_scripts/queries/repertoires/pass-all.json,2.387831211090088,2023-01-22 22:34:01.436044,2023-01-22 14:34:01.436044-08:00,scireptor,sciReptor (Germany),,,,pass-all.json,,,,,,,,,,,,,,,,,,,,,,
1,AIRR Data Commons API,API response for repertoire query,1.3,AIRR Community,https://github.com/airr-community,,/home/ubuntu/ireceptor-monitor/performance_scripts/queries/repertoires/pass-field-organism-id.json,1.235705852508545,2023-01-22 22:34:02.695909,2023-01-22 14:34:02.695909-08:00,scireptor,sciReptor (Germany),,,,pass-field-organism-id.json,,,,,,,,,,,,,,,,,,,,,,
2,AIRR Data Commons API,API response for repertoire query,1.3,AIRR Community,https://github.com/airr-community,,/home/ubuntu/ireceptor-monitor/performance_scripts/queries/repertoires/pass-field-pcr_target_locus.json,2.1639432907104488,2023-01-22 22:34:04.890327,2023-01-22 14:34:04.890327-08:00,scireptor,sciReptor (Germany),,,,pass-field-pcr_target_locus.json,,,,,,,,,,,,,,,,,,,,,,
3,AIRR Data Commons API,API response for repertoire query,1.3,AIRR Community,https://github.com/airr-community,,/home/ubuntu/ireceptor-monitor/performance_scripts/queries/repertoires/pass-field-age-range.json,2.289583921432495,2023-01-22 22:34:07.228767,2023-01-22 14:34:07.228767-08:00,scireptor,sciReptor (Germany),,,,pass-field-age-range.json,,,,,,,,,,,,,,,,,,,,,,
4,AIRR Data Commons API,API response for repertoire query,1.3,AIRR Community,https://github.com/airr-community,,/home/ubuntu/ireceptor-monitor/performance_scripts/queries/repertoires/pass-query2_repertoire.json,1.238189935684204,2023-01-22 22:34:08.475131,2023-01-22 14:34:08.475131-08:00,scireptor,sciReptor (Germany),,,,pass-query2_repertoire.json,,,,,,,,,,,,,,,,,,,,,,
0,AIRR Data Commons API,API response for repertoire query,1.3,AIRR Community,https://github.com/airr-community,,/home/ubuntu/ireceptor-monitor/performance_scripts/queries/repertoires/pass-all.json,2.2828001976013184,2023-01-23 02:33:29.879686,2023-01-22 18:33:29.879686-08:00,scireptor,sciReptor (Germany),,,,pass-all.json,,,,,,,,,,,,,,,,,,,,,,
1,AIRR Data Commons API,API response for repertoire query,1.3,AIRR Community,https://github.com/airr-community,,/home/ubuntu/ireceptor-monitor/performance_scripts/queries/repertoires/pass-field-organism-id.json,1.1005613803863523,2023-01-23 02:33:31.002712,2023-01-22 18:33:31.002712-08:00,scireptor,sciReptor (Germany),,,,pass-field-organism-id.json,,,,,,,,,,,,,,,,,,,,,,
2,AIRR Data Commons API,API response for repertoire query,1.3,AIRR Community,https://github.com/airr-community,,/home/ubuntu/ireceptor-monitor/performance_scripts/queries/repertoires/pass-field-pcr_target_locus.json,1.909010887145996,2023-01-23 02:33:32.934049,2023-01-22 18:33:32.934049-08:00,scireptor,sciReptor (Germany),,,,pass-field-pcr_target_locus.json,,,,,,,,,,,,,,,,,,,,,,
3,AIRR Data Commons API,API response for repertoire query,1.3,AIRR Community,https://github.com/airr-community,,/home/ubuntu/ireceptor-monitor/performance_scripts/queries/repertoires/pass-field-age-range.json,2.2621712684631348,2023-01-23 02:33:35.243274,2023-01-22 18:33:35.243274-08:00,scireptor,sciReptor (Germany),,,,pass-field-age-range.json,,,,,,,,,,,,,,,,,,,,,,
4,AIRR Data Commons API,API response for repertoire query,1.3,AIRR Community,https://github.com/airr-community,,/home/ubuntu/ireceptor-monitor/performance_scripts/queries/repertoires/pass-query2_repertoire.json,1.166166067123413,2023-01-23 02:33:36.417900,2023-01-22 18:33:36.417900-08:00,scireptor,sciReptor (Germany),,,,pass-query2_repertoire.json,,,,,,,,,,,,,,,,,,,,,,
0,AIRR Data Commons API,API response for repertoire query,1.3,AIRR Community,https://github.com/airr-community,,/home/ubuntu/ireceptor-monitor/performance_scripts/queries/repertoires/pass-all.json,3.841569662094116,2023-01-23 06:34:22.574619,2023-01-22 22:34:22.574619-08:00,scireptor,sciReptor (Germany),,,,pass-all.json,,,,,,,,,,,,,,,,,,,,,,
1,AIRR Data Commons API,API response for repertoire query,1.3,AIRR Community,https://github.com/airr-community,,/home/ubuntu/ireceptor-monitor/performance_scripts/queries/repertoires/pass-field-organism-id.json,1.2380897998809814,2023-01-23 06:34:23.837750,2023-01-22 22:34:23.837750-08:00,scireptor,sciReptor (Germany),,,,pass-field-organism-id.json,,,,,,,,,,,,,,,,,,,,,,
2,AIRR Data Commons API,API response for repertoire query,1.3,AIRR Community,https://github.com/airr-community,,/home/ubuntu/ireceptor-monitor/performance_scripts/queries/repertoires/pass-field-pcr_target_locus.json,2.0160579681396484,2023-01-23 06:34:25.875041,2023-01-22 22:34:25.875041-08:00,scireptor,sciReptor (Germany),,,,pass-field-pcr_target_locus.json,,,,,,,,,,,,,,,,,,,,,,
3,AIRR Data Commons API,API response for repertoire query,1.3,AIRR Community,https://github.com/airr-community,,/home/ubuntu/ireceptor-monitor/performance_scripts/queries/repertoires/pass-field-age-range.json,2.4048750400543213,2023-01-23 06:34:28.324296,2023-01-22 22:34:28.324296-08:00,scireptor,sciReptor (Germany),,,,pass-field-age-range.json,,,,,,,,,,,,,,,,,,,,,,
4,AIRR Data Commons API,API response for repertoire query,1.3,AIRR Community,https://github.com/airr-community,,/home/ubuntu/ireceptor-monitor/performance_scripts/queries/repertoires/pass-query2_repertoire.json,1.254248857498169,2023-01-23 06:34:29.586350,2023-01-22 22:34:29.586350-08:00,scireptor,sciReptor (Germany),,,,pass-query2_repertoire.json,,,,,,,,,,,,,,,,,,,,,,
0,AIRR Data Commons API,API response for repertoire query,1.3,AIRR Community,https://github.com/airr-community,,/home/ubuntu/ireceptor-monitor/performance_scripts/queries/repertoires/pass-all.json,2.407043218612671,2023-01-23 10:34:02.399817,2023-01-23 02:34:02.399817-08:00,scireptor,sciReptor (Germany),,,,pass-all.json,,,,,,,,,,,,,,,,,,,,,,
1,AIRR Data Commons API,API response for repertoire query,1.3,AIRR Community,https://github.com/airr-community,,/home/ubuntu/ireceptor-monitor/performance_scripts/queries/repertoires/pass-field-organism-id.json,1.2571253776550293,2023-01-23 10:34:03.680502,2023-01-23 02:34:03.680502-08:00,scireptor,sciReptor (Germany),,,,pass-field-organism-id.json,,,,,,,,,,,,,,,,,,,,,,
2,AIRR Data Commons API,API response for repertoire query,1.3,AIRR Community,https://github.com/airr-community,,/home/ubuntu/ireceptor-monitor/performance_scripts/queries/repertoires/pass-field-pcr_target_locus.json,1.8558168411254885,2023-01-23 10:34:05.558981,2023-01-23 02:34:05.558981-08:00,scireptor,sciReptor (Germany),,,,pass-field-pcr_target_locus.json,,,,,,,,,,,,,,,,,,,,,,
3,AIRR Data Commons API,API response for repertoire query,1.3,AIRR Community,https://github.com/airr-community,,/home/ubuntu/ireceptor-monitor/performance_scripts/queries/repertoires/pass-field-age-range.json,2.392125129699707,2023-01-23 10:34:07.998813,2023-01-23 02:34:07.998813-08:00,scireptor,sciReptor (Germany),,,,pass-field-age-range.json,,,,,,,,,,,,,,,,,,,,,,
4,AIRR Data Commons API,API response for repertoire query,1.3,AIRR Community,https://github.com/airr-community,,/home/ubuntu/ireceptor-monitor/performance_scripts/queries/repertoires/pass-query2_repertoire.json,1.129563331604004,2023-01-23 10:34:09.136491,2023-01-23 02:34:09.136491-08:00,scireptor,sciReptor (Germany),,,,pass-query2_repertoire.json,,,,,,,,,,,,,,,,,,,,,,
0,AIRR Data Commons API,API response for repertoire query,1.3,AIRR Community,https://github.com/airr-community,,/home/ubuntu/ireceptor-monitor/performance_scripts/queries/repertoires/pass-all.json,2.0644619464874268,2023-01-23 14:33:31.536587,2023-01-23 06:33:31.536587-08:00,scireptor,sciReptor (Germany),,,,pass-all.json,,,,,,,,,,,,,,,,,,,,,,
1,AIRR Data Commons API,API response for repertoire query,1.3,AIRR Community,https://github.com/airr-community,,/home/ubuntu/ireceptor-monitor/performance_scripts/queries/repertoires/pass-field-organism-id.json,1.0051825046539309,2023-01-23 14:33:32.564941,2023-01-23 06:33:32.564941-08:00,scireptor,sciReptor (Germany),,,,pass-field-organism-id.json,,,,,,,,,,,,,,,,,,,,,,
2,AIRR Data Commons API,API response for repertoire query,1.3,AIRR Community,https://github.com/airr-community,,/home/ubuntu/ireceptor-monitor/performance_scripts/queries/repertoires/pass-field-pcr_target_locus.json,2.208019256591797,2023-01-23 14:33:34.794719,2023-01-23 06:33:34.794719-08:00,scireptor,sciReptor (Germany),,,,pass-field-pcr_target_locus.json,,,,,,,,,,,,,,,,,,,,,,
3,AIRR Data Commons API,API response for repertoire query,1.3,AIRR Community,https://github.com/airr-community,,/home/ubuntu/ireceptor-monitor/performance_scripts/queries/repertoires/pass-field-age-range.json,2.1235837936401367,2023-01-23 14:33:36.967434,2023-01-23 06:33:36.967434-08:00,scireptor,sciReptor (Germany),,,,pass-field-age-range.json,,,,,,,,,,,,,,,,,,,,,,
4,AIRR Data Commons API,API response for repertoire query,1.3,AIRR Community,https://github.com/airr-community,,/home/ubuntu/ireceptor-monitor/performance_scripts/queries/repertoires/pass-query2_repertoire.json,1.226144313812256,2023-01-23 14:33:38.201476,2023-01-23 06:33:38.201476-08:00,scireptor,sciReptor (Germany),,,,pass-query2_repertoire.json,,,,,,,,,,,,,,,,,,,,,,
0,AIRR Data Commons API,API response for repertoire query,1.3,AIRR Community,https://github.com/airr-community,,/home/ubuntu/ireceptor-monitor/performance_scripts/queries/repertoires/pass-all.json,2.173361301422119,2023-01-23 18:34:01.084616,2023-01-23 10:34:01.084616-08:00,scireptor,sciReptor (Germany),,,,pass-all.json,,,,,,,,,,,,,,,,,,,,,,
1,AIRR Data Commons API,API response for repertoire query,1.3,AIRR Community,https://github.com/airr-community,,/home/ubuntu/ireceptor-monitor/performance_scripts/queries/repertoires/pass-field-organism-id.json,1.0772762298583984,2023-01-23 18:34:02.186756,2023-01-23 10:34:02.186756-08:00,scireptor,sciReptor (Germany),,,,pass-field-organism-id.json,,,,,,,,,,,,,,,,,,,,,,
2,AIRR Data Commons API,API response for repertoire query,1.3,AIRR Community,https://github.com/airr-community,,/home/ubuntu/ireceptor-monitor/performance_scripts/queries/repertoires/pass-field-pcr_target_locus.json,1.8754541873931885,2023-01-23 18:34:04.085903,2023-01-23 10:34:04.085903-08:00,scireptor,sciReptor (Germany),,,,pass-field-pcr_target_locus.json,,,,,,,,,,,,,,,,,,,,,,
3,AIRR Data Commons API,API response for repertoire query,1.3,AIRR Community,https://github.com/airr-community,,/home/ubuntu/ireceptor-monitor/performance_scripts/queries/repertoires/pass-field-age-range.json,2.1363110542297363,2023-01-23 18:34:06.269674,2023-01-23 10:34:06.269674-08:00,scireptor,sciReptor (Germany),,,,pass-field-age-range.json,,,,,,,,,,,,,,,,,,,,,,
4,AIRR Data Commons API,API response for repertoire query,1.3,AIRR Community,https://github.com/airr-community,,/home/ubuntu/ireceptor-monitor/performance_scripts/queries/repertoires/pass-query2_repertoire.json,1.1857013702392578,2023-01-23 18:34:07.463591,2023-01-23 10:34:07.463591-08:00,scireptor,sciReptor (Germany),,,,pass-query2_repertoire.json,,,,,,,,,,,,,,,,,,,,,,
0,AIRR Data Commons API,API response for repertoire query,1.3,AIRR Community,https://github.com/airr-community,,/home/ubuntu/ireceptor-monitor/performance_scripts/queries/repertoires/pass-all.json,2.2505884170532227,2023-01-23 22:34:12.771803,2023-01-23 14:34:12.771803-08:00,scireptor,sciReptor (Germany),,,,pass-all.json,,,,,,,,,,,,,,,,,,,,,,
1,AIRR Data Commons API,API response for repertoire query,1.3,AIRR Community,https://github.com/airr-community,,/home/ubuntu/ireceptor-monitor/performance_scripts/queries/repertoires/pass-field-organism-id.json,1.1450207233428955,2023-01-23 22:34:13.940146,2023-01-23 14:34:13.940146-08:00,scireptor,sciReptor (Germany),,,,pass-field-organism-id.json,,,,,,,,,,,,,,,,,,,,,,
2,AIRR Data Commons API,API response for repertoire query,1.3,AIRR Community,https://github.com/airr-community,,/home/ubuntu/ireceptor-monitor/performance_scripts/queries/repertoires/pass-field-pcr_target_locus.json,1.8829913139343264,2023-01-23 22:34:15.844446,2023-01-23 14:34:15.844446-08:00,scireptor,sciReptor (Germany),,,,pass-field-pcr_target_locus.json,,,,,,,,,,,,,,,,,,,,,,
3,AIRR Data Commons API,API response for repertoire query,1.3,AIRR Community,https://github.com/airr-community,,/home/ubuntu/ireceptor-monitor/performance_scripts/queries/repertoires/pass-field-age-range.json,2.2170701026916504,2023-01-23 22:34:18.110092,2023-01-23 14:34:18.110092-08:00,scireptor,sciReptor (Germany),,,,pass-field-age-range.json,,,,,,,,,,,,,,,,,,,,,,
4,AIRR Data Commons API,API response for repertoire query,1.3,AIRR Community,https://github.com/airr-community,,/home/ubuntu/ireceptor-monitor/performance_scripts/queries/repertoires/pass-query2_repertoire.json,1.170191526412964,2023-01-23 22:34:19.288844,2023-01-23 14:34:19.288844-08:00,scireptor,sciReptor (Germany),,,,pass-query2_repertoire.json,,,,,,,,,,,,,,,,,,,,,,
0,AIRR Data Commons API,API response for repertoire query,1.3,AIRR Community,https://github.com/airr-community,,/home/ubuntu/ireceptor-monitor/performance_scripts/queries/repertoires/pass-all.json,2.209941864013672,2023-01-24 02:33:43.074393,2023-01-23 18:33:43.074393-08:00,scireptor,sciReptor (Germany),,,,pass-all.json,,,,,,,,,,,,,,,,,,,,,,
1,AIRR Data Commons API,API response for repertoire query,1.3,AIRR Community,https://github.com/airr-community,,/home/ubuntu/ireceptor-monitor/performance_scripts/queries/repertoires/pass-field-organism-id.json,1.2119498252868652,2023-01-24 02:33:44.312664,2023-01-23 18:33:44.312664-08:00,scireptor,sciReptor (Germany),,,,pass-field-organism-id.json,,,,,,,,,,,,,,,,,,,,,,
2,AIRR Data Commons API,API response for repertoire query,1.3,AIRR Community,https://github.com/airr-community,,/home/ubuntu/ireceptor-monitor/performance_scripts/queries/repertoires/pass-field-pcr_target_locus.json,2.2161078453063965,2023-01-24 02:33:46.550751,2023-01-23 18:33:46.550751-08:00,scireptor,sciReptor (Germany),,,,pass-field-pcr_target_locus.json,,,,,,,,,,,,,,,,,,,,,,
3,AIRR Data Commons API,API response for repertoire query,1.3,AIRR Community,https://github.com/airr-community,,/home/ubuntu/ireceptor-monitor/performance_scripts/queries/repertoires/pass-field-age-range.json,3.853062868118286,2023-01-24 02:33:50.451046,2023-01-23 18:33:50.451046-08:00,scireptor,sciReptor (Germany),,,,pass-field-age-range.json,,,,,,,,,,,,,,,,,,,,,,
4,AIRR Data Commons API,API response for repertoire query,1.3,AIRR Community,https://github.com/airr-community,,/home/ubuntu/ireceptor-monitor/performance_scripts/queries/repertoires/pass-query2_repertoire.json,1.020381212234497,2023-01-24 02:33:51.478468,2023-01-23 18:33:51.478468-08:00,scireptor,sciReptor (Germany),,,,pass-query2_repertoire.json,,,,,,,,,,,,,,,,,,,,,,
0,AIRR Data Commons API,API response for repertoire query,1.3,AIRR Community,https://github.com/airr-community,,/home/ubuntu/ireceptor-monitor/performance_scripts/queries/repertoires/pass-all.json,2.1623849868774414,2023-01-24 06:33:41.440689,2023-01-23 22:33:41.440689-08:00,scireptor,sciReptor (Germany),,,,pass-all.json,,,,,,,,,,,,,,,,,,,,,,
1,AIRR Data Commons API,API response for repertoire query,1.3,AIRR Community,https://github.com/airr-community,,/home/ubuntu/ireceptor-monitor/performance_scripts/queries/repertoires/pass-field-organism-id.json,1.05649733543396,2023-01-24 06:33:42.521870,2023-01-23 22:33:42.521870-08:00,scireptor,sciReptor (Germany),,,,pass-field-organism-id.json,,,,,,,,,,,,,,,,,,,,,,
2,AIRR Data Commons API,API response for repertoire query,1.3,AIRR Community,https://github.com/airr-community,,/home/ubuntu/ireceptor-monitor/performance_scripts/queries/repertoires/pass-field-pcr_target_locus.json,1.8672184944152832,2023-01-24 06:33:44.411178,2023-01-23 22:33:44.411178-08:00,scireptor,sciReptor (Germany),,,,pass-field-pcr_target_locus.json,,,,,,,,,,,,,,,,,,,,,,
3,AIRR Data Commons API,API response for repertoire query,1.3,AIRR Community,https://github.com/airr-community,,/home/ubuntu/ireceptor-monitor/performance_scripts/queries/repertoires/pass-field-age-range.json,2.1782784461975098,2023-01-24 06:33:46.637426,2023-01-23 22:33:46.637426-08:00,scireptor,sciReptor (Germany),,,,pass-field-age-range.json,,,,,,,,,,,,,,,,,,,,,,
4,AIRR Data Commons API,API response for repertoire query,1.3,AIRR Community,https://github.com/airr-community,,/home/ubuntu/ireceptor-monitor/performance_scripts/queries/repertoires/pass-query2_repertoire.json,1.0801534652709959,2023-01-24 06:33:47.725846,2023-01-23 22:33:47.725846-08:00,scireptor,sciReptor (Germany),,,,pass-query2_repertoire.json,,,,,,,,,,,,,,,,,,,,,,
0,AIRR Data Commons API,API response for repertoire query,1.3,AIRR Community,https://github.com/airr-community,,/home/ubuntu/ireceptor-monitor/performance_scripts/queries/repertoires/pass-all.json,2.069380521774292,2023-01-24 10:33:49.185621,2023-01-24 02:33:49.185621-08:00,scireptor,sciReptor (Germany),,,,pass-all.json,,,,,,,,,,,,,,,,,,,,,,
1,AIRR Data Commons API,API response for repertoire query,1.3,AIRR Community,https://github.com/airr-community,,/home/ubuntu/ireceptor-monitor/performance_scripts/queries/repertoires/pass-field-organism-id.json,1.0166213512420654,2023-01-24 10:33:50.224207,2023-01-24 02:33:50.224207-08:00,scireptor,sciReptor (Germany),,,,pass-field-organism-id.json,,,,,,,,,,,,,,,,,,,,,,
2,AIRR Data Commons API,API response for repertoire query,1.3,AIRR Community,https://github.com/airr-community,,/home/ubuntu/ireceptor-monitor/performance_scripts/queries/repertoires/pass-field-pcr_target_locus.json,1.7496471405029297,2023-01-24 10:33:51.995146,2023-01-24 02:33:51.995146-08:00,scireptor,sciReptor (Germany),,,,pass-field-pcr_target_locus.json,,,,,,,,,,,,,,,,,,,,,,
3,AIRR Data Commons API,API response for repertoire query,1.3,AIRR Community,https://github.com/airr-community,,/home/ubuntu/ireceptor-monitor/performance_scripts/queries/repertoires/pass-field-age-range.json,3.086591482162476,2023-01-24 10:33:55.129951,2023-01-24 02:33:55.129951-08:00,scireptor,sciReptor (Germany),,,,pass-field-age-range.json,,,,,,,,,,,,,,,,,,,,,,
4,AIRR Data Commons API,API response for repertoire query,1.3,AIRR Community,https://github.com/airr-community,,/home/ubuntu/ireceptor-monitor/performance_scripts/queries/repertoires/pass-query2_repertoire.json,1.049363136291504,2023-01-24 10:33:56.187777,2023-01-24 02:33:56.187777-08:00,scireptor,sciReptor (Germany),,,,pass-query2_repertoire.json,,,,,,,,,,,,,,,,,,,,,,
0,AIRR Data Commons API,API response for repertoire query,1.3,AIRR Community,https://github.com/airr-community,,/home/ubuntu/ireceptor-monitor/performance_scripts/queries/repertoires/pass-all.json,2.2946786880493164,2023-01-24 14:34:35.030872,2023-01-24 06:34:35.030872-08:00,scireptor,sciReptor (Germany),,,,pass-all.json,,,,,,,,,,,,,,,,,,,,,,
1,AIRR Data Commons API,API response for repertoire query,1.3,AIRR Community,https://github.com/airr-community,,/home/ubuntu/ireceptor-monitor/performance_scripts/queries/repertoires/pass-field-organism-id.json,1.3747327327728271,2023-01-24 14:34:36.429111,2023-01-24 06:34:36.429111-08:00,scireptor,sciReptor (Germany),,,,pass-field-organism-id.json,,,,,,,,,,,,,,,,,,,,,,
2,AIRR Data Commons API,API response for repertoire query,1.3,AIRR Community,https://github.com/airr-community,,/home/ubuntu/ireceptor-monitor/performance_scripts/queries/repertoires/pass-field-pcr_target_locus.json,1.9479932785034184,2023-01-24 14:34:38.397893,2023-01-24 06:34:38.397893-08:00,scireptor,sciReptor (Germany),,,,pass-field-pcr_target_locus.json,,,,,,,,,,,,,,,,,,,,,,
3,AIRR Data Commons API,API response for repertoire query,1.3,AIRR Community,https://github.com/airr-community,,/home/ubuntu/ireceptor-monitor/performance_scripts/queries/repertoires/pass-field-age-range.json,2.3127248287200928,2023-01-24 14:34:40.757254,2023-01-24 06:34:40.757254-08:00,scireptor,sciReptor (Germany),,,,pass-field-age-range.json,,,,,,,,,,,,,,,,,,,,,,
4,AIRR Data Commons API,API response for repertoire query,1.3,AIRR Community,https://github.com/airr-community,,/home/ubuntu/ireceptor-monitor/performance_scripts/queries/repertoires/pass-query2_repertoire.json,1.2329111099243164,2023-01-24 14:34:41.998756,2023-01-24 06:34:41.998756-08:00,scireptor,sciReptor (Germany),,,,pass-query2_repertoire.json,,,,,,,,,,,,,,,,,,,,,,
0,AIRR Data Commons API,API response for repertoire query,1.3,AIRR Community,https://github.com/airr-community,,/home/ubuntu/ireceptor-monitor/performance_scripts/queries/repertoires/pass-all.json,2.35487699508667,2023-01-24 18:34:21.969058,2023-01-24 10:34:21.969058-08:00,scireptor,sciReptor (Germany),,,,pass-all.json,,,,,,,,,,,,,,,,,,,,,,
1,AIRR Data Commons API,API response for repertoire query,1.3,AIRR Community,https://github.com/airr-community,,/home/ubuntu/ireceptor-monitor/performance_scripts/queries/repertoires/pass-field-organism-id.json,1.196481704711914,2023-01-24 18:34:23.191375,2023-01-24 10:34:23.191375-08:00,scireptor,sciReptor (Germany),,,,pass-field-organism-id.json,,,,,,,,,,,,,,,,,,,,,,
2,AIRR Data Commons API,API response for repertoire query,1.3,AIRR Community,https://github.com/airr-community,,/home/ubuntu/ireceptor-monitor/performance_scripts/queries/repertoires/pass-field-pcr_target_locus.json,1.9332199096679688,2023-01-24 18:34:25.147816,2023-01-24 10:34:25.147816-08:00,scireptor,sciReptor (Germany),,,,pass-field-pcr_target_locus.json,,,,,,,,,,,,,,,,,,,,,,
3,AIRR Data Commons API,API response for repertoire query,1.3,AIRR Community,https://github.com/airr-community,,/home/ubuntu/ireceptor-monitor/performance_scripts/queries/repertoires/pass-field-age-range.json,2.271329641342163,2023-01-24 18:34:27.467755,2023-01-24 10:34:27.467755-08:00,scireptor,sciReptor (Germany),,,,pass-field-age-range.json,,,,,,,,,,,,,,,,,,,,,,
4,AIRR Data Commons API,API response for repertoire query,1.3,AIRR Community,https://github.com/airr-community,,/home/ubuntu/ireceptor-monitor/performance_scripts/queries/repertoires/pass-query2_repertoire.json,2.8480136394500732,2023-01-24 18:34:30.323687,2023-01-24 10:34:30.323687-08:00,scireptor,sciReptor (Germany),,,,pass-query2_repertoire.json,,,,,,,,,,,,,,,,,,,,,,
0,AIRR Data Commons API,API response for repertoire query,1.3,AIRR Community,https://github.com/airr-community,,/home/ubuntu/ireceptor-monitor/performance_scripts/queries/repertoires/pass-all.json,2.186570405960083,2023-01-24 22:33:53.603289,2023-01-24 14:33:53.603289-08:00,scireptor,sciReptor (Germany),,,,pass-all.json,,,,,,,,,,,,,,,,,,,,,,
1,AIRR Data Commons API,API response for repertoire query,1.3,AIRR Community,https://github.com/airr-community,,/home/ubuntu/ireceptor-monitor/performance_scripts/queries/repertoires/pass-field-organism-id.json,1.0345251560211182,2023-01-24 22:33:54.660440,2023-01-24 14:33:54.660440-08:00,scireptor,sciReptor (Germany),,,,pass-field-organism-id.json,,,,,,,,,,,,,,,,,,,,,,
2,AIRR Data Commons API,API response for repertoire query,1.3,AIRR Community,https://github.com/airr-community,,/home/ubuntu/ireceptor-monitor/performance_scripts/queries/repertoires/pass-field-pcr_target_locus.json,1.852545976638794,2023-01-24 22:33:56.535648,2023-01-24 14:33:56.535648-08:00,scireptor,sciReptor (Germany),,,,pass-field-pcr_target_locus.json,,,,,,,,,,,,,,,,,,,,,,
3,AIRR Data Commons API,API response for repertoire query,1.3,AIRR Community,https://github.com/airr-community,,/home/ubuntu/ireceptor-monitor/performance_scripts/queries/repertoires/pass-field-age-range.json,2.2304375171661377,2023-01-24 22:33:58.815250,2023-01-24 14:33:58.815250-08:00,scireptor,sciReptor (Germany),,,,pass-field-age-range.json,,,,,,,,,,,,,,,,,,,,,,
4,AIRR Data Commons API,API response for repertoire query,1.3,AIRR Community,https://github.com/airr-community,,/home/ubuntu/ireceptor-monitor/performance_scripts/queries/repertoires/pass-query2_repertoire.json,1.2049615383148191,2023-01-24 22:34:00.028962,2023-01-24 14:34:00.028962-08:00,scireptor,sciReptor (Germany),,,,pass-query2_repertoire.json,,,,,,,,,,,,,,,,,,,,,,
0,AIRR Data Commons API,API response for repertoire query,1.3,AIRR Community,https://github.com/airr-community,,/home/ubuntu/ireceptor-monitor/performance_scripts/queries/repertoires/pass-all.json,3.0736100673675537,2023-01-25 02:34:13.357373,2023-01-24 18:34:13.357373-08:00,scireptor,sciReptor (Germany),,,,pass-all.json,,,,,,,,,,,,,,,,,,,,,,
1,AIRR Data Commons API,API response for repertoire query,1.3,AIRR Community,https://github.com/airr-community,,/home/ubuntu/ireceptor-monitor/performance_scripts/queries/repertoires/pass-field-organism-id.json,1.221149206161499,2023-01-25 02:34:14.603964,2023-01-24 18:34:14.603964-08:00,scireptor,sciReptor (Germany),,,,pass-field-organism-id.json,,,,,,,,,,,,,,,,,,,,,,
2,AIRR Data Commons API,API response for repertoire query,1.3,AIRR Community,https://github.com/airr-community,,/home/ubuntu/ireceptor-monitor/performance_scripts/queries/repertoires/pass-field-pcr_target_locus.json,1.9136083126068115,2023-01-25 02:34:16.537883,2023-01-24 18:34:16.537883-08:00,scireptor,sciReptor (Germany),,,,pass-field-pcr_target_locus.json,,,,,,,,,,,,,,,,,,,,,,
3,AIRR Data Commons API,API response for repertoire query,1.3,AIRR Community,https://github.com/airr-community,,/home/ubuntu/ireceptor-monitor/performance_scripts/queries/repertoires/pass-field-age-range.json,3.3863523006439213,2023-01-25 02:34:19.971077,2023-01-24 18:34:19.971077-08:00,scireptor,sciReptor (Germany),,,,pass-field-age-range.json,,,,,,,,,,,,,,,,,,,,,,
4,AIRR Data Commons API,API response for repertoire query,1.3,AIRR Community,https://github.com/airr-community,,/home/ubuntu/ireceptor-monitor/performance_scripts/queries/repertoires/pass-query2_repertoire.json,1.394728422164917,2023-01-25 02:34:21.373604,2023-01-24 18:34:21.373604-08:00,scireptor,sciReptor (Germany),,,,pass-query2_repertoire.json,,,,,,,,,,,,,,,,,,,,,,
0,AIRR Data Commons API,API response for repertoire query,1.3,AIRR Community,https://github.com/airr-community,,/home/ubuntu/ireceptor-monitor/performance_scripts/queries/repertoires/pass-all.json,2.360947608947754,2023-01-25 06:33:54.641924,2023-01-24 22:33:54.641924-08:00,scireptor,sciReptor (Germany),,,,pass-all.json,,,,,,,,,,,,,,,,,,,,,,
1,AIRR Data Commons API,API response for repertoire query,1.3,AIRR Community,https://github.com/airr-community,,/home/ubuntu/ireceptor-monitor/performance_scripts/queries/repertoires/pass-field-organism-id.json,1.0791053771972656,2023-01-25 06:33:55.744339,2023-01-24 22:33:55.744339-08:00,scireptor,sciReptor (Germany),,,,pass-field-organism-id.json,,,,,,,,,,,,,,,,,,,,,,
2,AIRR Data Commons API,API response for repertoire query,1.3,AIRR Community,https://github.com/airr-community,,/home/ubuntu/ireceptor-monitor/performance_scripts/queries/repertoires/pass-field-pcr_target_locus.json,1.9057350158691408,2023-01-25 06:33:57.671846,2023-01-24 22:33:57.671846-08:00,scireptor,sciReptor (Germany),,,,pass-field-pcr_target_locus.json,,,,,,,,,,,,,,,,,,,,,,
3,AIRR Data Commons API,API response for repertoire query,1.3,AIRR Community,https://github.com/airr-community,,/home/ubuntu/ireceptor-monitor/performance_scripts/queries/repertoires/pass-field-age-range.json,2.2941713333129883,2023-01-25 06:34:00.014759,2023-01-24 22:34:00.014759-08:00,scireptor,sciReptor (Germany),,,,pass-field-age-range.json,,,,,,,,,,,,,,,,,,,,,,
4,AIRR Data Commons API,API response for repertoire query,1.3,AIRR Community,https://github.com/airr-community,,/home/ubuntu/ireceptor-monitor/performance_scripts/queries/repertoires/pass-query2_repertoire.json,1.0914022922515871,2023-01-25 06:34:01.114215,2023-01-24 22:34:01.114215-08:00,scireptor,sciReptor (Germany),,,,pass-query2_repertoire.json,,,,,,,,,,,,,,,,,,,,,,
0,AIRR Data Commons API,API response for repertoire query,1.3,AIRR Community,https://github.com/airr-community,,/home/ubuntu/ireceptor-monitor/performance_scripts/queries/repertoires/pass-all.json,2.1510779857635502,2023-01-25 10:34:00.065349,2023-01-25 02:34:00.065349-08:00,scireptor,sciReptor (Germany),,,,pass-all.json,,,,,,,,,,,,,,,,,,,,,,
1,AIRR Data Commons API,API response for repertoire query,1.3,AIRR Community,https://github.com/airr-community,,/home/ubuntu/ireceptor-monitor/performance_scripts/queries/repertoires/pass-field-organism-id.json,1.2094295024871826,2023-01-25 10:34:01.301016,2023-01-25 02:34:01.301016-08:00,scireptor,sciReptor (Germany),,,,pass-field-organism-id.json,,,,,,,,,,,,,,,,,,,,,,
2,AIRR Data Commons API,API response for repertoire query,1.3,AIRR Community,https://github.com/airr-community,,/home/ubuntu/ireceptor-monitor/performance_scripts/queries/repertoires/pass-field-pcr_target_locus.json,1.8444678783416748,2023-01-25 10:34:03.167010,2023-01-25 02:34:03.167010-08:00,scireptor,sciReptor (Germany),,,,pass-field-pcr_target_locus.json,,,,,,,,,,,,,,,,,,,,,,
3,AIRR Data Commons API,API response for repertoire query,1.3,AIRR Community,https://github.com/airr-community,,/home/ubuntu/ireceptor-monitor/performance_scripts/queries/repertoires/pass-field-age-range.json,2.588074922561645,2023-01-25 10:34:05.802813,2023-01-25 02:34:05.802813-08:00,scireptor,sciReptor (Germany),,,,pass-field-age-range.json,,,,,,,,,,,,,,,,,,,,,,
4,AIRR Data Commons API,API response for repertoire query,1.3,AIRR Community,https://github.com/airr-community,,/home/ubuntu/ireceptor-monitor/performance_scripts/queries/repertoires/pass-query2_repertoire.json,1.1126108169555664,2023-01-25 10:34:06.923518,2023-01-25 02:34:06.923518-08:00,scireptor,sciReptor (Germany),,,,pass-query2_repertoire.json,,,,,,,,,,,,,,,,,,,,,,
0,AIRR Data Commons API,API response for repertoire query,1.3,AIRR Community,https://github.com/airr-community,,/home/ubuntu/ireceptor-monitor/performance_scripts/queries/repertoires/pass-all.json,2.6376585960388184,2023-01-25 14:33:44.490138,2023-01-25 06:33:44.490138-08:00,scireptor,sciReptor (Germany),,,,pass-all.json,,,,,,,,,,,,,,,,,,,,,,
1,AIRR Data Commons API,API response for repertoire query,1.3,AIRR Community,https://github.com/airr-community,,/home/ubuntu/ireceptor-monitor/performance_scripts/queries/repertoires/pass-field-organism-id.json,1.237830400466919,2023-01-25 14:33:45.751952,2023-01-25 06:33:45.751952-08:00,scireptor,sciReptor (Germany),,,,pass-field-organism-id.json,,,,,,,,,,,,,,,,,,,,,,
2,AIRR Data Commons API,API response for repertoire query,1.3,AIRR Community,https://github.com/airr-community,,/home/ubuntu/ireceptor-monitor/performance_scripts/queries/repertoires/pass-field-pcr_target_locus.json,1.855161428451538,2023-01-25 14:33:47.629488,2023-01-25 06:33:47.629488-08:00,scireptor,sciReptor (Germany),,,,pass-field-pcr_target_locus.json,,,,,,,,,,,,,,,,,,,,,,
3,AIRR Data Commons API,API response for repertoire query,1.3,AIRR Community,https://github.com/airr-community,,/home/ubuntu/ireceptor-monitor/performance_scripts/queries/repertoires/pass-field-age-range.json,2.258317232131958,2023-01-25 14:33:49.936726,2023-01-25 06:33:49.936726-08:00,scireptor,sciReptor (Germany),,,,pass-field-age-range.json,,,,,,,,,,,,,,,,,,,,,,
4,AIRR Data Commons API,API response for repertoire query,1.3,AIRR Community,https://github.com/airr-community,,/home/ubuntu/ireceptor-monitor/performance_scripts/queries/repertoires/pass-query2_repertoire.json,1.3107748031616209,2023-01-25 14:33:51.255329,2023-01-25 06:33:51.255329-08:00,scireptor,sciReptor (Germany),,,,pass-query2_repertoire.json,,,,,,,,,,,,,,,,,,,,,,
0,AIRR Data Commons API,API response for repertoire query,1.3,AIRR Community,https://github.com/airr-community,,/home/ubuntu/ireceptor-monitor/performance_scripts/queries/repertoires/pass-all.json,2.335248708724976,2023-01-25 18:34:16.243973,2023-01-25 10:34:16.243973-08:00,scireptor,sciReptor (Germany),,,,pass-all.json,,,,,,,,,,,,,,,,,,,,,,
1,AIRR Data Commons API,API response for repertoire query,1.3,AIRR Community,https://github.com/airr-community,,/home/ubuntu/ireceptor-monitor/performance_scripts/queries/repertoires/pass-field-organism-id.json,1.197251319885254,2023-01-25 18:34:17.469523,2023-01-25 10:34:17.469523-08:00,scireptor,sciReptor (Germany),,,,pass-field-organism-id.json,,,,,,,,,,,,,,,,,,,,,,
2,AIRR Data Commons API,API response for repertoire query,1.3,AIRR Community,https://github.com/airr-community,,/home/ubuntu/ireceptor-monitor/performance_scripts/queries/repertoires/pass-field-pcr_target_locus.json,2.5523040294647217,2023-01-25 18:34:20.044076,2023-01-25 10:34:20.044076-08:00,scireptor,sciReptor (Germany),,,,pass-field-pcr_target_locus.json,,,,,,,,,,,,,,,,,,,,,,
3,AIRR Data Commons API,API response for repertoire query,1.3,AIRR Community,https://github.com/airr-community,,/home/ubuntu/ireceptor-monitor/performance_scripts/queries/repertoires/pass-field-age-range.json,2.3715405464172363,2023-01-25 18:34:22.463360,2023-01-25 10:34:22.463360-08:00,scireptor,sciReptor (Germany),,,,pass-field-age-range.json,,,,,,,,,,,,,,,,,,,,,,
4,AIRR Data Commons API,API response for repertoire query,1.3,AIRR Community,https://github.com/airr-community,,/home/ubuntu/ireceptor-monitor/performance_scripts/queries/repertoires/pass-query2_repertoire.json,1.2246589660644531,2023-01-25 18:34:23.696395,2023-01-25 10:34:23.696395-08:00,scireptor,sciReptor (Germany),,,,pass-query2_repertoire.json,,,,,,,,,,,,,,,,,,,,,,
0,AIRR Data Commons API,API response for repertoire query,1.3,AIRR Community,https://github.com/airr-community,,/home/ubuntu/ireceptor-monitor/performance_scripts/queries/repertoires/pass-all.json,2.698760747909546,2023-01-25 22:34:33.700076,2023-01-25 14:34:33.700076-08:00,scireptor,sciReptor (Germany),,,,pass-all.json,,,,,,,,,,,,,,,,,,,,,,
1,AIRR Data Commons API,API response for repertoire query,1.3,AIRR Community,https://github.com/airr-community,,/home/ubuntu/ireceptor-monitor/performance_scripts/queries/repertoires/pass-field-organism-id.json,1.1961936950683594,2023-01-25 22:34:34.920475,2023-01-25 14:34:34.920475-08:00,scireptor,sciReptor (Germany),,,,pass-field-organism-id.json,,,,,,,,,,,,,,,,,,,,,,
2,AIRR Data Commons API,API response for repertoire query,1.3,AIRR Community,https://github.com/airr-community,,/home/ubuntu/ireceptor-monitor/performance_scripts/queries/repertoires/pass-field-pcr_target_locus.json,2.155725717544556,2023-01-25 22:34:37.097869,2023-01-25 14:34:37.097869-08:00,scireptor,sciReptor (Germany),,,,pass-field-pcr_target_locus.json,,,,,,,,,,,,,,,,,,,,,,
3,AIRR Data Commons API,API response for repertoire query,1.3,AIRR Community,https://github.com/airr-community,,/home/ubuntu/ireceptor-monitor/performance_scripts/queries/repertoires/pass-field-age-range.json,2.4946575164794917,2023-01-25 22:34:39.643806,2023-01-25 14:34:39.643806-08:00,scireptor,sciReptor (Germany),,,,pass-field-age-range.json,,,,,,,,,,,,,,,,,,,,,,
4,AIRR Data Commons API,API response for repertoire query,1.3,AIRR Community,https://github.com/airr-community,,/home/ubuntu/ireceptor-monitor/performance_scripts/queries/repertoires/pass-query2_repertoire.json,1.246504306793213,2023-01-25 22:34:40.898976,2023-01-25 14:34:40.898976-08:00,scireptor,sciReptor (Germany),,,,pass-query2_repertoire.json,,,,,,,,,,,,,,,,,,,,,,
0,AIRR Data Commons API,API response for repertoire query,1.3,AIRR Community,https://github.com/airr-community,,/home/ubuntu/ireceptor-monitor/performance_scripts/queries/repertoires/pass-all.json,2.2943661212921143,2023-01-26 02:33:44.143325,2023-01-25 18:33:44.143325-08:00,scireptor,sciReptor (Germany),,,,pass-all.json,,,,,,,,,,,,,,,,,,,,,,
1,AIRR Data Commons API,API response for repertoire query,1.3,AIRR Community,https://github.com/airr-community,,/home/ubuntu/ireceptor-monitor/performance_scripts/queries/repertoires/pass-field-organism-id.json,1.0841345787048342,2023-01-26 02:33:45.251479,2023-01-25 18:33:45.251479-08:00,scireptor,sciReptor (Germany),,,,pass-field-organism-id.json,,,,,,,,,,,,,,,,,,,,,,
2,AIRR Data Commons API,API response for repertoire query,1.3,AIRR Community,https://github.com/airr-community,,/home/ubuntu/ireceptor-monitor/performance_scripts/queries/repertoires/pass-field-pcr_target_locus.json,1.9445033073425293,2023-01-26 02:33:47.217410,2023-01-25 18:33:47.217410-08:00,scireptor,sciReptor (Germany),,,,pass-field-pcr_target_locus.json,,,,,,,,,,,,,,,,,,,,,,
3,AIRR Data Commons API,API response for repertoire query,1.3,AIRR Community,https://github.com/airr-community,,/home/ubuntu/ireceptor-monitor/performance_scripts/queries/repertoires/pass-field-age-range.json,2.220667600631714,2023-01-26 02:33:49.486913,2023-01-25 18:33:49.486913-08:00,scireptor,sciReptor (Germany),,,,pass-field-age-range.json,,,,,,,,,,,,,,,,,,,,,,
4,AIRR Data Commons API,API response for repertoire query,1.3,AIRR Community,https://github.com/airr-community,,/home/ubuntu/ireceptor-monitor/performance_scripts/queries/repertoires/pass-query2_repertoire.json,1.053842306137085,2023-01-26 02:33:50.549187,2023-01-25 18:33:50.549187-08:00,scireptor,sciReptor (Germany),,,,pass-query2_repertoire.json,,,,,,,,,,,,,,,,,,,,,,
0,AIRR Data Commons API,API response for repertoire query,1.3,AIRR Community,https://github.com/airr-community,,/home/ubuntu/ireceptor-monitor/performance_scripts/queries/repertoires/pass-all.json,2.6634583473205566,2023-01-26 06:33:40.974083,2023-01-25 22:33:40.974083-08:00,scireptor,sciReptor (Germany),,,,pass-all.json,,,,,,,,,,,,,,,,,,,,,,
1,AIRR Data Commons API,API response for repertoire query,1.3,AIRR Community,https://github.com/airr-community,,/home/ubuntu/ireceptor-monitor/performance_scripts/queries/repertoires/pass-field-organism-id.json,1.2344145774841309,2023-01-26 06:33:42.232801,2023-01-25 22:33:42.232801-08:00,scireptor,sciReptor (Germany),,,,pass-field-organism-id.json,,,,,,,,,,,,,,,,,,,,,,
2,AIRR Data Commons API,API response for repertoire query,1.3,AIRR Community,https://github.com/airr-community,,/home/ubuntu/ireceptor-monitor/performance_scripts/queries/repertoires/pass-field-pcr_target_locus.json,2.1210055351257324,2023-01-26 06:33:44.375300,2023-01-25 22:33:44.375300-08:00,scireptor,sciReptor (Germany),,,,pass-field-pcr_target_locus.json,,,,,,,,,,,,,,,,,,,,,,
3,AIRR Data Commons API,API response for repertoire query,1.3,AIRR Community,https://github.com/airr-community,,/home/ubuntu/ireceptor-monitor/performance_scripts/queries/repertoires/pass-field-age-range.json,3.853118419647217,2023-01-26 06:33:48.277260,2023-01-25 22:33:48.277260-08:00,scireptor,sciReptor (Germany),,,,pass-field-age-range.json,,,,,,,,,,,,,,,,,,,,,,
4,AIRR Data Commons API,API response for repertoire query,1.3,AIRR Community,https://github.com/airr-community,,/home/ubuntu/ireceptor-monitor/performance_scripts/queries/repertoires/pass-query2_repertoire.json,1.0641989707946775,2023-01-26 06:33:49.349971,2023-01-25 22:33:49.349971-08:00,scireptor,sciReptor (Germany),,,,pass-query2_repertoire.json,,,,,,,,,,,,,,,,,,,,,,
0,AIRR Data Commons API,API response for repertoire query,1.3,AIRR Community,https://github.com/airr-community,,/home/ubuntu/ireceptor-monitor/performance_scripts/queries/repertoires/pass-all.json,2.4774227142333984,2023-01-26 10:33:52.932748,2023-01-26 02:33:52.932748-08:00,scireptor,sciReptor (Germany),,,,pass-all.json,,,,,,,,,,,,,,,,,,,,,,
1,AIRR Data Commons API,API response for repertoire query,1.3,AIRR Community,https://github.com/airr-community,,/home/ubuntu/ireceptor-monitor/performance_scripts/queries/repertoires/pass-field-organism-id.json,1.2612910270690918,2023-01-26 10:33:54.216656,2023-01-26 02:33:54.216656-08:00,scireptor,sciReptor (Germany),,,,pass-field-organism-id.json,,,,,,,,,,,,,,,,,,,,,,
2,AIRR Data Commons API,API response for repertoire query,1.3,AIRR Community,https://github.com/airr-community,,/home/ubuntu/ireceptor-monitor/performance_scripts/queries/repertoires/pass-field-pcr_target_locus.json,1.863984107971192,2023-01-26 10:33:56.102278,2023-01-26 02:33:56.102278-08:00,scireptor,sciReptor (Germany),,,,pass-field-pcr_target_locus.json,,,,,,,,,,,,,,,,,,,,,,
3,AIRR Data Commons API,API response for repertoire query,1.3,AIRR Community,https://github.com/airr-community,,/home/ubuntu/ireceptor-monitor/performance_scripts/queries/repertoires/pass-field-age-range.json,2.2744531631469727,2023-01-26 10:33:58.424345,2023-01-26 02:33:58.424345-08:00,scireptor,sciReptor (Germany),,,,pass-field-age-range.json,,,,,,,,,,,,,,,,,,,,,,
4,AIRR Data Commons API,API response for repertoire query,1.3,AIRR Community,https://github.com/airr-community,,/home/ubuntu/ireceptor-monitor/performance_scripts/queries/repertoires/pass-query2_repertoire.json,1.1575868129730225,2023-01-26 10:33:59.589993,2023-01-26 02:33:59.589993-08:00,scireptor,sciReptor (Germany),,,,pass-query2_repertoire.json,,,,,,,,,,,,,,,,,,,,,,
0,AIRR Data Commons API,API response for repertoire query,1.3,AIRR Community,https://github.com/airr-community,,/home/ubuntu/ireceptor-monitor/performance_scripts/queries/repertoires/pass-all.json,2.1901788711547847,2023-01-26 14:33:51.795183,2023-01-26 06:33:51.795183-08:00,scireptor,sciReptor (Germany),,,,pass-all.json,,,,,,,,,,,,,,,,,,,,,,
1,AIRR Data Commons API,API response for repertoire query,1.3,AIRR Community,https://github.com/airr-community,,/home/ubuntu/ireceptor-monitor/performance_scripts/queries/repertoires/pass-field-organism-id.json,1.161278247833252,2023-01-26 14:33:52.979695,2023-01-26 06:33:52.979695-08:00,scireptor,sciReptor (Germany),,,,pass-field-organism-id.json,,,,,,,,,,,,,,,,,,,,,,
2,AIRR Data Commons API,API response for repertoire query,1.3,AIRR Community,https://github.com/airr-community,,/home/ubuntu/ireceptor-monitor/performance_scripts/queries/repertoires/pass-field-pcr_target_locus.json,1.9635334014892576,2023-01-26 14:33:54.964439,2023-01-26 06:33:54.964439-08:00,scireptor,sciReptor (Germany),,,,pass-field-pcr_target_locus.json,,,,,,,,,,,,,,,,,,,,,,
3,AIRR Data Commons API,API response for repertoire query,1.3,AIRR Community,https://github.com/airr-community,,/home/ubuntu/ireceptor-monitor/performance_scripts/queries/repertoires/pass-field-age-range.json,2.2414536476135254,2023-01-26 14:33:57.254339,2023-01-26 06:33:57.254339-08:00,scireptor,sciReptor (Germany),,,,pass-field-age-range.json,,,,,,,,,,,,,,,,,,,,,,
4,AIRR Data Commons API,API response for repertoire query,1.3,AIRR Community,https://github.com/airr-community,,/home/ubuntu/ireceptor-monitor/performance_scripts/queries/repertoires/pass-query2_repertoire.json,1.2675518989562988,2023-01-26 14:33:58.530411,2023-01-26 06:33:58.530411-08:00,scireptor,sciReptor (Germany),,,,pass-query2_repertoire.json,,,,,,,,,,,,,,,,,,,,,,
0,AIRR Data Commons API,API response for repertoire query,1.3,AIRR Community,https://github.com/airr-community,,/home/ubuntu/ireceptor-monitor/performance_scripts/queries/repertoires/pass-all.json,2.2744054794311523,2023-01-26 18:34:11.237271,2023-01-26 10:34:11.237271-08:00,scireptor,sciReptor (Germany),,,,pass-all.json,,,,,,,,,,,,,,,,,,,,,,
1,AIRR Data Commons API,API response for repertoire query,1.3,AIRR Community,https://github.com/airr-community,,/home/ubuntu/ireceptor-monitor/performance_scripts/queries/repertoires/pass-field-organism-id.json,1.1682407855987549,2023-01-26 18:34:12.429251,2023-01-26 10:34:12.429251-08:00,scireptor,sciReptor (Germany),,,,pass-field-organism-id.json,,,,,,,,,,,,,,,,,,,,,,
2,AIRR Data Commons API,API response for repertoire query,1.3,AIRR Community,https://github.com/airr-community,,/home/ubuntu/ireceptor-monitor/performance_scripts/queries/repertoires/pass-field-pcr_target_locus.json,2.02925992012024,2023-01-26 18:34:14.480210,2023-01-26 10:34:14.480210-08:00,scireptor,sciReptor (Germany),,,,pass-field-pcr_target_locus.json,,,,,,,,,,,,,,,,,,,,,,
3,AIRR Data Commons API,API response for repertoire query,1.3,AIRR Community,https://github.com/airr-community,,/home/ubuntu/ireceptor-monitor/performance_scripts/queries/repertoires/pass-field-age-range.json,2.469116687774658,2023-01-26 18:34:16.996347,2023-01-26 10:34:16.996347-08:00,scireptor,sciReptor (Germany),,,,pass-field-age-range.json,,,,,,,,,,,,,,,,,,,,,,
4,AIRR Data Commons API,API response for repertoire query,1.3,AIRR Community,https://github.com/airr-community,,/home/ubuntu/ireceptor-monitor/performance_scripts/queries/repertoires/pass-query2_repertoire.json,1.3148603439331057,2023-01-26 18:34:18.318568,2023-01-26 10:34:18.318568-08:00,scireptor,sciReptor (Germany),,,,pass-query2_repertoire.json,,,,,,,,,,,,,,,,,,,,,,
0,AIRR Data Commons API,API response for repertoire query,1.3,AIRR Community,https://github.com/airr-community,,/home/ubuntu/ireceptor-monitor/performance_scripts/queries/repertoires/pass-all.json,8.594367504119871,2023-01-26 22:34:06.579515,2023-01-26 14:34:06.579515-08:00,scireptor,sciReptor (Germany),,,,pass-all.json,,,,,,,,,,,,,,,,,,,,,,
1,AIRR Data Commons API,API response for repertoire query,1.3,AIRR Community,https://github.com/airr-community,,/home/ubuntu/ireceptor-monitor/performance_scripts/queries/repertoires/pass-field-organism-id.json,1.265812635421753,2023-01-26 22:34:07.871538,2023-01-26 14:34:07.871538-08:00,scireptor,sciReptor (Germany),,,,pass-field-organism-id.json,,,,,,,,,,,,,,,,,,,,,,
2,AIRR Data Commons API,API response for repertoire query,1.3,AIRR Community,https://github.com/airr-community,,/home/ubuntu/ireceptor-monitor/performance_scripts/queries/repertoires/pass-field-pcr_target_locus.json,1.8827805519104004,2023-01-26 22:34:09.776975,2023-01-26 14:34:09.776975-08:00,scireptor,sciReptor (Germany),,,,pass-field-pcr_target_locus.json,,,,,,,,,,,,,,,,,,,,,,
3,AIRR Data Commons API,API response for repertoire query,1.3,AIRR Community,https://github.com/airr-community,,/home/ubuntu/ireceptor-monitor/performance_scripts/queries/repertoires/pass-field-age-range.json,2.3392891883850098,2023-01-26 22:34:12.165357,2023-01-26 14:34:12.165357-08:00,scireptor,sciReptor (Germany),,,,pass-field-age-range.json,,,,,,,,,,,,,,,,,,,,,,
4,AIRR Data Commons API,API response for repertoire query,1.3,AIRR Community,https://github.com/airr-community,,/home/ubuntu/ireceptor-monitor/performance_scripts/queries/repertoires/pass-query2_repertoire.json,1.0749921798706057,2023-01-26 22:34:13.248293,2023-01-26 14:34:13.248293-08:00,scireptor,sciReptor (Germany),,,,pass-query2_repertoire.json,,,,,,,,,,,,,,,,,,,,,,
0,AIRR Data Commons API,API response for repertoire query,1.3,AIRR Community,https://github.com/airr-community,,/home/ubuntu/ireceptor-monitor/performance_scripts/queries/repertoires/pass-all.json,2.2514641284942627,2023-01-27 02:33:44.666468,2023-01-26 18:33:44.666468-08:00,scireptor,sciReptor (Germany),,,,pass-all.json,,,,,,,,,,,,,,,,,,,,,,
1,AIRR Data Commons API,API response for repertoire query,1.3,AIRR Community,https://github.com/airr-community,,/home/ubuntu/ireceptor-monitor/performance_scripts/queries/repertoires/pass-field-organism-id.json,1.0663905143737793,2023-01-27 02:33:45.758225,2023-01-26 18:33:45.758225-08:00,scireptor,sciReptor (Germany),,,,pass-field-organism-id.json,,,,,,,,,,,,,,,,,,,,,,
2,AIRR Data Commons API,API response for repertoire query,1.3,AIRR Community,https://github.com/airr-community,,/home/ubuntu/ireceptor-monitor/performance_scripts/queries/repertoires/pass-field-pcr_target_locus.json,2.094841480255127,2023-01-27 02:33:47.876233,2023-01-26 18:33:47.876233-08:00,scireptor,sciReptor (Germany),,,,pass-field-pcr_target_locus.json,,,,,,,,,,,,,,,,,,,,,,
3,AIRR Data Commons API,API response for repertoire query,1.3,AIRR Community,https://github.com/airr-community,,/home/ubuntu/ireceptor-monitor/performance_scripts/queries/repertoires/pass-field-age-range.json,2.297229290008545,2023-01-27 02:33:50.222582,2023-01-26 18:33:50.222582-08:00,scireptor,sciReptor (Germany),,,,pass-field-age-range.json,,,,,,,,,,,,,,,,,,,,,,
4,AIRR Data Commons API,API response for repertoire query,1.3,AIRR Community,https://github.com/airr-community,,/home/ubuntu/ireceptor-monitor/performance_scripts/queries/repertoires/pass-query2_repertoire.json,1.1118433475494385,2023-01-27 02:33:51.342212,2023-01-26 18:33:51.342212-08:00,scireptor,sciReptor (Germany),,,,pass-query2_repertoire.json,,,,,,,,,,,,,,,,,,,,,,
0,AIRR Data Commons API,API response for repertoire query,1.3,AIRR Community,https://github.com/airr-community,,/home/ubuntu/ireceptor-monitor/performance_scripts/queries/repertoires/pass-all.json,2.32741928100586,2023-01-27 06:34:16.640766,2023-01-26 22:34:16.640766-08:00,scireptor,sciReptor (Germany),,,,pass-all.json,,,,,,,,,,,,,,,,,,,,,,
1,AIRR Data Commons API,API response for repertoire query,1.3,AIRR Community,https://github.com/airr-community,,/home/ubuntu/ireceptor-monitor/performance_scripts/queries/repertoires/pass-field-organism-id.json,1.155548334121704,2023-01-27 06:34:17.820970,2023-01-26 22:34:17.820970-08:00,scireptor,sciReptor (Germany),,,,pass-field-organism-id.json,,,,,,,,,,,,,,,,,,,,,,
2,AIRR Data Commons API,API response for repertoire query,1.3,AIRR Community,https://github.com/airr-community,,/home/ubuntu/ireceptor-monitor/performance_scripts/queries/repertoires/pass-field-pcr_target_locus.json,1.8403570652008057,2023-01-27 06:34:19.684044,2023-01-26 22:34:19.684044-08:00,scireptor,sciReptor (Germany),,,,pass-field-pcr_target_locus.json,,,,,,,,,,,,,,,,,,,,,,
3,AIRR Data Commons API,API response for repertoire query,1.3,AIRR Community,https://github.com/airr-community,,/home/ubuntu/ireceptor-monitor/performance_scripts/queries/repertoires/pass-field-age-range.json,2.2793781757354736,2023-01-27 06:34:22.011774,2023-01-26 22:34:22.011774-08:00,scireptor,sciReptor (Germany),,,,pass-field-age-range.json,,,,,,,,,,,,,,,,,,,,,,
4,AIRR Data Commons API,API response for repertoire query,1.3,AIRR Community,https://github.com/airr-community,,/home/ubuntu/ireceptor-monitor/performance_scripts/queries/repertoires/pass-query2_repertoire.json,1.2578973770141602,2023-01-27 06:34:23.277741,2023-01-26 22:34:23.277741-08:00,scireptor,sciReptor (Germany),,,,pass-query2_repertoire.json,,,,,,,,,,,,,,,,,,,,,,
0,AIRR Data Commons API,API response for repertoire query,1.3,AIRR Community,https://github.com/airr-community,,/home/ubuntu/ireceptor-monitor/performance_scripts/queries/repertoires/pass-all.json,2.3895034790039062,2023-01-27 10:34:14.843177,2023-01-27 02:34:14.843177-08:00,scireptor,sciReptor (Germany),,,,pass-all.json,,,,,,,,,,,,,,,,,,,,,,
1,AIRR Data Commons API,API response for repertoire query,1.3,AIRR Community,https://github.com/airr-community,,/home/ubuntu/ireceptor-monitor/performance_scripts/queries/repertoires/pass-field-organism-id.json,1.300495147705078,2023-01-27 10:34:16.167392,2023-01-27 02:34:16.167392-08:00,scireptor,sciReptor (Germany),,,,pass-field-organism-id.json,,,,,,,,,,,,,,,,,,,,,,
2,AIRR Data Commons API,API response for repertoire query,1.3,AIRR Community,https://github.com/airr-community,,/home/ubuntu/ireceptor-monitor/performance_scripts/queries/repertoires/pass-field-pcr_target_locus.json,2.2051284313201904,2023-01-27 10:34:18.394116,2023-01-27 02:34:18.394116-08:00,scireptor,sciReptor (Germany),,,,pass-field-pcr_target_locus.json,,,,,,,,,,,,,,,,,,,,,,
3,AIRR Data Commons API,API response for repertoire query,1.3,AIRR Community,https://github.com/airr-community,,/home/ubuntu/ireceptor-monitor/performance_scripts/queries/repertoires/pass-field-age-range.json,2.3297743797302246,2023-01-27 10:34:20.772267,2023-01-27 02:34:20.772267-08:00,scireptor,sciReptor (Germany),,,,pass-field-age-range.json,,,,,,,,,,,,,,,,,,,,,,
4,AIRR Data Commons API,API response for repertoire query,1.3,AIRR Community,https://github.com/airr-community,,/home/ubuntu/ireceptor-monitor/performance_scripts/queries/repertoires/pass-query2_repertoire.json,1.2451705932617188,2023-01-27 10:34:22.025288,2023-01-27 02:34:22.025288-08:00,scireptor,sciReptor (Germany),,,,pass-query2_repertoire.json,,,,,,,,,,,,,,,,,,,,,,
0,AIRR Data Commons API,API response for repertoire query,1.3,AIRR Community,https://github.com/airr-community,,/home/ubuntu/ireceptor-monitor/performance_scripts/queries/repertoires/pass-all.json,2.301567792892456,2023-01-27 14:34:13.538170,2023-01-27 06:34:13.538170-08:00,scireptor,sciReptor (Germany),,,,pass-all.json,,,,,,,,,,,,,,,,,,,,,,
1,AIRR Data Commons API,API response for repertoire query,1.3,AIRR Community,https://github.com/airr-community,,/home/ubuntu/ireceptor-monitor/performance_scripts/queries/repertoires/pass-field-organism-id.json,1.1757416725158691,2023-01-27 14:34:14.742001,2023-01-27 06:34:14.742001-08:00,scireptor,sciReptor (Germany),,,,pass-field-organism-id.json,,,,,,,,,,,,,,,,,,,,,,
2,AIRR Data Commons API,API response for repertoire query,1.3,AIRR Community,https://github.com/airr-community,,/home/ubuntu/ireceptor-monitor/performance_scripts/queries/repertoires/pass-field-pcr_target_locus.json,1.9427616596221924,2023-01-27 14:34:16.707284,2023-01-27 06:34:16.707284-08:00,scireptor,sciReptor (Germany),,,,pass-field-pcr_target_locus.json,,,,,,,,,,,,,,,,,,,,,,
3,AIRR Data Commons API,API response for repertoire query,1.3,AIRR Community,https://github.com/airr-community,,/home/ubuntu/ireceptor-monitor/performance_scripts/queries/repertoires/pass-field-age-range.json,2.4018421173095703,2023-01-27 14:34:19.157618,2023-01-27 06:34:19.157618-08:00,scireptor,sciReptor (Germany),,,,pass-field-age-range.json,,,,,,,,,,,,,,,,,,,,,,
4,AIRR Data Commons API,API response for repertoire query,1.3,AIRR Community,https://github.com/airr-community,,/home/ubuntu/ireceptor-monitor/performance_scripts/queries/repertoires/pass-query2_repertoire.json,1.2671210765838623,2023-01-27 14:34:20.433331,2023-01-27 06:34:20.433331-08:00,scireptor,sciReptor (Germany),,,,pass-query2_repertoire.json,,,,,,,,,,,,,,,,,,,,,,
0,AIRR Data Commons API,API response for repertoire query,1.3,AIRR Community,https://github.com/airr-community,,/home/ubuntu/ireceptor-monitor/performance_scripts/queries/repertoires/pass-all.json,2.561279296875,2023-01-27 18:33:40.044965,2023-01-27 10:33:40.044965-08:00,scireptor,sciReptor (Germany),,,,pass-all.json,,,,,,,,,,,,,,,,,,,,,,
1,AIRR Data Commons API,API response for repertoire query,1.3,AIRR Community,https://github.com/airr-community,,/home/ubuntu/ireceptor-monitor/performance_scripts/queries/repertoires/pass-field-organism-id.json,1.1343836784362793,2023-01-27 18:33:41.204417,2023-01-27 10:33:41.204417-08:00,scireptor,sciReptor (Germany),,,,pass-field-organism-id.json,,,,,,,,,,,,,,,,,,,,,,
2,AIRR Data Commons API,API response for repertoire query,1.3,AIRR Community,https://github.com/airr-community,,/home/ubuntu/ireceptor-monitor/performance_scripts/queries/repertoires/pass-field-pcr_target_locus.json,1.8672022819519043,2023-01-27 18:33:43.093629,2023-01-27 10:33:43.093629-08:00,scireptor,sciReptor (Germany),,,,pass-field-pcr_target_locus.json,,,,,,,,,,,,,,,,,,,,,,
3,AIRR Data Commons API,API response for repertoire query,1.3,AIRR Community,https://github.com/airr-community,,/home/ubuntu/ireceptor-monitor/performance_scripts/queries/repertoires/pass-field-age-range.json,2.6235642433166504,2023-01-27 18:33:45.768782,2023-01-27 10:33:45.768782-08:00,scireptor,sciReptor (Germany),,,,pass-field-age-range.json,,,,,,,,,,,,,,,,,,,,,,
4,AIRR Data Commons API,API response for repertoire query,1.3,AIRR Community,https://github.com/airr-community,,/home/ubuntu/ireceptor-monitor/performance_scripts/queries/repertoires/pass-query2_repertoire.json,1.2381370067596436,2023-01-27 18:33:47.015438,2023-01-27 10:33:47.015438-08:00,scireptor,sciReptor (Germany),,,,pass-query2_repertoire.json,,,,,,,,,,,,,,,,,,,,,,
0,AIRR Data Commons API,API response for repertoire query,1.3,AIRR Community,https://github.com/airr-community,,/home/ubuntu/ireceptor-monitor/performance_scripts/queries/repertoires/pass-all.json,2.414113044738769,2023-01-27 22:34:01.057300,2023-01-27 14:34:01.057300-08:00,scireptor,sciReptor (Germany),,,,pass-all.json,,,,,,,,,,,,,,,,,,,,,,
1,AIRR Data Commons API,API response for repertoire query,1.3,AIRR Community,https://github.com/airr-community,,/home/ubuntu/ireceptor-monitor/performance_scripts/queries/repertoires/pass-field-organism-id.json,1.0690171718597412,2023-01-27 22:34:02.148760,2023-01-27 14:34:02.148760-08:00,scireptor,sciReptor (Germany),,,,pass-field-organism-id.json,,,,,,,,,,,,,,,,,,,,,,
2,AIRR Data Commons API,API response for repertoire query,1.3,AIRR Community,https://github.com/airr-community,,/home/ubuntu/ireceptor-monitor/performance_scripts/queries/repertoires/pass-field-pcr_target_locus.json,1.89544939994812,2023-01-27 22:34:04.065459,2023-01-27 14:34:04.065459-08:00,scireptor,sciReptor (Germany),,,,pass-field-pcr_target_locus.json,,,,,,,,,,,,,,,,,,,,,,
3,AIRR Data Commons API,API response for repertoire query,1.3,AIRR Community,https://github.com/airr-community,,/home/ubuntu/ireceptor-monitor/performance_scripts/queries/repertoires/pass-field-age-range.json,2.373324394226074,2023-01-27 22:34:06.486945,2023-01-27 14:34:06.486945-08:00,scireptor,sciReptor (Germany),,,,pass-field-age-range.json,,,,,,,,,,,,,,,,,,,,,,
4,AIRR Data Commons API,API response for repertoire query,1.3,AIRR Community,https://github.com/airr-community,,/home/ubuntu/ireceptor-monitor/performance_scripts/queries/repertoires/pass-query2_repertoire.json,1.4940614700317385,2023-01-27 22:34:07.990639,2023-01-27 14:34:07.990639-08:00,scireptor,sciReptor (Germany),,,,pass-query2_repertoire.json,,,,,,,,,,,,,,,,,,,,,,
0,AIRR Data Commons API,API response for repertoire query,1.3,AIRR Community,https://github.com/airr-community,,/home/ubuntu/ireceptor-monitor/performance_scripts/queries/repertoires/pass-all.json,2.2556402683258057,2023-01-28 02:33:36.386127,2023-01-27 18:33:36.386127-08:00,scireptor,sciReptor (Germany),,,,pass-all.json,,,,,,,,,,,,,,,,,,,,,,
1,AIRR Data Commons API,API response for repertoire query,1.3,AIRR Community,https://github.com/airr-community,,/home/ubuntu/ireceptor-monitor/performance_scripts/queries/repertoires/pass-field-organism-id.json,1.2521967887878418,2023-01-28 02:33:37.660715,2023-01-27 18:33:37.660715-08:00,scireptor,sciReptor (Germany),,,,pass-field-organism-id.json,,,,,,,,,,,,,,,,,,,,,,
2,AIRR Data Commons API,API response for repertoire query,1.3,AIRR Community,https://github.com/airr-community,,/home/ubuntu/ireceptor-monitor/performance_scripts/queries/repertoires/pass-field-pcr_target_locus.json,1.9481663703918457,2023-01-28 02:33:39.629335,2023-01-27 18:33:39.629335-08:00,scireptor,sciReptor (Germany),,,,pass-field-pcr_target_locus.json,,,,,,,,,,,,,,,,,,,,,,
3,AIRR Data Commons API,API response for repertoire query,1.3,AIRR Community,https://github.com/airr-community,,/home/ubuntu/ireceptor-monitor/performance_scripts/queries/repertoires/pass-field-age-range.json,2.237038373947144,2023-01-28 02:33:41.912911,2023-01-27 18:33:41.912911-08:00,scireptor,sciReptor (Germany),,,,pass-field-age-range.json,,,,,,,,,,,,,,,,,,,,,,
4,AIRR Data Commons API,API response for repertoire query,1.3,AIRR Community,https://github.com/airr-community,,/home/ubuntu/ireceptor-monitor/performance_scripts/queries/repertoires/pass-query2_repertoire.json,1.133643388748169,2023-01-28 02:33:43.056619,2023-01-27 18:33:43.056619-08:00,scireptor,sciReptor (Germany),,,,pass-query2_repertoire.json,,,,,,,,,,,,,,,,,,,,,,
0,AIRR Data Commons API,API response for repertoire query,1.3,AIRR Community,https://github.com/airr-community,,/home/ubuntu/ireceptor-monitor/performance_scripts/queries/repertoires/pass-all.json,2.1694669723510738,2023-01-28 06:33:43.915373,2023-01-27 22:33:43.915373-08:00,scireptor,sciReptor (Germany),,,,pass-all.json,,,,,,,,,,,,,,,,,,,,,,
1,AIRR Data Commons API,API response for repertoire query,1.3,AIRR Community,https://github.com/airr-community,,/home/ubuntu/ireceptor-monitor/performance_scripts/queries/repertoires/pass-field-organism-id.json,1.2578763961791992,2023-01-28 06:33:45.196329,2023-01-27 22:33:45.196329-08:00,scireptor,sciReptor (Germany),,,,pass-field-organism-id.json,,,,,,,,,,,,,,,,,,,,,,
2,AIRR Data Commons API,API response for repertoire query,1.3,AIRR Community,https://github.com/airr-community,,/home/ubuntu/ireceptor-monitor/performance_scripts/queries/repertoires/pass-field-pcr_target_locus.json,1.8503549098968504,2023-01-28 06:33:47.067862,2023-01-27 22:33:47.067862-08:00,scireptor,sciReptor (Germany),,,,pass-field-pcr_target_locus.json,,,,,,,,,,,,,,,,,,,,,,
3,AIRR Data Commons API,API response for repertoire query,1.3,AIRR Community,https://github.com/airr-community,,/home/ubuntu/ireceptor-monitor/performance_scripts/queries/repertoires/pass-field-age-range.json,2.3962161540985107,2023-01-28 06:33:49.510965,2023-01-27 22:33:49.510965-08:00,scireptor,sciReptor (Germany),,,,pass-field-age-range.json,,,,,,,,,,,,,,,,,,,,,,
4,AIRR Data Commons API,API response for repertoire query,1.3,AIRR Community,https://github.com/airr-community,,/home/ubuntu/ireceptor-monitor/performance_scripts/queries/repertoires/pass-query2_repertoire.json,1.207549810409546,2023-01-28 06:33:50.726368,2023-01-27 22:33:50.726368-08:00,scireptor,sciReptor (Germany),,,,pass-query2_repertoire.json,,,,,,,,,,,,,,,,,,,,,,
0,AIRR Data Commons API,API response for repertoire query,1.3,AIRR Community,https://github.com/airr-community,,/home/ubuntu/ireceptor-monitor/performance_scripts/queries/repertoires/pass-all.json,2.331960201263428,2023-01-28 10:34:13.584771,2023-01-28 02:34:13.584771-08:00,scireptor,sciReptor (Germany),,,,pass-all.json,,,,,,,,,,,,,,,,,,,,,,
1,AIRR Data Commons API,API response for repertoire query,1.3,AIRR Community,https://github.com/airr-community,,/home/ubuntu/ireceptor-monitor/performance_scripts/queries/repertoires/pass-field-organism-id.json,1.2231824398040771,2023-01-28 10:34:14.830417,2023-01-28 02:34:14.830417-08:00,scireptor,sciReptor (Germany),,,,pass-field-organism-id.json,,,,,,,,,,,,,,,,,,,,,,
2,AIRR Data Commons API,API response for repertoire query,1.3,AIRR Community,https://github.com/airr-community,,/home/ubuntu/ireceptor-monitor/performance_scripts/queries/repertoires/pass-field-pcr_target_locus.json,1.8523375988006592,2023-01-28 10:34:16.703935,2023-01-28 02:34:16.703935-08:00,scireptor,sciReptor (Germany),,,,pass-field-pcr_target_locus.json,,,,,,,,,,,,,,,,,,,,,,
3,AIRR Data Commons API,API response for repertoire query,1.3,AIRR Community,https://github.com/airr-community,,/home/ubuntu/ireceptor-monitor/performance_scripts/queries/repertoires/pass-field-age-range.json,2.3180487155914307,2023-01-28 10:34:19.069216,2023-01-28 02:34:19.069216-08:00,scireptor,sciReptor (Germany),,,,pass-field-age-range.json,,,,,,,,,,,,,,,,,,,,,,
4,AIRR Data Commons API,API response for repertoire query,1.3,AIRR Community,https://github.com/airr-community,,/home/ubuntu/ireceptor-monitor/performance_scripts/queries/repertoires/pass-query2_repertoire.json,1.1119611263275146,2023-01-28 10:34:20.189143,2023-01-28 02:34:20.189143-08:00,scireptor,sciReptor (Germany),,,,pass-query2_repertoire.json,,,,,,,,,,,,,,,,,,,,,,
0,AIRR Data Commons API,API response for repertoire query,1.3,AIRR Community,https://github.com/airr-community,,/home/ubuntu/ireceptor-monitor/performance_scripts/queries/repertoires/pass-all.json,2.3324689865112305,2023-01-28 14:34:17.013796,2023-01-28 06:34:17.013796-08:00,scireptor,sciReptor (Germany),,,,pass-all.json,,,,,,,,,,,,,,,,,,,,,,
1,AIRR Data Commons API,API response for repertoire query,1.3,AIRR Community,https://github.com/airr-community,,/home/ubuntu/ireceptor-monitor/performance_scripts/queries/repertoires/pass-field-organism-id.json,1.2836542129516602,2023-01-28 14:34:18.320419,2023-01-28 06:34:18.320419-08:00,scireptor,sciReptor (Germany),,,,pass-field-organism-id.json,,,,,,,,,,,,,,,,,,,,,,
2,AIRR Data Commons API,API response for repertoire query,1.3,AIRR Community,https://github.com/airr-community,,/home/ubuntu/ireceptor-monitor/performance_scripts/queries/repertoires/pass-field-pcr_target_locus.json,1.9254825115203853,2023-01-28 14:34:20.266945,2023-01-28 06:34:20.266945-08:00,scireptor,sciReptor (Germany),,,,pass-field-pcr_target_locus.json,,,,,,,,,,,,,,,,,,,,,,
3,AIRR Data Commons API,API response for repertoire query,1.3,AIRR Community,https://github.com/airr-community,,/home/ubuntu/ireceptor-monitor/performance_scripts/queries/repertoires/pass-field-age-range.json,2.346211671829224,2023-01-28 14:34:22.660478,2023-01-28 06:34:22.660478-08:00,scireptor,sciReptor (Germany),,,,pass-field-age-range.json,,,,,,,,,,,,,,,,,,,,,,
4,AIRR Data Commons API,API response for repertoire query,1.3,AIRR Community,https://github.com/airr-community,,/home/ubuntu/ireceptor-monitor/performance_scripts/queries/repertoires/pass-query2_repertoire.json,1.1632139682769775,2023-01-28 14:34:23.831922,2023-01-28 06:34:23.831922-08:00,scireptor,sciReptor (Germany),,,,pass-query2_repertoire.json,,,,,,,,,,,,,,,,,,,,,,
0,AIRR Data Commons API,API response for repertoire query,1.3,AIRR Community,https://github.com/airr-community,,/home/ubuntu/ireceptor-monitor/performance_scripts/queries/repertoires/pass-all.json,2.2356207370758057,2023-01-28 18:33:45.204781,2023-01-28 10:33:45.204781-08:00,scireptor,sciReptor (Germany),,,,pass-all.json,,,,,,,,,,,,,,,,,,,,,,
1,AIRR Data Commons API,API response for repertoire query,1.3,AIRR Community,https://github.com/airr-community,,/home/ubuntu/ireceptor-monitor/performance_scripts/queries/repertoires/pass-field-organism-id.json,1.104344367980957,2023-01-28 18:33:46.332089,2023-01-28 10:33:46.332089-08:00,scireptor,sciReptor (Germany),,,,pass-field-organism-id.json,,,,,,,,,,,,,,,,,,,,,,
2,AIRR Data Commons API,API response for repertoire query,1.3,AIRR Community,https://github.com/airr-community,,/home/ubuntu/ireceptor-monitor/performance_scripts/queries/repertoires/pass-field-pcr_target_locus.json,1.8646581172943115,2023-01-28 18:33:48.218250,2023-01-28 10:33:48.218250-08:00,scireptor,sciReptor (Germany),,,,pass-field-pcr_target_locus.json,,,,,,,,,,,,,,,,,,,,,,
3,AIRR Data Commons API,API response for repertoire query,1.3,AIRR Community,https://github.com/airr-community,,/home/ubuntu/ireceptor-monitor/performance_scripts/queries/repertoires/pass-field-age-range.json,2.2661423683166504,2023-01-28 18:33:50.531507,2023-01-28 10:33:50.531507-08:00,scireptor,sciReptor (Germany),,,,pass-field-age-range.json,,,,,,,,,,,,,,,,,,,,,,
4,AIRR Data Commons API,API response for repertoire query,1.3,AIRR Community,https://github.com/airr-community,,/home/ubuntu/ireceptor-monitor/performance_scripts/queries/repertoires/pass-query2_repertoire.json,1.0648574829101562,2023-01-28 18:33:51.604606,2023-01-28 10:33:51.604606-08:00,scireptor,sciReptor (Germany),,,,pass-query2_repertoire.json,,,,,,,,,,,,,,,,,,,,,,
0,AIRR Data Commons API,API response for repertoire query,1.3,AIRR Community,https://github.com/airr-community,,/home/ubuntu/ireceptor-monitor/performance_scripts/queries/repertoires/pass-all.json,2.3426527976989746,2023-01-28 22:33:57.414157,2023-01-28 14:33:57.414157-08:00,scireptor,sciReptor (Germany),,,,pass-all.json,,,,,,,,,,,,,,,,,,,,,,
1,AIRR Data Commons API,API response for repertoire query,1.3,AIRR Community,https://github.com/airr-community,,/home/ubuntu/ireceptor-monitor/performance_scripts/queries/repertoires/pass-field-organism-id.json,1.2061164379119873,2023-01-28 22:33:58.645109,2023-01-28 14:33:58.645109-08:00,scireptor,sciReptor (Germany),,,,pass-field-organism-id.json,,,,,,,,,,,,,,,,,,,,,,
2,AIRR Data Commons API,API response for repertoire query,1.3,AIRR Community,https://github.com/airr-community,,/home/ubuntu/ireceptor-monitor/performance_scripts/queries/repertoires/pass-field-pcr_target_locus.json,2.012006521224976,2023-01-28 22:34:00.679675,2023-01-28 14:34:00.679675-08:00,scireptor,sciReptor (Germany),,,,pass-field-pcr_target_locus.json,,,,,,,,,,,,,,,,,,,,,,
3,AIRR Data Commons API,API response for repertoire query,1.3,AIRR Community,https://github.com/airr-community,,/home/ubuntu/ireceptor-monitor/performance_scripts/queries/repertoires/pass-field-age-range.json,2.18481183052063,2023-01-28 22:34:02.936264,2023-01-28 14:34:02.936264-08:00,scireptor,sciReptor (Germany),,,,pass-field-age-range.json,,,,,,,,,,,,,,,,,,,,,,
4,AIRR Data Commons API,API response for repertoire query,1.3,AIRR Community,https://github.com/airr-community,,/home/ubuntu/ireceptor-monitor/performance_scripts/queries/repertoires/pass-query2_repertoire.json,1.1634118556976318,2023-01-28 22:34:04.109741,2023-01-28 14:34:04.109741-08:00,scireptor,sciReptor (Germany),,,,pass-query2_repertoire.json,,,,,,,,,,,,,,,,,,,,,,
0,AIRR Data Commons API,API response for repertoire query,1.3,AIRR Community,https://github.com/airr-community,,/home/ubuntu/ireceptor-monitor/performance_scripts/queries/repertoires/pass-all.json,2.228207588195801,2023-01-29 02:33:31.509572,2023-01-28 18:33:31.509572-08:00,scireptor,sciReptor (Germany),,,,pass-all.json,,,,,,,,,,,,,,,,,,,,,,
1,AIRR Data Commons API,API response for repertoire query,1.3,AIRR Community,https://github.com/airr-community,,/home/ubuntu/ireceptor-monitor/performance_scripts/queries/repertoires/pass-field-organism-id.json,1.182218313217163,2023-01-29 02:33:32.715668,2023-01-28 18:33:32.715668-08:00,scireptor,sciReptor (Germany),,,,pass-field-organism-id.json,,,,,,,,,,,,,,,,,,,,,,
2,AIRR Data Commons API,API response for repertoire query,1.3,AIRR Community,https://github.com/airr-community,,/home/ubuntu/ireceptor-monitor/performance_scripts/queries/repertoires/pass-field-pcr_target_locus.json,2.1307051181793213,2023-01-29 02:33:34.868394,2023-01-28 18:33:34.868394-08:00,scireptor,sciReptor (Germany),,,,pass-field-pcr_target_locus.json,,,,,,,,,,,,,,,,,,,,,,
3,AIRR Data Commons API,API response for repertoire query,1.3,AIRR Community,https://github.com/airr-community,,/home/ubuntu/ireceptor-monitor/performance_scripts/queries/repertoires/pass-field-age-range.json,2.1536209583282457,2023-01-29 02:33:37.070984,2023-01-28 18:33:37.070984-08:00,scireptor,sciReptor (Germany),,,,pass-field-age-range.json,,,,,,,,,,,,,,,,,,,,,,
4,AIRR Data Commons API,API response for repertoire query,1.3,AIRR Community,https://github.com/airr-community,,/home/ubuntu/ireceptor-monitor/performance_scripts/queries/repertoires/pass-query2_repertoire.json,1.0973777770996094,2023-01-29 02:33:38.176620,2023-01-28 18:33:38.176620-08:00,scireptor,sciReptor (Germany),,,,pass-query2_repertoire.json,,,,,,,,,,,,,,,,,,,,,,
0,AIRR Data Commons API,API response for repertoire query,1.3,AIRR Community,https://github.com/airr-community,,/home/ubuntu/ireceptor-monitor/performance_scripts/queries/repertoires/pass-all.json,2.20159912109375,2023-01-29 06:34:16.230004,2023-01-28 22:34:16.230004-08:00,scireptor,sciReptor (Germany),,,,pass-all.json,,,,,,,,,,,,,,,,,,,,,,
1,AIRR Data Commons API,API response for repertoire query,1.3,AIRR Community,https://github.com/airr-community,,/home/ubuntu/ireceptor-monitor/performance_scripts/queries/repertoires/pass-field-organism-id.json,1.1623473167419434,2023-01-29 06:34:17.415668,2023-01-28 22:34:17.415668-08:00,scireptor,sciReptor (Germany),,,,pass-field-organism-id.json,,,,,,,,,,,,,,,,,,,,,,
2,AIRR Data Commons API,API response for repertoire query,1.3,AIRR Community,https://github.com/airr-community,,/home/ubuntu/ireceptor-monitor/performance_scripts/queries/repertoires/pass-field-pcr_target_locus.json,1.7869510650634766,2023-01-29 06:34:19.223663,2023-01-28 22:34:19.223663-08:00,scireptor,sciReptor (Germany),,,,pass-field-pcr_target_locus.json,,,,,,,,,,,,,,,,,,,,,,
3,AIRR Data Commons API,API response for repertoire query,1.3,AIRR Community,https://github.com/airr-community,,/home/ubuntu/ireceptor-monitor/performance_scripts/queries/repertoires/pass-field-age-range.json,2.1894748210906982,2023-01-29 06:34:21.461387,2023-01-28 22:34:21.461387-08:00,scireptor,sciReptor (Germany),,,,pass-field-age-range.json,,,,,,,,,,,,,,,,,,,,,,
4,AIRR Data Commons API,API response for repertoire query,1.3,AIRR Community,https://github.com/airr-community,,/home/ubuntu/ireceptor-monitor/performance_scripts/queries/repertoires/pass-query2_repertoire.json,1.118011713027954,2023-01-29 06:34:22.587308,2023-01-28 22:34:22.587308-08:00,scireptor,sciReptor (Germany),,,,pass-query2_repertoire.json,,,,,,,,,,,,,,,,,,,,,,
0,AIRR Data Commons API,API response for repertoire query,1.3,AIRR Community,https://github.com/airr-community,,/home/ubuntu/ireceptor-monitor/performance_scripts/queries/repertoires/pass-all.json,2.388417482376098,2023-01-29 10:34:10.083422,2023-01-29 02:34:10.083422-08:00,scireptor,sciReptor (Germany),,,,pass-all.json,,,,,,,,,,,,,,,,,,,,,,
1,AIRR Data Commons API,API response for repertoire query,1.3,AIRR Community,https://github.com/airr-community,,/home/ubuntu/ireceptor-monitor/performance_scripts/queries/repertoires/pass-field-organism-id.json,1.1376500129699707,2023-01-29 10:34:11.246137,2023-01-29 02:34:11.246137-08:00,scireptor,sciReptor (Germany),,,,pass-field-organism-id.json,,,,,,,,,,,,,,,,,,,,,,
2,AIRR Data Commons API,API response for repertoire query,1.3,AIRR Community,https://github.com/airr-community,,/home/ubuntu/ireceptor-monitor/performance_scripts/queries/repertoires/pass-field-pcr_target_locus.json,1.7686214447021484,2023-01-29 10:34:13.036937,2023-01-29 02:34:13.036937-08:00,scireptor,sciReptor (Germany),,,,pass-field-pcr_target_locus.json,,,,,,,,,,,,,,,,,,,,,,
3,AIRR Data Commons API,API response for repertoire query,1.3,AIRR Community,https://github.com/airr-community,,/home/ubuntu/ireceptor-monitor/performance_scripts/queries/repertoires/pass-field-age-range.json,2.3004381656646733,2023-01-29 10:34:15.387253,2023-01-29 02:34:15.387253-08:00,scireptor,sciReptor (Germany),,,,pass-field-age-range.json,,,,,,,,,,,,,,,,,,,,,,
4,AIRR Data Commons API,API response for repertoire query,1.3,AIRR Community,https://github.com/airr-community,,/home/ubuntu/ireceptor-monitor/performance_scripts/queries/repertoires/pass-query2_repertoire.json,1.258396863937378,2023-01-29 10:34:16.654271,2023-01-29 02:34:16.654271-08:00,scireptor,sciReptor (Germany),,,,pass-query2_repertoire.json,,,,,,,,,,,,,,,,,,,,,,
0,AIRR Data Commons API,API response for repertoire query,1.3,AIRR Community,https://github.com/airr-community,,/home/ubuntu/ireceptor-monitor/performance_scripts/queries/repertoires/pass-all.json,2.1691486835479736,2023-01-29 14:34:21.415712,2023-01-29 06:34:21.415712-08:00,scireptor,sciReptor (Germany),,,,pass-all.json,,,,,,,,,,,,,,,,,,,,,,
1,AIRR Data Commons API,API response for repertoire query,1.3,AIRR Community,https://github.com/airr-community,,/home/ubuntu/ireceptor-monitor/performance_scripts/queries/repertoires/pass-field-organism-id.json,1.3048410415649414,2023-01-29 14:34:22.758491,2023-01-29 06:34:22.758491-08:00,scireptor,sciReptor (Germany),,,,pass-field-organism-id.json,,,,,,,,,,,,,,,,,,,,,,
2,AIRR Data Commons API,API response for repertoire query,1.3,AIRR Community,https://github.com/airr-community,,/home/ubuntu/ireceptor-monitor/performance_scripts/queries/repertoires/pass-field-pcr_target_locus.json,1.860360860824585,2023-01-29 14:34:24.656152,2023-01-29 06:34:24.656152-08:00,scireptor,sciReptor (Germany),,,,pass-field-pcr_target_locus.json,,,,,,,,,,,,,,,,,,,,,,
3,AIRR Data Commons API,API response for repertoire query,1.3,AIRR Community,https://github.com/airr-community,,/home/ubuntu/ireceptor-monitor/performance_scripts/queries/repertoires/pass-field-age-range.json,2.2945778369903564,2023-01-29 14:34:27.041333,2023-01-29 06:34:27.041333-08:00,scireptor,sciReptor (Germany),,,,pass-field-age-range.json,,,,,,,,,,,,,,,,,,,,,,
4,AIRR Data Commons API,API response for repertoire query,1.3,AIRR Community,https://github.com/airr-community,,/home/ubuntu/ireceptor-monitor/performance_scripts/queries/repertoires/pass-query2_repertoire.json,1.2291314601898191,2023-01-29 14:34:28.280031,2023-01-29 06:34:28.280031-08:00,scireptor,sciReptor (Germany),,,,pass-query2_repertoire.json,,,,,,,,,,,,,,,,,,,,,,
0,AIRR Data Commons API,API response for repertoire query,1.3,AIRR Community,https://github.com/airr-community,,/home/ubuntu/ireceptor-monitor/performance_scripts/queries/repertoires/pass-all.json,2.2309165000915527,2023-01-29 18:33:34.487162,2023-01-29 10:33:34.487162-08:00,scireptor,sciReptor (Germany),,,,pass-all.json,,,,,,,,,,,,,,,,,,,,,,
1,AIRR Data Commons API,API response for repertoire query,1.3,AIRR Community,https://github.com/airr-community,,/home/ubuntu/ireceptor-monitor/performance_scripts/queries/repertoires/pass-field-organism-id.json,1.181030035018921,2023-01-29 18:33:35.691601,2023-01-29 10:33:35.691601-08:00,scireptor,sciReptor (Germany),,,,pass-field-organism-id.json,,,,,,,,,,,,,,,,,,,,,,
2,AIRR Data Commons API,API response for repertoire query,1.3,AIRR Community,https://github.com/airr-community,,/home/ubuntu/ireceptor-monitor/performance_scripts/queries/repertoires/pass-field-pcr_target_locus.json,1.9490790367126465,2023-01-29 18:33:37.662240,2023-01-29 10:33:37.662240-08:00,scireptor,sciReptor (Germany),,,,pass-field-pcr_target_locus.json,,,,,,,,,,,,,,,,,,,,,,
3,AIRR Data Commons API,API response for repertoire query,1.3,AIRR Community,https://github.com/airr-community,,/home/ubuntu/ireceptor-monitor/performance_scripts/queries/repertoires/pass-field-age-range.json,2.312016487121582,2023-01-29 18:33:40.022757,2023-01-29 10:33:40.022757-08:00,scireptor,sciReptor (Germany),,,,pass-field-age-range.json,,,,,,,,,,,,,,,,,,,,,,
4,AIRR Data Commons API,API response for repertoire query,1.3,AIRR Community,https://github.com/airr-community,,/home/ubuntu/ireceptor-monitor/performance_scripts/queries/repertoires/pass-query2_repertoire.json,1.1391887664794922,2023-01-29 18:33:41.170357,2023-01-29 10:33:41.170357-08:00,scireptor,sciReptor (Germany),,,,pass-query2_repertoire.json,,,,,,,,,,,,,,,,,,,,,,
0,AIRR Data Commons API,API response for repertoire query,1.3,AIRR Community,https://github.com/airr-community,,/home/ubuntu/ireceptor-monitor/performance_scripts/queries/repertoires/pass-all.json,2.3518612384796143,2023-01-29 22:34:02.196439,2023-01-29 14:34:02.196439-08:00,scireptor,sciReptor (Germany),,,,pass-all.json,,,,,,,,,,,,,,,,,,,,,,
1,AIRR Data Commons API,API response for repertoire query,1.3,AIRR Community,https://github.com/airr-community,,/home/ubuntu/ireceptor-monitor/performance_scripts/queries/repertoires/pass-field-organism-id.json,1.120600938796997,2023-01-29 22:34:03.342389,2023-01-29 14:34:03.342389-08:00,scireptor,sciReptor (Germany),,,,pass-field-organism-id.json,,,,,,,,,,,,,,,,,,,,,,
2,AIRR Data Commons API,API response for repertoire query,1.3,AIRR Community,https://github.com/airr-community,,/home/ubuntu/ireceptor-monitor/performance_scripts/queries/repertoires/pass-field-pcr_target_locus.json,1.8710613250732424,2023-01-29 22:34:05.235287,2023-01-29 14:34:05.235287-08:00,scireptor,sciReptor (Germany),,,,pass-field-pcr_target_locus.json,,,,,,,,,,,,,,,,,,,,,,
3,AIRR Data Commons API,API response for repertoire query,1.3,AIRR Community,https://github.com/airr-community,,/home/ubuntu/ireceptor-monitor/performance_scripts/queries/repertoires/pass-field-age-range.json,2.136971950531006,2023-01-29 22:34:07.421172,2023-01-29 14:34:07.421172-08:00,scireptor,sciReptor (Germany),,,,pass-field-age-range.json,,,,,,,,,,,,,,,,,,,,,,
4,AIRR Data Commons API,API response for repertoire query,1.3,AIRR Community,https://github.com/airr-community,,/home/ubuntu/ireceptor-monitor/performance_scripts/queries/repertoires/pass-query2_repertoire.json,1.179579257965088,2023-01-29 22:34:08.609471,2023-01-29 14:34:08.609471-08:00,scireptor,sciReptor (Germany),,,,pass-query2_repertoire.json,,,,,,,,,,,,,,,,,,,,,,
0,AIRR Data Commons API,API response for repertoire query,1.3,AIRR Community,https://github.com/airr-community,,/home/ubuntu/ireceptor-monitor/performance_scripts/queries/repertoires/pass-all.json,2.3424451351165767,2023-01-30 02:33:42.300945,2023-01-29 18:33:42.300945-08:00,scireptor,sciReptor (Germany),,,,pass-all.json,,,,,,,,,,,,,,,,,,,,,,
1,AIRR Data Commons API,API response for repertoire query,1.3,AIRR Community,https://github.com/airr-community,,/home/ubuntu/ireceptor-monitor/performance_scripts/queries/repertoires/pass-field-organism-id.json,1.2541911602020264,2023-01-30 02:33:43.581560,2023-01-29 18:33:43.581560-08:00,scireptor,sciReptor (Germany),,,,pass-field-organism-id.json,,,,,,,,,,,,,,,,,,,,,,
2,AIRR Data Commons API,API response for repertoire query,1.3,AIRR Community,https://github.com/airr-community,,/home/ubuntu/ireceptor-monitor/performance_scripts/queries/repertoires/pass-field-pcr_target_locus.json,1.8867595195770264,2023-01-30 02:33:45.490427,2023-01-29 18:33:45.490427-08:00,scireptor,sciReptor (Germany),,,,pass-field-pcr_target_locus.json,,,,,,,,,,,,,,,,,,,,,,
3,AIRR Data Commons API,API response for repertoire query,1.3,AIRR Community,https://github.com/airr-community,,/home/ubuntu/ireceptor-monitor/performance_scripts/queries/repertoires/pass-field-age-range.json,2.348252058029175,2023-01-30 02:33:47.888837,2023-01-29 18:33:47.888837-08:00,scireptor,sciReptor (Germany),,,,pass-field-age-range.json,,,,,,,,,,,,,,,,,,,,,,
4,AIRR Data Commons API,API response for repertoire query,1.3,AIRR Community,https://github.com/airr-community,,/home/ubuntu/ireceptor-monitor/performance_scripts/queries/repertoires/pass-query2_repertoire.json,1.1678650379180908,2023-01-30 02:33:49.063972,2023-01-29 18:33:49.063972-08:00,scireptor,sciReptor (Germany),,,,pass-query2_repertoire.json,,,,,,,,,,,,,,,,,,,,,,
0,AIRR Data Commons API,API response for repertoire query,1.3,AIRR Community,https://github.com/airr-community,,/home/ubuntu/ireceptor-monitor/performance_scripts/queries/repertoires/pass-all.json,3.1862764358520512,2023-01-30 06:33:42.835709,2023-01-29 22:33:42.835709-08:00,scireptor,sciReptor (Germany),,,,pass-all.json,,,,,,,,,,,,,,,,,,,,,,
1,AIRR Data Commons API,API response for repertoire query,1.3,AIRR Community,https://github.com/airr-community,,/home/ubuntu/ireceptor-monitor/performance_scripts/queries/repertoires/pass-field-organism-id.json,1.0915904045104978,2023-01-30 06:33:43.953209,2023-01-29 22:33:43.953209-08:00,scireptor,sciReptor (Germany),,,,pass-field-organism-id.json,,,,,,,,,,,,,,,,,,,,,,
2,AIRR Data Commons API,API response for repertoire query,1.3,AIRR Community,https://github.com/airr-community,,/home/ubuntu/ireceptor-monitor/performance_scripts/queries/repertoires/pass-field-pcr_target_locus.json,1.9410946369171145,2023-01-30 06:33:45.916899,2023-01-29 22:33:45.916899-08:00,scireptor,sciReptor (Germany),,,,pass-field-pcr_target_locus.json,,,,,,,,,,,,,,,,,,,,,,
3,AIRR Data Commons API,API response for repertoire query,1.3,AIRR Community,https://github.com/airr-community,,/home/ubuntu/ireceptor-monitor/performance_scripts/queries/repertoires/pass-field-age-range.json,2.200254201889038,2023-01-30 06:33:48.164945,2023-01-29 22:33:48.164945-08:00,scireptor,sciReptor (Germany),,,,pass-field-age-range.json,,,,,,,,,,,,,,,,,,,,,,
4,AIRR Data Commons API,API response for repertoire query,1.3,AIRR Community,https://github.com/airr-community,,/home/ubuntu/ireceptor-monitor/performance_scripts/queries/repertoires/pass-query2_repertoire.json,1.180593729019165,2023-01-30 06:33:49.353526,2023-01-29 22:33:49.353526-08:00,scireptor,sciReptor (Germany),,,,pass-query2_repertoire.json,,,,,,,,,,,,,,,,,,,,,,
0,AIRR Data Commons API,API response for repertoire query,1.3,AIRR Community,https://github.com/airr-community,,/home/ubuntu/ireceptor-monitor/performance_scripts/queries/repertoires/pass-all.json,2.352455139160156,2023-01-30 10:34:27.704667,2023-01-30 02:34:27.704667-08:00,scireptor,sciReptor (Germany),,,,pass-all.json,,,,,,,,,,,,,,,,,,,,,,
1,AIRR Data Commons API,API response for repertoire query,1.3,AIRR Community,https://github.com/airr-community,,/home/ubuntu/ireceptor-monitor/performance_scripts/queries/repertoires/pass-field-organism-id.json,1.2709598541259766,2023-01-30 10:34:29.000787,2023-01-30 02:34:29.000787-08:00,scireptor,sciReptor (Germany),,,,pass-field-organism-id.json,,,,,,,,,,,,,,,,,,,,,,
2,AIRR Data Commons API,API response for repertoire query,1.3,AIRR Community,https://github.com/airr-community,,/home/ubuntu/ireceptor-monitor/performance_scripts/queries/repertoires/pass-field-pcr_target_locus.json,2.1885223388671875,2023-01-30 10:34:31.211874,2023-01-30 02:34:31.211874-08:00,scireptor,sciReptor (Germany),,,,pass-field-pcr_target_locus.json,,,,,,,,,,,,,,,,,,,,,,
3,AIRR Data Commons API,API response for repertoire query,1.3,AIRR Community,https://github.com/airr-community,,/home/ubuntu/ireceptor-monitor/performance_scripts/queries/repertoires/pass-field-age-range.json,2.801944732666016,2023-01-30 10:34:34.063580,2023-01-30 02:34:34.063580-08:00,scireptor,sciReptor (Germany),,,,pass-field-age-range.json,,,,,,,,,,,,,,,,,,,,,,
4,AIRR Data Commons API,API response for repertoire query,1.3,AIRR Community,https://github.com/airr-community,,/home/ubuntu/ireceptor-monitor/performance_scripts/queries/repertoires/pass-query2_repertoire.json,1.142869472503662,2023-01-30 10:34:35.214747,2023-01-30 02:34:35.214747-08:00,scireptor,sciReptor (Germany),,,,pass-query2_repertoire.json,,,,,,,,,,,,,,,,,,,,,,
0,AIRR Data Commons API,API response for repertoire query,1.3,AIRR Community,https://github.com/airr-community,,/home/ubuntu/ireceptor-monitor/performance_scripts/queries/repertoires/pass-all.json,3.584929943084717,2023-01-30 14:34:13.653865,2023-01-30 06:34:13.653865-08:00,scireptor,sciReptor (Germany),,,,pass-all.json,,,,,,,,,,,,,,,,,,,,,,
1,AIRR Data Commons API,API response for repertoire query,1.3,AIRR Community,https://github.com/airr-community,,/home/ubuntu/ireceptor-monitor/performance_scripts/queries/repertoires/pass-field-organism-id.json,1.307213544845581,2023-01-30 14:34:14.985167,2023-01-30 06:34:14.985167-08:00,scireptor,sciReptor (Germany),,,,pass-field-organism-id.json,,,,,,,,,,,,,,,,,,,,,,
2,AIRR Data Commons API,API response for repertoire query,1.3,AIRR Community,https://github.com/airr-community,,/home/ubuntu/ireceptor-monitor/performance_scripts/queries/repertoires/pass-field-pcr_target_locus.json,1.9276883602142327,2023-01-30 14:34:16.934755,2023-01-30 06:34:16.934755-08:00,scireptor,sciReptor (Germany),,,,pass-field-pcr_target_locus.json,,,,,,,,,,,,,,,,,,,,,,
3,AIRR Data Commons API,API response for repertoire query,1.3,AIRR Community,https://github.com/airr-community,,/home/ubuntu/ireceptor-monitor/performance_scripts/queries/repertoires/pass-field-age-range.json,2.352238893508911,2023-01-30 14:34:19.335469,2023-01-30 06:34:19.335469-08:00,scireptor,sciReptor (Germany),,,,pass-field-age-range.json,,,,,,,,,,,,,,,,,,,,,,
4,AIRR Data Commons API,API response for repertoire query,1.3,AIRR Community,https://github.com/airr-community,,/home/ubuntu/ireceptor-monitor/performance_scripts/queries/repertoires/pass-query2_repertoire.json,1.2046654224395752,2023-01-30 14:34:20.548575,2023-01-30 06:34:20.548575-08:00,scireptor,sciReptor (Germany),,,,pass-query2_repertoire.json,,,,,,,,,,,,,,,,,,,,,,
0,AIRR Data Commons API,API response for repertoire query,1.3,AIRR Community,https://github.com/airr-community,,/home/ubuntu/ireceptor-monitor/performance_scripts/queries/repertoires/pass-all.json,2.170205593109131,2023-01-30 18:33:42.661219,2023-01-30 10:33:42.661219-08:00,scireptor,sciReptor (Germany),,,,pass-all.json,,,,,,,,,,,,,,,,,,,,,,
1,AIRR Data Commons API,API response for repertoire query,1.3,AIRR Community,https://github.com/airr-community,,/home/ubuntu/ireceptor-monitor/performance_scripts/queries/repertoires/pass-field-organism-id.json,1.151606798171997,2023-01-30 18:33:43.837032,2023-01-30 10:33:43.837032-08:00,scireptor,sciReptor (Germany),,,,pass-field-organism-id.json,,,,,,,,,,,,,,,,,,,,,,
2,AIRR Data Commons API,API response for repertoire query,1.3,AIRR Community,https://github.com/airr-community,,/home/ubuntu/ireceptor-monitor/performance_scripts/queries/repertoires/pass-field-pcr_target_locus.json,1.994143962860108,2023-01-30 18:33:45.853012,2023-01-30 10:33:45.853012-08:00,scireptor,sciReptor (Germany),,,,pass-field-pcr_target_locus.json,,,,,,,,,,,,,,,,,,,,,,
3,AIRR Data Commons API,API response for repertoire query,1.3,AIRR Community,https://github.com/airr-community,,/home/ubuntu/ireceptor-monitor/performance_scripts/queries/repertoires/pass-field-age-range.json,2.7734856605529785,2023-01-30 18:33:48.675785,2023-01-30 10:33:48.675785-08:00,scireptor,sciReptor (Germany),,,,pass-field-age-range.json,,,,,,,,,,,,,,,,,,,,,,
4,AIRR Data Commons API,API response for repertoire query,1.3,AIRR Community,https://github.com/airr-community,,/home/ubuntu/ireceptor-monitor/performance_scripts/queries/repertoires/pass-query2_repertoire.json,1.2107391357421875,2023-01-30 18:33:49.895099,2023-01-30 10:33:49.895099-08:00,scireptor,sciReptor (Germany),,,,pass-query2_repertoire.json,,,,,,,,,,,,,,,,,,,,,,
0,AIRR Data Commons API,API response for repertoire query,1.3,AIRR Community,https://github.com/airr-community,,/home/ubuntu/ireceptor-monitor/performance_scripts/queries/repertoires/pass-all.json,2.391953229904175,2023-01-30 22:34:20.250159,2023-01-30 14:34:20.250159-08:00,scireptor,sciReptor (Germany),,,,pass-all.json,,,,,,,,,,,,,,,,,,,,,,
1,AIRR Data Commons API,API response for repertoire query,1.3,AIRR Community,https://github.com/airr-community,,/home/ubuntu/ireceptor-monitor/performance_scripts/queries/repertoires/pass-field-organism-id.json,1.129115343093872,2023-01-30 22:34:21.403513,2023-01-30 14:34:21.403513-08:00,scireptor,sciReptor (Germany),,,,pass-field-organism-id.json,,,,,,,,,,,,,,,,,,,,,,
2,AIRR Data Commons API,API response for repertoire query,1.3,AIRR Community,https://github.com/airr-community,,/home/ubuntu/ireceptor-monitor/performance_scripts/queries/repertoires/pass-field-pcr_target_locus.json,1.9183812141418457,2023-01-30 22:34:23.343686,2023-01-30 14:34:23.343686-08:00,scireptor,sciReptor (Germany),,,,pass-field-pcr_target_locus.json,,,,,,,,,,,,,,,,,,,,,,
3,AIRR Data Commons API,API response for repertoire query,1.3,AIRR Community,https://github.com/airr-community,,/home/ubuntu/ireceptor-monitor/performance_scripts/queries/repertoires/pass-field-age-range.json,2.308434247970581,2023-01-30 22:34:25.702618,2023-01-30 14:34:25.702618-08:00,scireptor,sciReptor (Germany),,,,pass-field-age-range.json,,,,,,,,,,,,,,,,,,,,,,
4,AIRR Data Commons API,API response for repertoire query,1.3,AIRR Community,https://github.com/airr-community,,/home/ubuntu/ireceptor-monitor/performance_scripts/queries/repertoires/pass-query2_repertoire.json,1.1594669818878174,2023-01-30 22:34:26.870377,2023-01-30 14:34:26.870377-08:00,scireptor,sciReptor (Germany),,,,pass-query2_repertoire.json,,,,,,,,,,,,,,,,,,,,,,
0,AIRR Data Commons API,API response for repertoire query,1.3,AIRR Community,https://github.com/airr-community,,/home/ubuntu/ireceptor-monitor/performance_scripts/queries/repertoires/pass-all.json,3.184229850769043,2023-01-31 02:33:49.059762,2023-01-30 18:33:49.059762-08:00,scireptor,sciReptor (Germany),,,,pass-all.json,,,,,,,,,,,,,,,,,,,,,,
1,AIRR Data Commons API,API response for repertoire query,1.3,AIRR Community,https://github.com/airr-community,,/home/ubuntu/ireceptor-monitor/performance_scripts/queries/repertoires/pass-field-organism-id.json,1.3177781105041504,2023-01-31 02:33:50.402690,2023-01-30 18:33:50.402690-08:00,scireptor,sciReptor (Germany),,,,pass-field-organism-id.json,,,,,,,,,,,,,,,,,,,,,,
2,AIRR Data Commons API,API response for repertoire query,1.3,AIRR Community,https://github.com/airr-community,,/home/ubuntu/ireceptor-monitor/performance_scripts/queries/repertoires/pass-field-pcr_target_locus.json,2.087788343429565,2023-01-31 02:33:52.513900,2023-01-30 18:33:52.513900-08:00,scireptor,sciReptor (Germany),,,,pass-field-pcr_target_locus.json,,,,,,,,,,,,,,,,,,,,,,
3,AIRR Data Commons API,API response for repertoire query,1.3,AIRR Community,https://github.com/airr-community,,/home/ubuntu/ireceptor-monitor/performance_scripts/queries/repertoires/pass-field-age-range.json,11.214306592941284,2023-01-31 02:34:03.778579,2023-01-30 18:34:03.778579-08:00,scireptor,sciReptor (Germany),,,,pass-field-age-range.json,,,,,,,,,,,,,,,,,,,,,,
4,AIRR Data Commons API,API response for repertoire query,1.3,AIRR Community,https://github.com/airr-community,,/home/ubuntu/ireceptor-monitor/performance_scripts/queries/repertoires/pass-query2_repertoire.json,1.167832374572754,2023-01-31 02:34:04.956863,2023-01-30 18:34:04.956863-08:00,scireptor,sciReptor (Germany),,,,pass-query2_repertoire.json,,,,,,,,,,,,,,,,,,,,,,
0,AIRR Data Commons API,API response for repertoire query,1.3,AIRR Community,https://github.com/airr-community,,/home/ubuntu/ireceptor-monitor/performance_scripts/queries/repertoires/pass-all.json,2.903825044631958,2023-01-31 06:34:16.464679,2023-01-30 22:34:16.464679-08:00,scireptor,sciReptor (Germany),,,,pass-all.json,,,,,,,,,,,,,,,,,,,,,,
1,AIRR Data Commons API,API response for repertoire query,1.3,AIRR Community,https://github.com/airr-community,,/home/ubuntu/ireceptor-monitor/performance_scripts/queries/repertoires/pass-field-organism-id.json,1.2888660430908203,2023-01-31 06:34:17.777354,2023-01-30 22:34:17.777354-08:00,scireptor,sciReptor (Germany),,,,pass-field-organism-id.json,,,,,,,,,,,,,,,,,,,,,,
2,AIRR Data Commons API,API response for repertoire query,1.3,AIRR Community,https://github.com/airr-community,,/home/ubuntu/ireceptor-monitor/performance_scripts/queries/repertoires/pass-field-pcr_target_locus.json,2.4946064949035645,2023-01-31 06:34:20.292931,2023-01-30 22:34:20.292931-08:00,scireptor,sciReptor (Germany),,,,pass-field-pcr_target_locus.json,,,,,,,,,,,,,,,,,,,,,,
3,AIRR Data Commons API,API response for repertoire query,1.3,AIRR Community,https://github.com/airr-community,,/home/ubuntu/ireceptor-monitor/performance_scripts/queries/repertoires/pass-field-age-range.json,3.2384738922119136,2023-01-31 06:34:23.579076,2023-01-30 22:34:23.579076-08:00,scireptor,sciReptor (Germany),,,,pass-field-age-range.json,,,,,,,,,,,,,,,,,,,,,,
4,AIRR Data Commons API,API response for repertoire query,1.3,AIRR Community,https://github.com/airr-community,,/home/ubuntu/ireceptor-monitor/performance_scripts/queries/repertoires/pass-query2_repertoire.json,1.945066213607788,2023-01-31 06:34:25.532366,2023-01-30 22:34:25.532366-08:00,scireptor,sciReptor (Germany),,,,pass-query2_repertoire.json,,,,,,,,,,,,,,,,,,,,,,
0,AIRR Data Commons API,API response for repertoire query,1.3,AIRR Community,https://github.com/airr-community,,/home/ubuntu/ireceptor-monitor/performance_scripts/queries/repertoires/pass-all.json,2.3870954513549805,2023-01-31 10:34:11.640165,2023-01-31 02:34:11.640165-08:00,scireptor,sciReptor (Germany),,,,pass-all.json,,,,,,,,,,,,,,,,,,,,,,
1,AIRR Data Commons API,API response for repertoire query,1.3,AIRR Community,https://github.com/airr-community,,/home/ubuntu/ireceptor-monitor/performance_scripts/queries/repertoires/pass-field-organism-id.json,1.327167510986328,2023-01-31 10:34:12.990869,2023-01-31 02:34:12.990869-08:00,scireptor,sciReptor (Germany),,,,pass-field-organism-id.json,,,,,,,,,,,,,,,,,,,,,,
2,AIRR Data Commons API,API response for repertoire query,1.3,AIRR Community,https://github.com/airr-community,,/home/ubuntu/ireceptor-monitor/performance_scripts/queries/repertoires/pass-field-pcr_target_locus.json,2.1379599571228027,2023-01-31 10:34:15.150300,2023-01-31 02:34:15.150300-08:00,scireptor,sciReptor (Germany),,,,pass-field-pcr_target_locus.json,,,,,,,,,,,,,,,,,,,,,,
3,AIRR Data Commons API,API response for repertoire query,1.3,AIRR Community,https://github.com/airr-community,,/home/ubuntu/ireceptor-monitor/performance_scripts/queries/repertoires/pass-field-age-range.json,2.3151237964630127,2023-01-31 10:34:17.512328,2023-01-31 02:34:17.512328-08:00,scireptor,sciReptor (Germany),,,,pass-field-age-range.json,,,,,,,,,,,,,,,,,,,,,,
4,AIRR Data Commons API,API response for repertoire query,1.3,AIRR Community,https://github.com/airr-community,,/home/ubuntu/ireceptor-monitor/performance_scripts/queries/repertoires/pass-query2_repertoire.json,1.2258403301239014,2023-01-31 10:34:18.746492,2023-01-31 02:34:18.746492-08:00,scireptor,sciReptor (Germany),,,,pass-query2_repertoire.json,,,,,,,,,,,,,,,,,,,,,,
0,AIRR Data Commons API,API response for repertoire query,1.3,AIRR Community,https://github.com/airr-community,,/home/ubuntu/ireceptor-monitor/performance_scripts/queries/repertoires/pass-all.json,2.175735712051392,2023-01-31 14:33:42.544964,2023-01-31 06:33:42.544964-08:00,scireptor,sciReptor (Germany),,,,pass-all.json,,,,,,,,,,,,,,,,,,,,,,
1,AIRR Data Commons API,API response for repertoire query,1.3,AIRR Community,https://github.com/airr-community,,/home/ubuntu/ireceptor-monitor/performance_scripts/queries/repertoires/pass-field-organism-id.json,1.219080924987793,2023-01-31 14:33:43.787509,2023-01-31 06:33:43.787509-08:00,scireptor,sciReptor (Germany),,,,pass-field-organism-id.json,,,,,,,,,,,,,,,,,,,,,,
2,AIRR Data Commons API,API response for repertoire query,1.3,AIRR Community,https://github.com/airr-community,,/home/ubuntu/ireceptor-monitor/performance_scripts/queries/repertoires/pass-field-pcr_target_locus.json,1.866133451461792,2023-01-31 14:33:45.675241,2023-01-31 06:33:45.675241-08:00,scireptor,sciReptor (Germany),,,,pass-field-pcr_target_locus.json,,,,,,,,,,,,,,,,,,,,,,
3,AIRR Data Commons API,API response for repertoire query,1.3,AIRR Community,https://github.com/airr-community,,/home/ubuntu/ireceptor-monitor/performance_scripts/queries/repertoires/pass-field-age-range.json,2.313542366027832,2023-01-31 14:33:48.036705,2023-01-31 06:33:48.036705-08:00,scireptor,sciReptor (Germany),,,,pass-field-age-range.json,,,,,,,,,,,,,,,,,,,,,,
4,AIRR Data Commons API,API response for repertoire query,1.3,AIRR Community,https://github.com/airr-community,,/home/ubuntu/ireceptor-monitor/performance_scripts/queries/repertoires/pass-query2_repertoire.json,1.251516342163086,2023-01-31 14:33:49.296611,2023-01-31 06:33:49.296611-08:00,scireptor,sciReptor (Germany),,,,pass-query2_repertoire.json,,,,,,,,,,,,,,,,,,,,,,
0,AIRR Data Commons API,API response for repertoire query,1.3,AIRR Community,https://github.com/airr-community,,/home/ubuntu/ireceptor-monitor/performance_scripts/queries/repertoires/pass-all.json,2.8817958831787114,2023-01-31 18:34:09.375859,2023-01-31 10:34:09.375859-08:00,scireptor,sciReptor (Germany),,,,pass-all.json,,,,,,,,,,,,,,,,,,,,,,
1,AIRR Data Commons API,API response for repertoire query,1.3,AIRR Community,https://github.com/airr-community,,/home/ubuntu/ireceptor-monitor/performance_scripts/queries/repertoires/pass-field-organism-id.json,1.2240469455718994,2023-01-31 18:34:10.623912,2023-01-31 10:34:10.623912-08:00,scireptor,sciReptor (Germany),,,,pass-field-organism-id.json,,,,,,,,,,,,,,,,,,,,,,
2,AIRR Data Commons API,API response for repertoire query,1.3,AIRR Community,https://github.com/airr-community,,/home/ubuntu/ireceptor-monitor/performance_scripts/queries/repertoires/pass-field-pcr_target_locus.json,2.0385661125183105,2023-01-31 18:34:12.683802,2023-01-31 10:34:12.683802-08:00,scireptor,sciReptor (Germany),,,,pass-field-pcr_target_locus.json,,,,,,,,,,,,,,,,,,,,,,
3,AIRR Data Commons API,API response for repertoire query,1.3,AIRR Community,https://github.com/airr-community,,/home/ubuntu/ireceptor-monitor/performance_scripts/queries/repertoires/pass-field-age-range.json,2.2767131328582764,2023-01-31 18:34:15.009023,2023-01-31 10:34:15.009023-08:00,scireptor,sciReptor (Germany),,,,pass-field-age-range.json,,,,,,,,,,,,,,,,,,,,,,
4,AIRR Data Commons API,API response for repertoire query,1.3,AIRR Community,https://github.com/airr-community,,/home/ubuntu/ireceptor-monitor/performance_scripts/queries/repertoires/pass-query2_repertoire.json,1.0986971855163574,2023-01-31 18:34:16.116032,2023-01-31 10:34:16.116032-08:00,scireptor,sciReptor (Germany),,,,pass-query2_repertoire.json,,,,,,,,,,,,,,,,,,,,,,
0,AIRR Data Commons API,API response for repertoire query,1.3,AIRR Community,https://github.com/airr-community,,/home/ubuntu/ireceptor-monitor/performance_scripts/queries/repertoires/pass-all.json,2.839561939239502,2023-01-31 22:34:17.892581,2023-01-31 14:34:17.892581-08:00,scireptor,sciReptor (Germany),,,,pass-all.json,,,,,,,,,,,,,,,,,,,,,,
1,AIRR Data Commons API,API response for repertoire query,1.3,AIRR Community,https://github.com/airr-community,,/home/ubuntu/ireceptor-monitor/performance_scripts/queries/repertoires/pass-field-organism-id.json,1.1187357902526855,2023-01-31 22:34:19.035204,2023-01-31 14:34:19.035204-08:00,scireptor,sciReptor (Germany),,,,pass-field-organism-id.json,,,,,,,,,,,,,,,,,,,,,,
2,AIRR Data Commons API,API response for repertoire query,1.3,AIRR Community,https://github.com/airr-community,,/home/ubuntu/ireceptor-monitor/performance_scripts/queries/repertoires/pass-field-pcr_target_locus.json,1.8087382316589355,2023-01-31 22:34:20.866709,2023-01-31 14:34:20.866709-08:00,scireptor,sciReptor (Germany),,,,pass-field-pcr_target_locus.json,,,,,,,,,,,,,,,,,,,,,,
3,AIRR Data Commons API,API response for repertoire query,1.3,AIRR Community,https://github.com/airr-community,,/home/ubuntu/ireceptor-monitor/performance_scripts/queries/repertoires/pass-field-age-range.json,2.3541464805603027,2023-01-31 22:34:23.268311,2023-01-31 14:34:23.268311-08:00,scireptor,sciReptor (Germany),,,,pass-field-age-range.json,,,,,,,,,,,,,,,,,,,,,,
4,AIRR Data Commons API,API response for repertoire query,1.3,AIRR Community,https://github.com/airr-community,,/home/ubuntu/ireceptor-monitor/performance_scripts/queries/repertoires/pass-query2_repertoire.json,1.152012825012207,2023-01-31 22:34:24.428262,2023-01-31 14:34:24.428262-08:00,scireptor,sciReptor (Germany),,,,pass-query2_repertoire.json,,,,,,,,,,,,,,,,,,,,,,
0,AIRR Data Commons API,API response for repertoire query,1.3,AIRR Community,https://github.com/airr-community,,/home/ubuntu/ireceptor-monitor/performance_scripts/queries/repertoires/pass-all.json,2.390460968017578,2023-02-01 02:33:52.687418,2023-01-31 18:33:52.687418-08:00,scireptor,sciReptor (Germany),,,,pass-all.json,,,,,,,,,,,,,,,,,,,,,,
1,AIRR Data Commons API,API response for repertoire query,1.3,AIRR Community,https://github.com/airr-community,,/home/ubuntu/ireceptor-monitor/performance_scripts/queries/repertoires/pass-field-organism-id.json,1.2491540908813477,2023-02-01 02:33:53.959415,2023-01-31 18:33:53.959415-08:00,scireptor,sciReptor (Germany),,,,pass-field-organism-id.json,,,,,,,,,,,,,,,,,,,,,,
2,AIRR Data Commons API,API response for repertoire query,1.3,AIRR Community,https://github.com/airr-community,,/home/ubuntu/ireceptor-monitor/performance_scripts/queries/repertoires/pass-field-pcr_target_locus.json,2.0560197830200195,2023-02-01 02:33:56.036951,2023-01-31 18:33:56.036951-08:00,scireptor,sciReptor (Germany),,,,pass-field-pcr_target_locus.json,,,,,,,,,,,,,,,,,,,,,,
3,AIRR Data Commons API,API response for repertoire query,1.3,AIRR Community,https://github.com/airr-community,,/home/ubuntu/ireceptor-monitor/performance_scripts/queries/repertoires/pass-field-age-range.json,2.3888723850250244,2023-02-01 02:33:58.477500,2023-01-31 18:33:58.477500-08:00,scireptor,sciReptor (Germany),,,,pass-field-age-range.json,,,,,,,,,,,,,,,,,,,,,,
4,AIRR Data Commons API,API response for repertoire query,1.3,AIRR Community,https://github.com/airr-community,,/home/ubuntu/ireceptor-monitor/performance_scripts/queries/repertoires/pass-query2_repertoire.json,1.181684494018555,2023-02-01 02:33:59.667819,2023-01-31 18:33:59.667819-08:00,scireptor,sciReptor (Germany),,,,pass-query2_repertoire.json,,,,,,,,,,,,,,,,,,,,,,
0,AIRR Data Commons API,API response for repertoire query,1.3,AIRR Community,https://github.com/airr-community,,/home/ubuntu/ireceptor-monitor/performance_scripts/queries/repertoires/pass-all.json,3.363285779953003,2023-02-01 06:33:51.307523,2023-01-31 22:33:51.307523-08:00,scireptor,sciReptor (Germany),,,,pass-all.json,,,,,,,,,,,,,,,,,,,,,,
1,AIRR Data Commons API,API response for repertoire query,1.3,AIRR Community,https://github.com/airr-community,,/home/ubuntu/ireceptor-monitor/performance_scripts/queries/repertoires/pass-field-organism-id.json,1.1858723163604736,2023-02-01 06:33:52.518669,2023-01-31 22:33:52.518669-08:00,scireptor,sciReptor (Germany),,,,pass-field-organism-id.json,,,,,,,,,,,,,,,,,,,,,,
2,AIRR Data Commons API,API response for repertoire query,1.3,AIRR Community,https://github.com/airr-community,,/home/ubuntu/ireceptor-monitor/performance_scripts/queries/repertoires/pass-field-pcr_target_locus.json,1.770148515701294,2023-02-01 06:33:54.310504,2023-01-31 22:33:54.310504-08:00,scireptor,sciReptor (Germany),,,,pass-field-pcr_target_locus.json,,,,,,,,,,,,,,,,,,,,,,
3,AIRR Data Commons API,API response for repertoire query,1.3,AIRR Community,https://github.com/airr-community,,/home/ubuntu/ireceptor-monitor/performance_scripts/queries/repertoires/pass-field-age-range.json,2.237811088562012,2023-02-01 06:33:56.596239,2023-01-31 22:33:56.596239-08:00,scireptor,sciReptor (Germany),,,,pass-field-age-range.json,,,,,,,,,,,,,,,,,,,,,,
4,AIRR Data Commons API,API response for repertoire query,1.3,AIRR Community,https://github.com/airr-community,,/home/ubuntu/ireceptor-monitor/performance_scripts/queries/repertoires/pass-query2_repertoire.json,1.0695536136627195,2023-02-01 06:33:57.673552,2023-01-31 22:33:57.673552-08:00,scireptor,sciReptor (Germany),,,,pass-query2_repertoire.json,,,,,,,,,,,,,,,,,,,,,,
0,AIRR Data Commons API,API response for repertoire query,1.3,AIRR Community,https://github.com/airr-community,,/home/ubuntu/ireceptor-monitor/performance_scripts/queries/repertoires/pass-all.json,2.371867179870605,2023-02-01 10:34:24.909887,2023-02-01 02:34:24.909887-08:00,scireptor,sciReptor (Germany),,,,pass-all.json,,,,,,,,,,,,,,,,,,,,,,
1,AIRR Data Commons API,API response for repertoire query,1.3,AIRR Community,https://github.com/airr-community,,/home/ubuntu/ireceptor-monitor/performance_scripts/queries/repertoires/pass-field-organism-id.json,1.1368741989135742,2023-02-01 10:34:26.071577,2023-02-01 02:34:26.071577-08:00,scireptor,sciReptor (Germany),,,,pass-field-organism-id.json,,,,,,,,,,,,,,,,,,,,,,
2,AIRR Data Commons API,API response for repertoire query,1.3,AIRR Community,https://github.com/airr-community,,/home/ubuntu/ireceptor-monitor/performance_scripts/queries/repertoires/pass-field-pcr_target_locus.json,2.113128423690796,2023-02-01 10:34:28.206878,2023-02-01 02:34:28.206878-08:00,scireptor,sciReptor (Germany),,,,pass-field-pcr_target_locus.json,,,,,,,,,,,,,,,,,,,,,,
3,AIRR Data Commons API,API response for repertoire query,1.3,AIRR Community,https://github.com/airr-community,,/home/ubuntu/ireceptor-monitor/performance_scripts/queries/repertoires/pass-field-age-range.json,2.2872042655944824,2023-02-01 10:34:30.544354,2023-02-01 02:34:30.544354-08:00,scireptor,sciReptor (Germany),,,,pass-field-age-range.json,,,,,,,,,,,,,,,,,,,,,,
4,AIRR Data Commons API,API response for repertoire query,1.3,AIRR Community,https://github.com/airr-community,,/home/ubuntu/ireceptor-monitor/performance_scripts/queries/repertoires/pass-query2_repertoire.json,1.1277589797973633,2023-02-01 10:34:31.680249,2023-02-01 02:34:31.680249-08:00,scireptor,sciReptor (Germany),,,,pass-query2_repertoire.json,,,,,,,,,,,,,,,,,,,,,,
0,AIRR Data Commons API,API response for repertoire query,1.3,AIRR Community,https://github.com/airr-community,,/home/ubuntu/ireceptor-monitor/performance_scripts/queries/repertoires/pass-all.json,2.3198347091674805,2023-02-01 14:33:42.742624,2023-02-01 06:33:42.742624-08:00,scireptor,sciReptor (Germany),,,,pass-all.json,,,,,,,,,,,,,,,,,,,,,,
1,AIRR Data Commons API,API response for repertoire query,1.3,AIRR Community,https://github.com/airr-community,,/home/ubuntu/ireceptor-monitor/performance_scripts/queries/repertoires/pass-field-organism-id.json,1.2540650367736816,2023-02-01 14:33:44.020101,2023-02-01 06:33:44.020101-08:00,scireptor,sciReptor (Germany),,,,pass-field-organism-id.json,,,,,,,,,,,,,,,,,,,,,,
2,AIRR Data Commons API,API response for repertoire query,1.3,AIRR Community,https://github.com/airr-community,,/home/ubuntu/ireceptor-monitor/performance_scripts/queries/repertoires/pass-field-pcr_target_locus.json,1.8595476150512693,2023-02-01 14:33:45.901205,2023-02-01 06:33:45.901205-08:00,scireptor,sciReptor (Germany),,,,pass-field-pcr_target_locus.json,,,,,,,,,,,,,,,,,,,,,,
3,AIRR Data Commons API,API response for repertoire query,1.3,AIRR Community,https://github.com/airr-community,,/home/ubuntu/ireceptor-monitor/performance_scripts/queries/repertoires/pass-field-age-range.json,2.364432573318481,2023-02-01 14:33:48.314229,2023-02-01 06:33:48.314229-08:00,scireptor,sciReptor (Germany),,,,pass-field-age-range.json,,,,,,,,,,,,,,,,,,,,,,
4,AIRR Data Commons API,API response for repertoire query,1.3,AIRR Community,https://github.com/airr-community,,/home/ubuntu/ireceptor-monitor/performance_scripts/queries/repertoires/pass-query2_repertoire.json,1.2281458377838137,2023-02-01 14:33:49.551706,2023-02-01 06:33:49.551706-08:00,scireptor,sciReptor (Germany),,,,pass-query2_repertoire.json,,,,,,,,,,,,,,,,,,,,,,
0,AIRR Data Commons API,API response for repertoire query,1.3,AIRR Community,https://github.com/airr-community,,/home/ubuntu/ireceptor-monitor/performance_scripts/queries/repertoires/pass-all.json,2.447216987609864,2023-02-01 18:34:06.367157,2023-02-01 10:34:06.367157-08:00,scireptor,sciReptor (Germany),,,,pass-all.json,,,,,,,,,,,,,,,,,,,,,,
1,AIRR Data Commons API,API response for repertoire query,1.3,AIRR Community,https://github.com/airr-community,,/home/ubuntu/ireceptor-monitor/performance_scripts/queries/repertoires/pass-field-organism-id.json,1.2168891429901123,2023-02-01 18:34:07.610521,2023-02-01 10:34:07.610521-08:00,scireptor,sciReptor (Germany),,,,pass-field-organism-id.json,,,,,,,,,,,,,,,,,,,,,,
2,AIRR Data Commons API,API response for repertoire query,1.3,AIRR Community,https://github.com/airr-community,,/home/ubuntu/ireceptor-monitor/performance_scripts/queries/repertoires/pass-field-pcr_target_locus.json,2.544560670852661,2023-02-01 18:34:10.178641,2023-02-01 10:34:10.178641-08:00,scireptor,sciReptor (Germany),,,,pass-field-pcr_target_locus.json,,,,,,,,,,,,,,,,,,,,,,
3,AIRR Data Commons API,API response for repertoire query,1.3,AIRR Community,https://github.com/airr-community,,/home/ubuntu/ireceptor-monitor/performance_scripts/queries/repertoires/pass-field-age-range.json,2.266768455505371,2023-02-01 18:34:12.495633,2023-02-01 10:34:12.495633-08:00,scireptor,sciReptor (Germany),,,,pass-field-age-range.json,,,,,,,,,,,,,,,,,,,,,,
4,AIRR Data Commons API,API response for repertoire query,1.3,AIRR Community,https://github.com/airr-community,,/home/ubuntu/ireceptor-monitor/performance_scripts/queries/repertoires/pass-query2_repertoire.json,1.2344801425933838,2023-02-01 18:34:13.739630,2023-02-01 10:34:13.739630-08:00,scireptor,sciReptor (Germany),,,,pass-query2_repertoire.json,,,,,,,,,,,,,,,,,,,,,,
0,AIRR Data Commons API,API response for repertoire query,1.3,AIRR Community,https://github.com/airr-community,,/home/ubuntu/ireceptor-monitor/performance_scripts/queries/repertoires/pass-all.json,2.283041954040528,2023-02-01 22:33:38.314221,2023-02-01 14:33:38.314221-08:00,scireptor,sciReptor (Germany),,,,pass-all.json,,,,,,,,,,,,,,,,,,,,,,
1,AIRR Data Commons API,API response for repertoire query,1.3,AIRR Community,https://github.com/airr-community,,/home/ubuntu/ireceptor-monitor/performance_scripts/queries/repertoires/pass-field-organism-id.json,1.1406595706939695,2023-02-01 22:33:39.483182,2023-02-01 14:33:39.483182-08:00,scireptor,sciReptor (Germany),,,,pass-field-organism-id.json,,,,,,,,,,,,,,,,,,,,,,
2,AIRR Data Commons API,API response for repertoire query,1.3,AIRR Community,https://github.com/airr-community,,/home/ubuntu/ireceptor-monitor/performance_scripts/queries/repertoires/pass-field-pcr_target_locus.json,1.943206548690796,2023-02-01 22:33:41.447541,2023-02-01 14:33:41.447541-08:00,scireptor,sciReptor (Germany),,,,pass-field-pcr_target_locus.json,,,,,,,,,,,,,,,,,,,,,,
3,AIRR Data Commons API,API response for repertoire query,1.3,AIRR Community,https://github.com/airr-community,,/home/ubuntu/ireceptor-monitor/performance_scripts/queries/repertoires/pass-field-age-range.json,2.338995933532715,2023-02-01 22:33:43.834074,2023-02-01 14:33:43.834074-08:00,scireptor,sciReptor (Germany),,,,pass-field-age-range.json,,,,,,,,,,,,,,,,,,,,,,
4,AIRR Data Commons API,API response for repertoire query,1.3,AIRR Community,https://github.com/airr-community,,/home/ubuntu/ireceptor-monitor/performance_scripts/queries/repertoires/pass-query2_repertoire.json,1.0743041038513184,2023-02-01 22:33:44.916274,2023-02-01 14:33:44.916274-08:00,scireptor,sciReptor (Germany),,,,pass-query2_repertoire.json,,,,,,,,,,,,,,,,,,,,,,
0,AIRR Data Commons API,API response for repertoire query,1.3,AIRR Community,https://github.com/airr-community,,/home/ubuntu/ireceptor-monitor/performance_scripts/queries/repertoires/pass-all.json,2.371720314025879,2023-02-02 02:33:50.621590,2023-02-01 18:33:50.621590-08:00,scireptor,sciReptor (Germany),,,,pass-all.json,,,,,,,,,,,,,,,,,,,,,,
1,AIRR Data Commons API,API response for repertoire query,1.3,AIRR Community,https://github.com/airr-community,,/home/ubuntu/ireceptor-monitor/performance_scripts/queries/repertoires/pass-field-organism-id.json,1.1626172065734863,2023-02-02 02:33:51.807800,2023-02-01 18:33:51.807800-08:00,scireptor,sciReptor (Germany),,,,pass-field-organism-id.json,,,,,,,,,,,,,,,,,,,,,,
2,AIRR Data Commons API,API response for repertoire query,1.3,AIRR Community,https://github.com/airr-community,,/home/ubuntu/ireceptor-monitor/performance_scripts/queries/repertoires/pass-field-pcr_target_locus.json,1.8680195808410645,2023-02-02 02:33:53.696268,2023-02-01 18:33:53.696268-08:00,scireptor,sciReptor (Germany),,,,pass-field-pcr_target_locus.json,,,,,,,,,,,,,,,,,,,,,,
3,AIRR Data Commons API,API response for repertoire query,1.3,AIRR Community,https://github.com/airr-community,,/home/ubuntu/ireceptor-monitor/performance_scripts/queries/repertoires/pass-field-age-range.json,2.3584704399108887,2023-02-02 02:33:56.102038,2023-02-01 18:33:56.102038-08:00,scireptor,sciReptor (Germany),,,,pass-field-age-range.json,,,,,,,,,,,,,,,,,,,,,,
4,AIRR Data Commons API,API response for repertoire query,1.3,AIRR Community,https://github.com/airr-community,,/home/ubuntu/ireceptor-monitor/performance_scripts/queries/repertoires/pass-query2_repertoire.json,1.1727440357208252,2023-02-02 02:33:57.283491,2023-02-01 18:33:57.283491-08:00,scireptor,sciReptor (Germany),,,,pass-query2_repertoire.json,,,,,,,,,,,,,,,,,,,,,,
0,AIRR Data Commons API,API response for repertoire query,1.3,AIRR Community,https://github.com/airr-community,,/home/ubuntu/ireceptor-monitor/performance_scripts/queries/repertoires/pass-all.json,2.3571419715881348,2023-02-02 06:34:06.475200,2023-02-01 22:34:06.475200-08:00,scireptor,sciReptor (Germany),,,,pass-all.json,,,,,,,,,,,,,,,,,,,,,,
1,AIRR Data Commons API,API response for repertoire query,1.3,AIRR Community,https://github.com/airr-community,,/home/ubuntu/ireceptor-monitor/performance_scripts/queries/repertoires/pass-field-organism-id.json,1.2817375659942627,2023-02-02 06:34:07.780774,2023-02-01 22:34:07.780774-08:00,scireptor,sciReptor (Germany),,,,pass-field-organism-id.json,,,,,,,,,,,,,,,,,,,,,,
2,AIRR Data Commons API,API response for repertoire query,1.3,AIRR Community,https://github.com/airr-community,,/home/ubuntu/ireceptor-monitor/performance_scripts/queries/repertoires/pass-field-pcr_target_locus.json,2.094146728515625,2023-02-02 06:34:09.897083,2023-02-01 22:34:09.897083-08:00,scireptor,sciReptor (Germany),,,,pass-field-pcr_target_locus.json,,,,,,,,,,,,,,,,,,,,,,
3,AIRR Data Commons API,API response for repertoire query,1.3,AIRR Community,https://github.com/airr-community,,/home/ubuntu/ireceptor-monitor/performance_scripts/queries/repertoires/pass-field-age-range.json,2.4233334064483643,2023-02-02 06:34:12.369141,2023-02-01 22:34:12.369141-08:00,scireptor,sciReptor (Germany),,,,pass-field-age-range.json,,,,,,,,,,,,,,,,,,,,,,
4,AIRR Data Commons API,API response for repertoire query,1.3,AIRR Community,https://github.com/airr-community,,/home/ubuntu/ireceptor-monitor/performance_scripts/queries/repertoires/pass-query2_repertoire.json,1.3012471199035645,2023-02-02 06:34:13.678643,2023-02-01 22:34:13.678643-08:00,scireptor,sciReptor (Germany),,,,pass-query2_repertoire.json,,,,,,,,,,,,,,,,,,,,,,
0,AIRR Data Commons API,API response for repertoire query,1.3,AIRR Community,https://github.com/airr-community,,/home/ubuntu/ireceptor-monitor/performance_scripts/queries/repertoires/pass-all.json,4.124902486801148,2023-02-02 10:34:03.969454,2023-02-02 02:34:03.969454-08:00,scireptor,sciReptor (Germany),,,,pass-all.json,,,,,,,,,,,,,,,,,,,,,,
1,AIRR Data Commons API,API response for repertoire query,1.3,AIRR Community,https://github.com/airr-community,,/home/ubuntu/ireceptor-monitor/performance_scripts/queries/repertoires/pass-field-organism-id.json,1.2305798530578609,2023-02-02 10:34:05.225385,2023-02-02 02:34:05.225385-08:00,scireptor,sciReptor (Germany),,,,pass-field-organism-id.json,,,,,,,,,,,,,,,,,,,,,,
2,AIRR Data Commons API,API response for repertoire query,1.3,AIRR Community,https://github.com/airr-community,,/home/ubuntu/ireceptor-monitor/performance_scripts/queries/repertoires/pass-field-pcr_target_locus.json,2.498018503189087,2023-02-02 10:34:07.747773,2023-02-02 02:34:07.747773-08:00,scireptor,sciReptor (Germany),,,,pass-field-pcr_target_locus.json,,,,,,,,,,,,,,,,,,,,,,
3,AIRR Data Commons API,API response for repertoire query,1.3,AIRR Community,https://github.com/airr-community,,/home/ubuntu/ireceptor-monitor/performance_scripts/queries/repertoires/pass-field-age-range.json,3.818444013595581,2023-02-02 10:34:11.615072,2023-02-02 02:34:11.615072-08:00,scireptor,sciReptor (Germany),,,,pass-field-age-range.json,,,,,,,,,,,,,,,,,,,,,,
4,AIRR Data Commons API,API response for repertoire query,1.3,AIRR Community,https://github.com/airr-community,,/home/ubuntu/ireceptor-monitor/performance_scripts/queries/repertoires/pass-query2_repertoire.json,1.2264020442962646,2023-02-02 10:34:12.849148,2023-02-02 02:34:12.849148-08:00,scireptor,sciReptor (Germany),,,,pass-query2_repertoire.json,,,,,,,,,,,,,,,,,,,,,,
0,AIRR Data Commons API,API response for repertoire query,1.3,AIRR Community,https://github.com/airr-community,,/home/ubuntu/ireceptor-monitor/performance_scripts/queries/repertoires/pass-all.json,3.479543447494507,2023-02-02 14:34:02.275257,2023-02-02 06:34:02.275257-08:00,scireptor,sciReptor (Germany),,,,pass-all.json,,,,,,,,,,,,,,,,,,,,,,
1,AIRR Data Commons API,API response for repertoire query,1.3,AIRR Community,https://github.com/airr-community,,/home/ubuntu/ireceptor-monitor/performance_scripts/queries/repertoires/pass-field-organism-id.json,1.2622449398040771,2023-02-02 14:34:03.562982,2023-02-02 06:34:03.562982-08:00,scireptor,sciReptor (Germany),,,,pass-field-organism-id.json,,,,,,,,,,,,,,,,,,,,,,
2,AIRR Data Commons API,API response for repertoire query,1.3,AIRR Community,https://github.com/airr-community,,/home/ubuntu/ireceptor-monitor/performance_scripts/queries/repertoires/pass-field-pcr_target_locus.json,2.1916532516479488,2023-02-02 14:34:05.776156,2023-02-02 06:34:05.776156-08:00,scireptor,sciReptor (Germany),,,,pass-field-pcr_target_locus.json,,,,,,,,,,,,,,,,,,,,,,
3,AIRR Data Commons API,API response for repertoire query,1.3,AIRR Community,https://github.com/airr-community,,/home/ubuntu/ireceptor-monitor/performance_scripts/queries/repertoires/pass-field-age-range.json,3.187496900558472,2023-02-02 14:34:09.013613,2023-02-02 06:34:09.013613-08:00,scireptor,sciReptor (Germany),,,,pass-field-age-range.json,,,,,,,,,,,,,,,,,,,,,,
4,AIRR Data Commons API,API response for repertoire query,1.3,AIRR Community,https://github.com/airr-community,,/home/ubuntu/ireceptor-monitor/performance_scripts/queries/repertoires/pass-query2_repertoire.json,1.0597634315490725,2023-02-02 14:34:10.082147,2023-02-02 06:34:10.082147-08:00,scireptor,sciReptor (Germany),,,,pass-query2_repertoire.json,,,,,,,,,,,,,,,,,,,,,,
0,AIRR Data Commons API,API response for repertoire query,1.3,AIRR Community,https://github.com/airr-community,,/home/ubuntu/ireceptor-monitor/performance_scripts/queries/repertoires/pass-all.json,2.503879308700561,2023-02-02 18:34:12.824234,2023-02-02 10:34:12.824234-08:00,scireptor,sciReptor (Germany),,,,pass-all.json,,,,,,,,,,,,,,,,,,,,,,
1,AIRR Data Commons API,API response for repertoire query,1.3,AIRR Community,https://github.com/airr-community,,/home/ubuntu/ireceptor-monitor/performance_scripts/queries/repertoires/pass-field-organism-id.json,1.1760354042053225,2023-02-02 18:34:14.025525,2023-02-02 10:34:14.025525-08:00,scireptor,sciReptor (Germany),,,,pass-field-organism-id.json,,,,,,,,,,,,,,,,,,,,,,
2,AIRR Data Commons API,API response for repertoire query,1.3,AIRR Community,https://github.com/airr-community,,/home/ubuntu/ireceptor-monitor/performance_scripts/queries/repertoires/pass-field-pcr_target_locus.json,2.2246317863464355,2023-02-02 18:34:16.272579,2023-02-02 10:34:16.272579-08:00,scireptor,sciReptor (Germany),,,,pass-field-pcr_target_locus.json,,,,,,,,,,,,,,,,,,,,,,
3,AIRR Data Commons API,API response for repertoire query,1.3,AIRR Community,https://github.com/airr-community,,/home/ubuntu/ireceptor-monitor/performance_scripts/queries/repertoires/pass-field-age-range.json,2.3150866031646733,2023-02-02 18:34:18.637773,2023-02-02 10:34:18.637773-08:00,scireptor,sciReptor (Germany),,,,pass-field-age-range.json,,,,,,,,,,,,,,,,,,,,,,
4,AIRR Data Commons API,API response for repertoire query,1.3,AIRR Community,https://github.com/airr-community,,/home/ubuntu/ireceptor-monitor/performance_scripts/queries/repertoires/pass-query2_repertoire.json,1.314359188079834,2023-02-02 18:34:19.960655,2023-02-02 10:34:19.960655-08:00,scireptor,sciReptor (Germany),,,,pass-query2_repertoire.json,,,,,,,,,,,,,,,,,,,,,,
0,AIRR Data Commons API,API response for repertoire query,1.3,AIRR Community,https://github.com/airr-community,,/home/ubuntu/ireceptor-monitor/performance_scripts/queries/repertoires/pass-all.json,2.3539745807647705,2023-02-02 22:33:40.495598,2023-02-02 14:33:40.495598-08:00,scireptor,sciReptor (Germany),,,,pass-all.json,,,,,,,,,,,,,,,,,,,,,,
1,AIRR Data Commons API,API response for repertoire query,1.3,AIRR Community,https://github.com/airr-community,,/home/ubuntu/ireceptor-monitor/performance_scripts/queries/repertoires/pass-field-organism-id.json,1.2774949073791504,2023-02-02 22:33:41.798445,2023-02-02 14:33:41.798445-08:00,scireptor,sciReptor (Germany),,,,pass-field-organism-id.json,,,,,,,,,,,,,,,,,,,,,,
2,AIRR Data Commons API,API response for repertoire query,1.3,AIRR Community,https://github.com/airr-community,,/home/ubuntu/ireceptor-monitor/performance_scripts/queries/repertoires/pass-field-pcr_target_locus.json,1.901422500610352,2023-02-02 22:33:43.722162,2023-02-02 14:33:43.722162-08:00,scireptor,sciReptor (Germany),,,,pass-field-pcr_target_locus.json,,,,,,,,,,,,,,,,,,,,,,
3,AIRR Data Commons API,API response for repertoire query,1.3,AIRR Community,https://github.com/airr-community,,/home/ubuntu/ireceptor-monitor/performance_scripts/queries/repertoires/pass-field-age-range.json,2.332438468933105,2023-02-02 22:33:46.102439,2023-02-02 14:33:46.102439-08:00,scireptor,sciReptor (Germany),,,,pass-field-age-range.json,,,,,,,,,,,,,,,,,,,,,,
4,AIRR Data Commons API,API response for repertoire query,1.3,AIRR Community,https://github.com/airr-community,,/home/ubuntu/ireceptor-monitor/performance_scripts/queries/repertoires/pass-query2_repertoire.json,1.1577198505401611,2023-02-02 22:33:47.268088,2023-02-02 14:33:47.268088-08:00,scireptor,sciReptor (Germany),,,,pass-query2_repertoire.json,,,,,,,,,,,,,,,,,,,,,,
0,AIRR Data Commons API,API response for repertoire query,1.3,AIRR Community,https://github.com/airr-community,,/home/ubuntu/ireceptor-monitor/performance_scripts/queries/repertoires/pass-all.json,2.4425911903381348,2023-02-03 02:34:17.278060,2023-02-02 18:34:17.278060-08:00,scireptor,sciReptor (Germany),,,,pass-all.json,,,,,,,,,,,,,,,,,,,,,,
1,AIRR Data Commons API,API response for repertoire query,1.3,AIRR Community,https://github.com/airr-community,,/home/ubuntu/ireceptor-monitor/performance_scripts/queries/repertoires/pass-field-organism-id.json,4.415406227111816,2023-02-03 02:34:21.720014,2023-02-02 18:34:21.720014-08:00,scireptor,sciReptor (Germany),,,,pass-field-organism-id.json,,,,,,,,,,,,,,,,,,,,,,
2,AIRR Data Commons API,API response for repertoire query,1.3,AIRR Community,https://github.com/airr-community,,/home/ubuntu/ireceptor-monitor/performance_scripts/queries/repertoires/pass-field-pcr_target_locus.json,2.149846076965332,2023-02-03 02:34:23.893313,2023-02-02 18:34:23.893313-08:00,scireptor,sciReptor (Germany),,,,pass-field-pcr_target_locus.json,,,,,,,,,,,,,,,,,,,,,,
3,AIRR Data Commons API,API response for repertoire query,1.3,AIRR Community,https://github.com/airr-community,,/home/ubuntu/ireceptor-monitor/performance_scripts/queries/repertoires/pass-field-age-range.json,3.5084333419799805,2023-02-03 02:34:27.450730,2023-02-02 18:34:27.450730-08:00,scireptor,sciReptor (Germany),,,,pass-field-age-range.json,,,,,,,,,,,,,,,,,,,,,,
4,AIRR Data Commons API,API response for repertoire query,1.3,AIRR Community,https://github.com/airr-community,,/home/ubuntu/ireceptor-monitor/performance_scripts/queries/repertoires/pass-query2_repertoire.json,1.2116451263427734,2023-02-03 02:34:28.671500,2023-02-02 18:34:28.671500-08:00,scireptor,sciReptor (Germany),,,,pass-query2_repertoire.json,,,,,,,,,,,,,,,,,,,,,,
0,AIRR Data Commons API,API response for repertoire query,1.3,AIRR Community,https://github.com/airr-community,,/home/ubuntu/ireceptor-monitor/performance_scripts/queries/repertoires/pass-all.json,2.3192918300628658,2023-02-03 06:33:40.424966,2023-02-02 22:33:40.424966-08:00,scireptor,sciReptor (Germany),,,,pass-all.json,,,,,,,,,,,,,,,,,,,,,,
1,AIRR Data Commons API,API response for repertoire query,1.3,AIRR Community,https://github.com/airr-community,,/home/ubuntu/ireceptor-monitor/performance_scripts/queries/repertoires/pass-field-organism-id.json,1.2241318225860596,2023-02-03 06:33:41.673795,2023-02-02 22:33:41.673795-08:00,scireptor,sciReptor (Germany),,,,pass-field-organism-id.json,,,,,,,,,,,,,,,,,,,,,,
2,AIRR Data Commons API,API response for repertoire query,1.3,AIRR Community,https://github.com/airr-community,,/home/ubuntu/ireceptor-monitor/performance_scripts/queries/repertoires/pass-field-pcr_target_locus.json,2.20500111579895,2023-02-03 06:33:43.901177,2023-02-02 22:33:43.901177-08:00,scireptor,sciReptor (Germany),,,,pass-field-pcr_target_locus.json,,,,,,,,,,,,,,,,,,,,,,
3,AIRR Data Commons API,API response for repertoire query,1.3,AIRR Community,https://github.com/airr-community,,/home/ubuntu/ireceptor-monitor/performance_scripts/queries/repertoires/pass-field-age-range.json,2.332012891769409,2023-02-03 06:33:46.282476,2023-02-02 22:33:46.282476-08:00,scireptor,sciReptor (Germany),,,,pass-field-age-range.json,,,,,,,,,,,,,,,,,,,,,,
4,AIRR Data Commons API,API response for repertoire query,1.3,AIRR Community,https://github.com/airr-community,,/home/ubuntu/ireceptor-monitor/performance_scripts/queries/repertoires/pass-query2_repertoire.json,1.155113697052002,2023-02-03 06:33:47.446018,2023-02-02 22:33:47.446018-08:00,scireptor,sciReptor (Germany),,,,pass-query2_repertoire.json,,,,,,,,,,,,,,,,,,,,,,
0,AIRR Data Commons API,API response for repertoire query,1.3,AIRR Community,https://github.com/airr-community,,/home/ubuntu/ireceptor-monitor/performance_scripts/queries/repertoires/pass-all.json,2.2446463108062744,2023-02-03 10:33:59.891025,2023-02-03 02:33:59.891025-08:00,scireptor,sciReptor (Germany),,,,pass-all.json,,,,,,,,,,,,,,,,,,,,,,
1,AIRR Data Commons API,API response for repertoire query,1.3,AIRR Community,https://github.com/airr-community,,/home/ubuntu/ireceptor-monitor/performance_scripts/queries/repertoires/pass-field-organism-id.json,1.1304049491882324,2023-02-03 10:34:01.047674,2023-02-03 02:34:01.047674-08:00,scireptor,sciReptor (Germany),,,,pass-field-organism-id.json,,,,,,,,,,,,,,,,,,,,,,
2,AIRR Data Commons API,API response for repertoire query,1.3,AIRR Community,https://github.com/airr-community,,/home/ubuntu/ireceptor-monitor/performance_scripts/queries/repertoires/pass-field-pcr_target_locus.json,1.9299054145812988,2023-02-03 10:34:02.999540,2023-02-03 02:34:02.999540-08:00,scireptor,sciReptor (Germany),,,,pass-field-pcr_target_locus.json,,,,,,,,,,,,,,,,,,,,,,
3,AIRR Data Commons API,API response for repertoire query,1.3,AIRR Community,https://github.com/airr-community,,/home/ubuntu/ireceptor-monitor/performance_scripts/queries/repertoires/pass-field-age-range.json,2.173438549041748,2023-02-03 10:34:05.219739,2023-02-03 02:34:05.219739-08:00,scireptor,sciReptor (Germany),,,,pass-field-age-range.json,,,,,,,,,,,,,,,,,,,,,,
4,AIRR Data Commons API,API response for repertoire query,1.3,AIRR Community,https://github.com/airr-community,,/home/ubuntu/ireceptor-monitor/performance_scripts/queries/repertoires/pass-query2_repertoire.json,1.2148571014404297,2023-02-03 10:34:06.443530,2023-02-03 02:34:06.443530-08:00,scireptor,sciReptor (Germany),,,,pass-query2_repertoire.json,,,,,,,,,,,,,,,,,,,,,,
0,AIRR Data Commons API,API response for repertoire query,1.3,AIRR Community,https://github.com/airr-community,,/home/ubuntu/ireceptor-monitor/performance_scripts/queries/repertoires/pass-all.json,2.2713143825531006,2023-02-03 14:33:55.543510,2023-02-03 06:33:55.543510-08:00,scireptor,sciReptor (Germany),,,,pass-all.json,,,,,,,,,,,,,,,,,,,,,,
1,AIRR Data Commons API,API response for repertoire query,1.3,AIRR Community,https://github.com/airr-community,,/home/ubuntu/ireceptor-monitor/performance_scripts/queries/repertoires/pass-field-organism-id.json,1.207003116607666,2023-02-03 14:33:56.774397,2023-02-03 06:33:56.774397-08:00,scireptor,sciReptor (Germany),,,,pass-field-organism-id.json,,,,,,,,,,,,,,,,,,,,,,
2,AIRR Data Commons API,API response for repertoire query,1.3,AIRR Community,https://github.com/airr-community,,/home/ubuntu/ireceptor-monitor/performance_scripts/queries/repertoires/pass-field-pcr_target_locus.json,1.803130865097046,2023-02-03 14:33:58.598082,2023-02-03 06:33:58.598082-08:00,scireptor,sciReptor (Germany),,,,pass-field-pcr_target_locus.json,,,,,,,,,,,,,,,,,,,,,,
3,AIRR Data Commons API,API response for repertoire query,1.3,AIRR Community,https://github.com/airr-community,,/home/ubuntu/ireceptor-monitor/performance_scripts/queries/repertoires/pass-field-age-range.json,2.612656354904175,2023-02-03 14:34:01.255430,2023-02-03 06:34:01.255430-08:00,scireptor,sciReptor (Germany),,,,pass-field-age-range.json,,,,,,,,,,,,,,,,,,,,,,
4,AIRR Data Commons API,API response for repertoire query,1.3,AIRR Community,https://github.com/airr-community,,/home/ubuntu/ireceptor-monitor/performance_scripts/queries/repertoires/pass-query2_repertoire.json,1.038835525512695,2023-02-03 14:34:02.302325,2023-02-03 06:34:02.302325-08:00,scireptor,sciReptor (Germany),,,,pass-query2_repertoire.json,,,,,,,,,,,,,,,,,,,,,,
0,AIRR Data Commons API,API response for repertoire query,1.3,AIRR Community,https://github.com/airr-community,,/home/ubuntu/ireceptor-monitor/performance_scripts/queries/repertoires/pass-all.json,2.2575385570526123,2023-02-03 18:33:48.729931,2023-02-03 10:33:48.729931-08:00,scireptor,sciReptor (Germany),,,,pass-all.json,,,,,,,,,,,,,,,,,,,,,,
1,AIRR Data Commons API,API response for repertoire query,1.3,AIRR Community,https://github.com/airr-community,,/home/ubuntu/ireceptor-monitor/performance_scripts/queries/repertoires/pass-field-organism-id.json,1.213561773300171,2023-02-03 18:33:49.966792,2023-02-03 10:33:49.966792-08:00,scireptor,sciReptor (Germany),,,,pass-field-organism-id.json,,,,,,,,,,,,,,,,,,,,,,
2,AIRR Data Commons API,API response for repertoire query,1.3,AIRR Community,https://github.com/airr-community,,/home/ubuntu/ireceptor-monitor/performance_scripts/queries/repertoires/pass-field-pcr_target_locus.json,1.8007650375366209,2023-02-03 18:33:51.788553,2023-02-03 10:33:51.788553-08:00,scireptor,sciReptor (Germany),,,,pass-field-pcr_target_locus.json,,,,,,,,,,,,,,,,,,,,,,
3,AIRR Data Commons API,API response for repertoire query,1.3,AIRR Community,https://github.com/airr-community,,/home/ubuntu/ireceptor-monitor/performance_scripts/queries/repertoires/pass-field-age-range.json,2.2986581325531006,2023-02-03 18:33:54.133675,2023-02-03 10:33:54.133675-08:00,scireptor,sciReptor (Germany),,,,pass-field-age-range.json,,,,,,,,,,,,,,,,,,,,,,
4,AIRR Data Commons API,API response for repertoire query,1.3,AIRR Community,https://github.com/airr-community,,/home/ubuntu/ireceptor-monitor/performance_scripts/queries/repertoires/pass-query2_repertoire.json,1.072903394699097,2023-02-03 18:33:55.214608,2023-02-03 10:33:55.214608-08:00,scireptor,sciReptor (Germany),,,,pass-query2_repertoire.json,,,,,,,,,,,,,,,,,,,,,,
0,AIRR Data Commons API,API response for repertoire query,1.3,AIRR Community,https://github.com/airr-community,,/home/ubuntu/ireceptor-monitor/performance_scripts/queries/repertoires/pass-all.json,2.2861979007720947,2023-02-03 22:34:06.206916,2023-02-03 14:34:06.206916-08:00,scireptor,sciReptor (Germany),,,,pass-all.json,,,,,,,,,,,,,,,,,,,,,,
1,AIRR Data Commons API,API response for repertoire query,1.3,AIRR Community,https://github.com/airr-community,,/home/ubuntu/ireceptor-monitor/performance_scripts/queries/repertoires/pass-field-organism-id.json,1.1775050163269043,2023-02-03 22:34:07.408471,2023-02-03 14:34:07.408471-08:00,scireptor,sciReptor (Germany),,,,pass-field-organism-id.json,,,,,,,,,,,,,,,,,,,,,,
2,AIRR Data Commons API,API response for repertoire query,1.3,AIRR Community,https://github.com/airr-community,,/home/ubuntu/ireceptor-monitor/performance_scripts/queries/repertoires/pass-field-pcr_target_locus.json,2.0315349102020264,2023-02-03 22:34:09.462132,2023-02-03 14:34:09.462132-08:00,scireptor,sciReptor (Germany),,,,pass-field-pcr_target_locus.json,,,,,,,,,,,,,,,,,,,,,,
3,AIRR Data Commons API,API response for repertoire query,1.3,AIRR Community,https://github.com/airr-community,,/home/ubuntu/ireceptor-monitor/performance_scripts/queries/repertoires/pass-field-age-range.json,2.278518915176392,2023-02-03 22:34:11.791087,2023-02-03 14:34:11.791087-08:00,scireptor,sciReptor (Germany),,,,pass-field-age-range.json,,,,,,,,,,,,,,,,,,,,,,
4,AIRR Data Commons API,API response for repertoire query,1.3,AIRR Community,https://github.com/airr-community,,/home/ubuntu/ireceptor-monitor/performance_scripts/queries/repertoires/pass-query2_repertoire.json,1.0853030681610107,2023-02-03 22:34:12.885139,2023-02-03 14:34:12.885139-08:00,scireptor,sciReptor (Germany),,,,pass-query2_repertoire.json,,,,,,,,,,,,,,,,,,,,,,
0,,,,,,,/home/ubuntu/ireceptor-monitor/performance_scripts/queries/repertoires/pass-all.json,1.0947265625,2023-01-06 18:30:23.645355,2023-01-06 10:30:23.645355-08:00,irec,i3 Lab (France),,,,pass-all.json,,,,iReceptor Service,AIRR Data Commons API for iReceptor,3.0,,iReceptor,http://ireceptor.org,support@ireceptor.org,GNU LGPL V3,AIRR Data Commons API,1.2.0,AIRR Community,https://www.antibodysociety.org/the-airr-community/,join@airr-community.org,Major Version 1 of the Adaptive Immune Receptor Repertoire (AIRR) data repository web service application programming interface (API).,AIRR Schema,Schema definitions for AIRR standards objects,1.4.0,AIRR Community,https://github.com/airr-community
1,,,,,,,/home/ubuntu/ireceptor-monitor/performance_scripts/queries/repertoires/pass-field-organism-id.json,0.5965197086334229,2023-01-06 18:30:24.265636,2023-01-06 10:30:24.265636-08:00,irec,i3 Lab (France),,,,pass-field-organism-id.json,,,,iReceptor Service,AIRR Data Commons API for iReceptor,3.0,,iReceptor,http://ireceptor.org,support@ireceptor.org,GNU LGPL V3,AIRR Data Commons API,1.2.0,AIRR Community,https://www.antibodysociety.org/the-airr-community/,join@airr-community.org,Major Version 1 of the Adaptive Immune Receptor Repertoire (AIRR) data repository web service application programming interface (API).,AIRR Schema,Schema definitions for AIRR standards objects,1.4.0,AIRR Community,https://github.com/airr-community
2,,,,,,,/home/ubuntu/ireceptor-monitor/performance_scripts/queries/repertoires/pass-field-pcr_target_locus.json,0.5319311618804932,2023-01-06 18:30:24.805788,2023-01-06 10:30:24.805788-08:00,irec,i3 Lab (France),,,,pass-field-pcr_target_locus.json,,,,iReceptor Service,AIRR Data Commons API for iReceptor,3.0,,iReceptor,http://ireceptor.org,support@ireceptor.org,GNU LGPL V3,AIRR Data Commons API,1.2.0,AIRR Community,https://www.antibodysociety.org/the-airr-community/,join@airr-community.org,Major Version 1 of the Adaptive Immune Receptor Repertoire (AIRR) data repository web service application programming interface (API).,AIRR Schema,Schema definitions for AIRR standards objects,1.4.0,AIRR Community,https://github.com/airr-community
3,,,,,,,/home/ubuntu/ireceptor-monitor/performance_scripts/queries/repertoires/pass-field-age-range.json,0.5499188899993896,2023-01-06 18:30:25.363728,2023-01-06 10:30:25.363728-08:00,irec,i3 Lab (France),,,,pass-field-age-range.json,,,,iReceptor Service,AIRR Data Commons API for iReceptor,3.0,,iReceptor,http://ireceptor.org,support@ireceptor.org,GNU LGPL V3,AIRR Data Commons API,1.2.0,AIRR Community,https://www.antibodysociety.org/the-airr-community/,join@airr-community.org,Major Version 1 of the Adaptive Immune Receptor Repertoire (AIRR) data repository web service application programming interface (API).,AIRR Schema,Schema definitions for AIRR standards objects,1.4.0,AIRR Community,https://github.com/airr-community
4,,,,,,,/home/ubuntu/ireceptor-monitor/performance_scripts/queries/repertoires/pass-query2_repertoire.json,0.5551109313964844,2023-01-06 18:30:25.926866,2023-01-06 10:30:25.926866-08:00,irec,i3 Lab (France),,,,pass-query2_repertoire.json,,,,iReceptor Service,AIRR Data Commons API for iReceptor,3.0,,iReceptor,http://ireceptor.org,support@ireceptor.org,GNU LGPL V3,AIRR Data Commons API,1.2.0,AIRR Community,https://www.antibodysociety.org/the-airr-community/,join@airr-community.org,Major Version 1 of the Adaptive Immune Receptor Repertoire (AIRR) data repository web service application programming interface (API).,AIRR Schema,Schema definitions for AIRR standards objects,1.4.0,AIRR Community,https://github.com/airr-community
0,,,,,,,/home/ubuntu/ireceptor-monitor/performance_scripts/queries/repertoires/pass-all.json,0.9231741428375244,2023-01-06 22:30:23.523320,2023-01-06 14:30:23.523320-08:00,irec,i3 Lab (France),,,,pass-all.json,,,,iReceptor Service,AIRR Data Commons API for iReceptor,3.0,,iReceptor,http://ireceptor.org,support@ireceptor.org,GNU LGPL V3,AIRR Data Commons API,1.2.0,AIRR Community,https://www.antibodysociety.org/the-airr-community/,join@airr-community.org,Major Version 1 of the Adaptive Immune Receptor Repertoire (AIRR) data repository web service application programming interface (API).,AIRR Schema,Schema definitions for AIRR standards objects,1.4.0,AIRR Community,https://github.com/airr-community
1,,,,,,,/home/ubuntu/ireceptor-monitor/performance_scripts/queries/repertoires/pass-field-organism-id.json,0.5133697986602783,2023-01-06 22:30:24.062193,2023-01-06 14:30:24.062193-08:00,irec,i3 Lab (France),,,,pass-field-organism-id.json,,,,iReceptor Service,AIRR Data Commons API for iReceptor,3.0,,iReceptor,http://ireceptor.org,support@ireceptor.org,GNU LGPL V3,AIRR Data Commons API,1.2.0,AIRR Community,https://www.antibodysociety.org/the-airr-community/,join@airr-community.org,Major Version 1 of the Adaptive Immune Receptor Repertoire (AIRR) data repository web service application programming interface (API).,AIRR Schema,Schema definitions for AIRR standards objects,1.4.0,AIRR Community,https://github.com/airr-community
2,,,,,,,/home/ubuntu/ireceptor-monitor/performance_scripts/queries/repertoires/pass-field-pcr_target_locus.json,0.5252923965454102,2023-01-06 22:30:24.596299,2023-01-06 14:30:24.596299-08:00,irec,i3 Lab (France),,,,pass-field-pcr_target_locus.json,,,,iReceptor Service,AIRR Data Commons API for iReceptor,3.0,,iReceptor,http://ireceptor.org,support@ireceptor.org,GNU LGPL V3,AIRR Data Commons API,1.2.0,AIRR Community,https://www.antibodysociety.org/the-airr-community/,join@airr-community.org,Major Version 1 of the Adaptive Immune Receptor Repertoire (AIRR) data repository web service application programming interface (API).,AIRR Schema,Schema definitions for AIRR standards objects,1.4.0,AIRR Community,https://github.com/airr-community
3,,,,,,,/home/ubuntu/ireceptor-monitor/performance_scripts/queries/repertoires/pass-field-age-range.json,0.6394574642181396,2023-01-06 22:30:25.245437,2023-01-06 14:30:25.245437-08:00,irec,i3 Lab (France),,,,pass-field-age-range.json,,,,iReceptor Service,AIRR Data Commons API for iReceptor,3.0,,iReceptor,http://ireceptor.org,support@ireceptor.org,GNU LGPL V3,AIRR Data Commons API,1.2.0,AIRR Community,https://www.antibodysociety.org/the-airr-community/,join@airr-community.org,Major Version 1 of the Adaptive Immune Receptor Repertoire (AIRR) data repository web service application programming interface (API).,AIRR Schema,Schema definitions for AIRR standards objects,1.4.0,AIRR Community,https://github.com/airr-community
4,,,,,,,/home/ubuntu/ireceptor-monitor/performance_scripts/queries/repertoires/pass-query2_repertoire.json,0.5191521644592285,2023-01-06 22:30:25.773633,2023-01-06 14:30:25.773633-08:00,irec,i3 Lab (France),,,,pass-query2_repertoire.json,,,,iReceptor Service,AIRR Data Commons API for iReceptor,3.0,,iReceptor,http://ireceptor.org,support@ireceptor.org,GNU LGPL V3,AIRR Data Commons API,1.2.0,AIRR Community,https://www.antibodysociety.org/the-airr-community/,join@airr-community.org,Major Version 1 of the Adaptive Immune Receptor Repertoire (AIRR) data repository web service application programming interface (API).,AIRR Schema,Schema definitions for AIRR standards objects,1.4.0,AIRR Community,https://github.com/airr-community
0,,,,,,,/home/ubuntu/ireceptor-monitor/performance_scripts/queries/repertoires/pass-all.json,1.0660459995269775,2023-01-07 02:30:22.860502,2023-01-06 18:30:22.860502-08:00,irec,i3 Lab (France),,,,pass-all.json,,,,iReceptor Service,AIRR Data Commons API for iReceptor,3.0,,iReceptor,http://ireceptor.org,support@ireceptor.org,GNU LGPL V3,AIRR Data Commons API,1.2.0,AIRR Community,https://www.antibodysociety.org/the-airr-community/,join@airr-community.org,Major Version 1 of the Adaptive Immune Receptor Repertoire (AIRR) data repository web service application programming interface (API).,AIRR Schema,Schema definitions for AIRR standards objects,1.4.0,AIRR Community,https://github.com/airr-community
1,,,,,,,/home/ubuntu/ireceptor-monitor/performance_scripts/queries/repertoires/pass-field-organism-id.json,0.5065059661865234,2023-01-07 02:30:23.396219,2023-01-06 18:30:23.396219-08:00,irec,i3 Lab (France),,,,pass-field-organism-id.json,,,,iReceptor Service,AIRR Data Commons API for iReceptor,3.0,,iReceptor,http://ireceptor.org,support@ireceptor.org,GNU LGPL V3,AIRR Data Commons API,1.2.0,AIRR Community,https://www.antibodysociety.org/the-airr-community/,join@airr-community.org,Major Version 1 of the Adaptive Immune Receptor Repertoire (AIRR) data repository web service application programming interface (API).,AIRR Schema,Schema definitions for AIRR standards objects,1.4.0,AIRR Community,https://github.com/airr-community
2,,,,,,,/home/ubuntu/ireceptor-monitor/performance_scripts/queries/repertoires/pass-field-pcr_target_locus.json,0.6702778339385986,2023-01-07 02:30:24.076114,2023-01-06 18:30:24.076114-08:00,irec,i3 Lab (France),,,,pass-field-pcr_target_locus.json,,,,iReceptor Service,AIRR Data Commons API for iReceptor,3.0,,iReceptor,http://ireceptor.org,support@ireceptor.org,GNU LGPL V3,AIRR Data Commons API,1.2.0,AIRR Community,https://www.antibodysociety.org/the-airr-community/,join@airr-community.org,Major Version 1 of the Adaptive Immune Receptor Repertoire (AIRR) data repository web service application programming interface (API).,AIRR Schema,Schema definitions for AIRR standards objects,1.4.0,AIRR Community,https://github.com/airr-community
3,,,,,,,/home/ubuntu/ireceptor-monitor/performance_scripts/queries/repertoires/pass-field-age-range.json,0.6513197422027588,2023-01-07 02:30:24.736731,2023-01-06 18:30:24.736731-08:00,irec,i3 Lab (France),,,,pass-field-age-range.json,,,,iReceptor Service,AIRR Data Commons API for iReceptor,3.0,,iReceptor,http://ireceptor.org,support@ireceptor.org,GNU LGPL V3,AIRR Data Commons API,1.2.0,AIRR Community,https://www.antibodysociety.org/the-airr-community/,join@airr-community.org,Major Version 1 of the Adaptive Immune Receptor Repertoire (AIRR) data repository web service application programming interface (API).,AIRR Schema,Schema definitions for AIRR standards objects,1.4.0,AIRR Community,https://github.com/airr-community
4,,,,,,,/home/ubuntu/ireceptor-monitor/performance_scripts/queries/repertoires/pass-query2_repertoire.json,0.5118949413299559,2023-01-07 02:30:25.256908,2023-01-06 18:30:25.256908-08:00,irec,i3 Lab (France),,,,pass-query2_repertoire.json,,,,iReceptor Service,AIRR Data Commons API for iReceptor,3.0,,iReceptor,http://ireceptor.org,support@ireceptor.org,GNU LGPL V3,AIRR Data Commons API,1.2.0,AIRR Community,https://www.antibodysociety.org/the-airr-community/,join@airr-community.org,Major Version 1 of the Adaptive Immune Receptor Repertoire (AIRR) data repository web service application programming interface (API).,AIRR Schema,Schema definitions for AIRR standards objects,1.4.0,AIRR Community,https://github.com/airr-community
0,,,,,,,/home/ubuntu/ireceptor-monitor/performance_scripts/queries/repertoires/pass-all.json,0.9282457828521729,2023-01-07 06:30:20.751760,2023-01-06 22:30:20.751760-08:00,irec,i3 Lab (France),,,,pass-all.json,,,,iReceptor Service,AIRR Data Commons API for iReceptor,3.0,,iReceptor,http://ireceptor.org,support@ireceptor.org,GNU LGPL V3,AIRR Data Commons API,1.2.0,AIRR Community,https://www.antibodysociety.org/the-airr-community/,join@airr-community.org,Major Version 1 of the Adaptive Immune Receptor Repertoire (AIRR) data repository web service application programming interface (API).,AIRR Schema,Schema definitions for AIRR standards objects,1.4.0,AIRR Community,https://github.com/airr-community
1,,,,,,,/home/ubuntu/ireceptor-monitor/performance_scripts/queries/repertoires/pass-field-organism-id.json,0.5049896240234375,2023-01-07 06:30:21.283485,2023-01-06 22:30:21.283485-08:00,irec,i3 Lab (France),,,,pass-field-organism-id.json,,,,iReceptor Service,AIRR Data Commons API for iReceptor,3.0,,iReceptor,http://ireceptor.org,support@ireceptor.org,GNU LGPL V3,AIRR Data Commons API,1.2.0,AIRR Community,https://www.antibodysociety.org/the-airr-community/,join@airr-community.org,Major Version 1 of the Adaptive Immune Receptor Repertoire (AIRR) data repository web service application programming interface (API).,AIRR Schema,Schema definitions for AIRR standards objects,1.4.0,AIRR Community,https://github.com/airr-community
2,,,,,,,/home/ubuntu/ireceptor-monitor/performance_scripts/queries/repertoires/pass-field-pcr_target_locus.json,0.5028297901153564,2023-01-07 06:30:21.795574,2023-01-06 22:30:21.795574-08:00,irec,i3 Lab (France),,,,pass-field-pcr_target_locus.json,,,,iReceptor Service,AIRR Data Commons API for iReceptor,3.0,,iReceptor,http://ireceptor.org,support@ireceptor.org,GNU LGPL V3,AIRR Data Commons API,1.2.0,AIRR Community,https://www.antibodysociety.org/the-airr-community/,join@airr-community.org,Major Version 1 of the Adaptive Immune Receptor Repertoire (AIRR) data repository web service application programming interface (API).,AIRR Schema,Schema definitions for AIRR standards objects,1.4.0,AIRR Community,https://github.com/airr-community
3,,,,,,,/home/ubuntu/ireceptor-monitor/performance_scripts/queries/repertoires/pass-field-age-range.json,0.5687966346740723,2023-01-07 06:30:22.373026,2023-01-06 22:30:22.373026-08:00,irec,i3 Lab (France),,,,pass-field-age-range.json,,,,iReceptor Service,AIRR Data Commons API for iReceptor,3.0,,iReceptor,http://ireceptor.org,support@ireceptor.org,GNU LGPL V3,AIRR Data Commons API,1.2.0,AIRR Community,https://www.antibodysociety.org/the-airr-community/,join@airr-community.org,Major Version 1 of the Adaptive Immune Receptor Repertoire (AIRR) data repository web service application programming interface (API).,AIRR Schema,Schema definitions for AIRR standards objects,1.4.0,AIRR Community,https://github.com/airr-community
4,,,,,,,/home/ubuntu/ireceptor-monitor/performance_scripts/queries/repertoires/pass-query2_repertoire.json,0.5140101909637451,2023-01-07 06:30:22.895789,2023-01-06 22:30:22.895789-08:00,irec,i3 Lab (France),,,,pass-query2_repertoire.json,,,,iReceptor Service,AIRR Data Commons API for iReceptor,3.0,,iReceptor,http://ireceptor.org,support@ireceptor.org,GNU LGPL V3,AIRR Data Commons API,1.2.0,AIRR Community,https://www.antibodysociety.org/the-airr-community/,join@airr-community.org,Major Version 1 of the Adaptive Immune Receptor Repertoire (AIRR) data repository web service application programming interface (API).,AIRR Schema,Schema definitions for AIRR standards objects,1.4.0,AIRR Community,https://github.com/airr-community
0,,,,,,,/home/ubuntu/ireceptor-monitor/performance_scripts/queries/repertoires/pass-all.json,0.9300472736358644,2023-01-07 10:30:22.396045,2023-01-07 02:30:22.396045-08:00,irec,i3 Lab (France),,,,pass-all.json,,,,iReceptor Service,AIRR Data Commons API for iReceptor,3.0,,iReceptor,http://ireceptor.org,support@ireceptor.org,GNU LGPL V3,AIRR Data Commons API,1.2.0,AIRR Community,https://www.antibodysociety.org/the-airr-community/,join@airr-community.org,Major Version 1 of the Adaptive Immune Receptor Repertoire (AIRR) data repository web service application programming interface (API).,AIRR Schema,Schema definitions for AIRR standards objects,1.4.0,AIRR Community,https://github.com/airr-community
1,,,,,,,/home/ubuntu/ireceptor-monitor/performance_scripts/queries/repertoires/pass-field-organism-id.json,0.5267703533172607,2023-01-07 10:30:22.946515,2023-01-07 02:30:22.946515-08:00,irec,i3 Lab (France),,,,pass-field-organism-id.json,,,,iReceptor Service,AIRR Data Commons API for iReceptor,3.0,,iReceptor,http://ireceptor.org,support@ireceptor.org,GNU LGPL V3,AIRR Data Commons API,1.2.0,AIRR Community,https://www.antibodysociety.org/the-airr-community/,join@airr-community.org,Major Version 1 of the Adaptive Immune Receptor Repertoire (AIRR) data repository web service application programming interface (API).,AIRR Schema,Schema definitions for AIRR standards objects,1.4.0,AIRR Community,https://github.com/airr-community
2,,,,,,,/home/ubuntu/ireceptor-monitor/performance_scripts/queries/repertoires/pass-field-pcr_target_locus.json,0.5425143241882324,2023-01-07 10:30:23.498255,2023-01-07 02:30:23.498255-08:00,irec,i3 Lab (France),,,,pass-field-pcr_target_locus.json,,,,iReceptor Service,AIRR Data Commons API for iReceptor,3.0,,iReceptor,http://ireceptor.org,support@ireceptor.org,GNU LGPL V3,AIRR Data Commons API,1.2.0,AIRR Community,https://www.antibodysociety.org/the-airr-community/,join@airr-community.org,Major Version 1 of the Adaptive Immune Receptor Repertoire (AIRR) data repository web service application programming interface (API).,AIRR Schema,Schema definitions for AIRR standards objects,1.4.0,AIRR Community,https://github.com/airr-community
3,,,,,,,/home/ubuntu/ireceptor-monitor/performance_scripts/queries/repertoires/pass-field-age-range.json,0.5075604915618896,2023-01-07 10:30:24.014889,2023-01-07 02:30:24.014889-08:00,irec,i3 Lab (France),,,,pass-field-age-range.json,,,,iReceptor Service,AIRR Data Commons API for iReceptor,3.0,,iReceptor,http://ireceptor.org,support@ireceptor.org,GNU LGPL V3,AIRR Data Commons API,1.2.0,AIRR Community,https://www.antibodysociety.org/the-airr-community/,join@airr-community.org,Major Version 1 of the Adaptive Immune Receptor Repertoire (AIRR) data repository web service application programming interface (API).,AIRR Schema,Schema definitions for AIRR standards objects,1.4.0,AIRR Community,https://github.com/airr-community
4,,,,,,,/home/ubuntu/ireceptor-monitor/performance_scripts/queries/repertoires/pass-query2_repertoire.json,0.5164799690246582,2023-01-07 10:30:24.540452,2023-01-07 02:30:24.540452-08:00,irec,i3 Lab (France),,,,pass-query2_repertoire.json,,,,iReceptor Service,AIRR Data Commons API for iReceptor,3.0,,iReceptor,http://ireceptor.org,support@ireceptor.org,GNU LGPL V3,AIRR Data Commons API,1.2.0,AIRR Community,https://www.antibodysociety.org/the-airr-community/,join@airr-community.org,Major Version 1 of the Adaptive Immune Receptor Repertoire (AIRR) data repository web service application programming interface (API).,AIRR Schema,Schema definitions for AIRR standards objects,1.4.0,AIRR Community,https://github.com/airr-community
0,,,,,,,/home/ubuntu/ireceptor-monitor/performance_scripts/queries/repertoires/pass-all.json,0.9300410747528076,2023-01-07 14:30:20.708881,2023-01-07 06:30:20.708881-08:00,irec,i3 Lab (France),,,,pass-all.json,,,,iReceptor Service,AIRR Data Commons API for iReceptor,3.0,,iReceptor,http://ireceptor.org,support@ireceptor.org,GNU LGPL V3,AIRR Data Commons API,1.2.0,AIRR Community,https://www.antibodysociety.org/the-airr-community/,join@airr-community.org,Major Version 1 of the Adaptive Immune Receptor Repertoire (AIRR) data repository web service application programming interface (API).,AIRR Schema,Schema definitions for AIRR standards objects,1.4.0,AIRR Community,https://github.com/airr-community
1,,,,,,,/home/ubuntu/ireceptor-monitor/performance_scripts/queries/repertoires/pass-field-organism-id.json,0.5149123668670654,2023-01-07 14:30:21.249942,2023-01-07 06:30:21.249942-08:00,irec,i3 Lab (France),,,,pass-field-organism-id.json,,,,iReceptor Service,AIRR Data Commons API for iReceptor,3.0,,iReceptor,http://ireceptor.org,support@ireceptor.org,GNU LGPL V3,AIRR Data Commons API,1.2.0,AIRR Community,https://www.antibodysociety.org/the-airr-community/,join@airr-community.org,Major Version 1 of the Adaptive Immune Receptor Repertoire (AIRR) data repository web service application programming interface (API).,AIRR Schema,Schema definitions for AIRR standards objects,1.4.0,AIRR Community,https://github.com/airr-community
2,,,,,,,/home/ubuntu/ireceptor-monitor/performance_scripts/queries/repertoires/pass-field-pcr_target_locus.json,0.5055496692657471,2023-01-07 14:30:21.763320,2023-01-07 06:30:21.763320-08:00,irec,i3 Lab (France),,,,pass-field-pcr_target_locus.json,,,,iReceptor Service,AIRR Data Commons API for iReceptor,3.0,,iReceptor,http://ireceptor.org,support@ireceptor.org,GNU LGPL V3,AIRR Data Commons API,1.2.0,AIRR Community,https://www.antibodysociety.org/the-airr-community/,join@airr-community.org,Major Version 1 of the Adaptive Immune Receptor Repertoire (AIRR) data repository web service application programming interface (API).,AIRR Schema,Schema definitions for AIRR standards objects,1.4.0,AIRR Community,https://github.com/airr-community
3,,,,,,,/home/ubuntu/ireceptor-monitor/performance_scripts/queries/repertoires/pass-field-age-range.json,0.5090610980987549,2023-01-07 14:30:22.280126,2023-01-07 06:30:22.280126-08:00,irec,i3 Lab (France),,,,pass-field-age-range.json,,,,iReceptor Service,AIRR Data Commons API for iReceptor,3.0,,iReceptor,http://ireceptor.org,support@ireceptor.org,GNU LGPL V3,AIRR Data Commons API,1.2.0,AIRR Community,https://www.antibodysociety.org/the-airr-community/,join@airr-community.org,Major Version 1 of the Adaptive Immune Receptor Repertoire (AIRR) data repository web service application programming interface (API).,AIRR Schema,Schema definitions for AIRR standards objects,1.4.0,AIRR Community,https://github.com/airr-community
4,,,,,,,/home/ubuntu/ireceptor-monitor/performance_scripts/queries/repertoires/pass-query2_repertoire.json,0.5019221305847168,2023-01-07 14:30:22.790834,2023-01-07 06:30:22.790834-08:00,irec,i3 Lab (France),,,,pass-query2_repertoire.json,,,,iReceptor Service,AIRR Data Commons API for iReceptor,3.0,,iReceptor,http://ireceptor.org,support@ireceptor.org,GNU LGPL V3,AIRR Data Commons API,1.2.0,AIRR Community,https://www.antibodysociety.org/the-airr-community/,join@airr-community.org,Major Version 1 of the Adaptive Immune Receptor Repertoire (AIRR) data repository web service application programming interface (API).,AIRR Schema,Schema definitions for AIRR standards objects,1.4.0,AIRR Community,https://github.com/airr-community
0,,,,,,,/home/ubuntu/ireceptor-monitor/performance_scripts/queries/repertoires/pass-all.json,0.9315209388732908,2023-01-07 18:30:22.225874,2023-01-07 10:30:22.225874-08:00,irec,i3 Lab (France),,,,pass-all.json,,,,iReceptor Service,AIRR Data Commons API for iReceptor,3.0,,iReceptor,http://ireceptor.org,support@ireceptor.org,GNU LGPL V3,AIRR Data Commons API,1.2.0,AIRR Community,https://www.antibodysociety.org/the-airr-community/,join@airr-community.org,Major Version 1 of the Adaptive Immune Receptor Repertoire (AIRR) data repository web service application programming interface (API).,AIRR Schema,Schema definitions for AIRR standards objects,1.4.0,AIRR Community,https://github.com/airr-community
1,,,,,,,/home/ubuntu/ireceptor-monitor/performance_scripts/queries/repertoires/pass-field-organism-id.json,0.5264410972595215,2023-01-07 18:30:22.779794,2023-01-07 10:30:22.779794-08:00,irec,i3 Lab (France),,,,pass-field-organism-id.json,,,,iReceptor Service,AIRR Data Commons API for iReceptor,3.0,,iReceptor,http://ireceptor.org,support@ireceptor.org,GNU LGPL V3,AIRR Data Commons API,1.2.0,AIRR Community,https://www.antibodysociety.org/the-airr-community/,join@airr-community.org,Major Version 1 of the Adaptive Immune Receptor Repertoire (AIRR) data repository web service application programming interface (API).,AIRR Schema,Schema definitions for AIRR standards objects,1.4.0,AIRR Community,https://github.com/airr-community
2,,,,,,,/home/ubuntu/ireceptor-monitor/performance_scripts/queries/repertoires/pass-field-pcr_target_locus.json,0.5164179801940918,2023-01-07 18:30:23.303876,2023-01-07 10:30:23.303876-08:00,irec,i3 Lab (France),,,,pass-field-pcr_target_locus.json,,,,iReceptor Service,AIRR Data Commons API for iReceptor,3.0,,iReceptor,http://ireceptor.org,support@ireceptor.org,GNU LGPL V3,AIRR Data Commons API,1.2.0,AIRR Community,https://www.antibodysociety.org/the-airr-community/,join@airr-community.org,Major Version 1 of the Adaptive Immune Receptor Repertoire (AIRR) data repository web service application programming interface (API).,AIRR Schema,Schema definitions for AIRR standards objects,1.4.0,AIRR Community,https://github.com/airr-community
3,,,,,,,/home/ubuntu/ireceptor-monitor/performance_scripts/queries/repertoires/pass-field-age-range.json,0.6493098735809326,2023-01-07 18:30:23.960896,2023-01-07 10:30:23.960896-08:00,irec,i3 Lab (France),,,,pass-field-age-range.json,,,,iReceptor Service,AIRR Data Commons API for iReceptor,3.0,,iReceptor,http://ireceptor.org,support@ireceptor.org,GNU LGPL V3,AIRR Data Commons API,1.2.0,AIRR Community,https://www.antibodysociety.org/the-airr-community/,join@airr-community.org,Major Version 1 of the Adaptive Immune Receptor Repertoire (AIRR) data repository web service application programming interface (API).,AIRR Schema,Schema definitions for AIRR standards objects,1.4.0,AIRR Community,https://github.com/airr-community
4,,,,,,,/home/ubuntu/ireceptor-monitor/performance_scripts/queries/repertoires/pass-query2_repertoire.json,0.5500688552856445,2023-01-07 18:30:24.518452,2023-01-07 10:30:24.518452-08:00,irec,i3 Lab (France),,,,pass-query2_repertoire.json,,,,iReceptor Service,AIRR Data Commons API for iReceptor,3.0,,iReceptor,http://ireceptor.org,support@ireceptor.org,GNU LGPL V3,AIRR Data Commons API,1.2.0,AIRR Community,https://www.antibodysociety.org/the-airr-community/,join@airr-community.org,Major Version 1 of the Adaptive Immune Receptor Repertoire (AIRR) data repository web service application programming interface (API).,AIRR Schema,Schema definitions for AIRR standards objects,1.4.0,AIRR Community,https://github.com/airr-community
0,,,,,,,/home/ubuntu/ireceptor-monitor/performance_scripts/queries/repertoires/pass-all.json,0.9201264381408693,2023-01-07 22:30:24.774847,2023-01-07 14:30:24.774847-08:00,irec,i3 Lab (France),,,,pass-all.json,,,,iReceptor Service,AIRR Data Commons API for iReceptor,3.0,,iReceptor,http://ireceptor.org,support@ireceptor.org,GNU LGPL V3,AIRR Data Commons API,1.2.0,AIRR Community,https://www.antibodysociety.org/the-airr-community/,join@airr-community.org,Major Version 1 of the Adaptive Immune Receptor Repertoire (AIRR) data repository web service application programming interface (API).,AIRR Schema,Schema definitions for AIRR standards objects,1.4.0,AIRR Community,https://github.com/airr-community
1,,,,,,,/home/ubuntu/ireceptor-monitor/performance_scripts/queries/repertoires/pass-field-organism-id.json,0.5104277133941649,2023-01-07 22:30:25.308596,2023-01-07 14:30:25.308596-08:00,irec,i3 Lab (France),,,,pass-field-organism-id.json,,,,iReceptor Service,AIRR Data Commons API for iReceptor,3.0,,iReceptor,http://ireceptor.org,support@ireceptor.org,GNU LGPL V3,AIRR Data Commons API,1.2.0,AIRR Community,https://www.antibodysociety.org/the-airr-community/,join@airr-community.org,Major Version 1 of the Adaptive Immune Receptor Repertoire (AIRR) data repository web service application programming interface (API).,AIRR Schema,Schema definitions for AIRR standards objects,1.4.0,AIRR Community,https://github.com/airr-community
2,,,,,,,/home/ubuntu/ireceptor-monitor/performance_scripts/queries/repertoires/pass-field-pcr_target_locus.json,0.5968644618988037,2023-01-07 22:30:25.914417,2023-01-07 14:30:25.914417-08:00,irec,i3 Lab (France),,,,pass-field-pcr_target_locus.json,,,,iReceptor Service,AIRR Data Commons API for iReceptor,3.0,,iReceptor,http://ireceptor.org,support@ireceptor.org,GNU LGPL V3,AIRR Data Commons API,1.2.0,AIRR Community,https://www.antibodysociety.org/the-airr-community/,join@airr-community.org,Major Version 1 of the Adaptive Immune Receptor Repertoire (AIRR) data repository web service application programming interface (API).,AIRR Schema,Schema definitions for AIRR standards objects,1.4.0,AIRR Community,https://github.com/airr-community
3,,,,,,,/home/ubuntu/ireceptor-monitor/performance_scripts/queries/repertoires/pass-field-age-range.json,0.6594176292419434,2023-01-07 22:30:26.586982,2023-01-07 14:30:26.586982-08:00,irec,i3 Lab (France),,,,pass-field-age-range.json,,,,iReceptor Service,AIRR Data Commons API for iReceptor,3.0,,iReceptor,http://ireceptor.org,support@ireceptor.org,GNU LGPL V3,AIRR Data Commons API,1.2.0,AIRR Community,https://www.antibodysociety.org/the-airr-community/,join@airr-community.org,Major Version 1 of the Adaptive Immune Receptor Repertoire (AIRR) data repository web service application programming interface (API).,AIRR Schema,Schema definitions for AIRR standards objects,1.4.0,AIRR Community,https://github.com/airr-community
4,,,,,,,/home/ubuntu/ireceptor-monitor/performance_scripts/queries/repertoires/pass-query2_repertoire.json,0.507382869720459,2023-01-07 22:30:27.104894,2023-01-07 14:30:27.104894-08:00,irec,i3 Lab (France),,,,pass-query2_repertoire.json,,,,iReceptor Service,AIRR Data Commons API for iReceptor,3.0,,iReceptor,http://ireceptor.org,support@ireceptor.org,GNU LGPL V3,AIRR Data Commons API,1.2.0,AIRR Community,https://www.antibodysociety.org/the-airr-community/,join@airr-community.org,Major Version 1 of the Adaptive Immune Receptor Repertoire (AIRR) data repository web service application programming interface (API).,AIRR Schema,Schema definitions for AIRR standards objects,1.4.0,AIRR Community,https://github.com/airr-community
0,,,,,,,/home/ubuntu/ireceptor-monitor/performance_scripts/queries/repertoires/pass-all.json,0.9204404354095459,2023-01-08 02:30:22.276187,2023-01-07 18:30:22.276187-08:00,irec,i3 Lab (France),,,,pass-all.json,,,,iReceptor Service,AIRR Data Commons API for iReceptor,3.0,,iReceptor,http://ireceptor.org,support@ireceptor.org,GNU LGPL V3,AIRR Data Commons API,1.2.0,AIRR Community,https://www.antibodysociety.org/the-airr-community/,join@airr-community.org,Major Version 1 of the Adaptive Immune Receptor Repertoire (AIRR) data repository web service application programming interface (API).,AIRR Schema,Schema definitions for AIRR standards objects,1.4.0,AIRR Community,https://github.com/airr-community
1,,,,,,,/home/ubuntu/ireceptor-monitor/performance_scripts/queries/repertoires/pass-field-organism-id.json,0.5051043033599854,2023-01-08 02:30:22.808536,2023-01-07 18:30:22.808536-08:00,irec,i3 Lab (France),,,,pass-field-organism-id.json,,,,iReceptor Service,AIRR Data Commons API for iReceptor,3.0,,iReceptor,http://ireceptor.org,support@ireceptor.org,GNU LGPL V3,AIRR Data Commons API,1.2.0,AIRR Community,https://www.antibodysociety.org/the-airr-community/,join@airr-community.org,Major Version 1 of the Adaptive Immune Receptor Repertoire (AIRR) data repository web service application programming interface (API).,AIRR Schema,Schema definitions for AIRR standards objects,1.4.0,AIRR Community,https://github.com/airr-community
2,,,,,,,/home/ubuntu/ireceptor-monitor/performance_scripts/queries/repertoires/pass-field-pcr_target_locus.json,0.5537314414978027,2023-01-08 02:30:23.371565,2023-01-07 18:30:23.371565-08:00,irec,i3 Lab (France),,,,pass-field-pcr_target_locus.json,,,,iReceptor Service,AIRR Data Commons API for iReceptor,3.0,,iReceptor,http://ireceptor.org,support@ireceptor.org,GNU LGPL V3,AIRR Data Commons API,1.2.0,AIRR Community,https://www.antibodysociety.org/the-airr-community/,join@airr-community.org,Major Version 1 of the Adaptive Immune Receptor Repertoire (AIRR) data repository web service application programming interface (API).,AIRR Schema,Schema definitions for AIRR standards objects,1.4.0,AIRR Community,https://github.com/airr-community
3,,,,,,,/home/ubuntu/ireceptor-monitor/performance_scripts/queries/repertoires/pass-field-age-range.json,0.5090312957763672,2023-01-08 02:30:23.889960,2023-01-07 18:30:23.889960-08:00,irec,i3 Lab (France),,,,pass-field-age-range.json,,,,iReceptor Service,AIRR Data Commons API for iReceptor,3.0,,iReceptor,http://ireceptor.org,support@ireceptor.org,GNU LGPL V3,AIRR Data Commons API,1.2.0,AIRR Community,https://www.antibodysociety.org/the-airr-community/,join@airr-community.org,Major Version 1 of the Adaptive Immune Receptor Repertoire (AIRR) data repository web service application programming interface (API).,AIRR Schema,Schema definitions for AIRR standards objects,1.4.0,AIRR Community,https://github.com/airr-community
4,,,,,,,/home/ubuntu/ireceptor-monitor/performance_scripts/queries/repertoires/pass-query2_repertoire.json,0.513885498046875,2023-01-08 02:30:24.413443,2023-01-07 18:30:24.413443-08:00,irec,i3 Lab (France),,,,pass-query2_repertoire.json,,,,iReceptor Service,AIRR Data Commons API for iReceptor,3.0,,iReceptor,http://ireceptor.org,support@ireceptor.org,GNU LGPL V3,AIRR Data Commons API,1.2.0,AIRR Community,https://www.antibodysociety.org/the-airr-community/,join@airr-community.org,Major Version 1 of the Adaptive Immune Receptor Repertoire (AIRR) data repository web service application programming interface (API).,AIRR Schema,Schema definitions for AIRR standards objects,1.4.0,AIRR Community,https://github.com/airr-community
0,,,,,,,/home/ubuntu/ireceptor-monitor/performance_scripts/queries/repertoires/pass-all.json,0.9261906147003174,2023-01-08 06:30:21.359035,2023-01-07 22:30:21.359035-08:00,irec,i3 Lab (France),,,,pass-all.json,,,,iReceptor Service,AIRR Data Commons API for iReceptor,3.0,,iReceptor,http://ireceptor.org,support@ireceptor.org,GNU LGPL V3,AIRR Data Commons API,1.2.0,AIRR Community,https://www.antibodysociety.org/the-airr-community/,join@airr-community.org,Major Version 1 of the Adaptive Immune Receptor Repertoire (AIRR) data repository web service application programming interface (API).,AIRR Schema,Schema definitions for AIRR standards objects,1.4.0,AIRR Community,https://github.com/airr-community
1,,,,,,,/home/ubuntu/ireceptor-monitor/performance_scripts/queries/repertoires/pass-field-organism-id.json,0.508023738861084,2023-01-08 06:30:21.896115,2023-01-07 22:30:21.896115-08:00,irec,i3 Lab (France),,,,pass-field-organism-id.json,,,,iReceptor Service,AIRR Data Commons API for iReceptor,3.0,,iReceptor,http://ireceptor.org,support@ireceptor.org,GNU LGPL V3,AIRR Data Commons API,1.2.0,AIRR Community,https://www.antibodysociety.org/the-airr-community/,join@airr-community.org,Major Version 1 of the Adaptive Immune Receptor Repertoire (AIRR) data repository web service application programming interface (API).,AIRR Schema,Schema definitions for AIRR standards objects,1.4.0,AIRR Community,https://github.com/airr-community
2,,,,,,,/home/ubuntu/ireceptor-monitor/performance_scripts/queries/repertoires/pass-field-pcr_target_locus.json,0.5769836902618408,2023-01-08 06:30:22.483004,2023-01-07 22:30:22.483004-08:00,irec,i3 Lab (France),,,,pass-field-pcr_target_locus.json,,,,iReceptor Service,AIRR Data Commons API for iReceptor,3.0,,iReceptor,http://ireceptor.org,support@ireceptor.org,GNU LGPL V3,AIRR Data Commons API,1.2.0,AIRR Community,https://www.antibodysociety.org/the-airr-community/,join@airr-community.org,Major Version 1 of the Adaptive Immune Receptor Repertoire (AIRR) data repository web service application programming interface (API).,AIRR Schema,Schema definitions for AIRR standards objects,1.4.0,AIRR Community,https://github.com/airr-community
3,,,,,,,/home/ubuntu/ireceptor-monitor/performance_scripts/queries/repertoires/pass-field-age-range.json,0.5053393840789795,2023-01-08 06:30:22.997865,2023-01-07 22:30:22.997865-08:00,irec,i3 Lab (France),,,,pass-field-age-range.json,,,,iReceptor Service,AIRR Data Commons API for iReceptor,3.0,,iReceptor,http://ireceptor.org,support@ireceptor.org,GNU LGPL V3,AIRR Data Commons API,1.2.0,AIRR Community,https://www.antibodysociety.org/the-airr-community/,join@airr-community.org,Major Version 1 of the Adaptive Immune Receptor Repertoire (AIRR) data repository web service application programming interface (API).,AIRR Schema,Schema definitions for AIRR standards objects,1.4.0,AIRR Community,https://github.com/airr-community
4,,,,,,,/home/ubuntu/ireceptor-monitor/performance_scripts/queries/repertoires/pass-query2_repertoire.json,0.5050771236419678,2023-01-08 06:30:23.512622,2023-01-07 22:30:23.512622-08:00,irec,i3 Lab (France),,,,pass-query2_repertoire.json,,,,iReceptor Service,AIRR Data Commons API for iReceptor,3.0,,iReceptor,http://ireceptor.org,support@ireceptor.org,GNU LGPL V3,AIRR Data Commons API,1.2.0,AIRR Community,https://www.antibodysociety.org/the-airr-community/,join@airr-community.org,Major Version 1 of the Adaptive Immune Receptor Repertoire (AIRR) data repository web service application programming interface (API).,AIRR Schema,Schema definitions for AIRR standards objects,1.4.0,AIRR Community,https://github.com/airr-community
0,,,,,,,/home/ubuntu/ireceptor-monitor/performance_scripts/queries/repertoires/pass-all.json,0.9202272891998292,2023-01-08 10:30:22.603421,2023-01-08 02:30:22.603421-08:00,irec,i3 Lab (France),,,,pass-all.json,,,,iReceptor Service,AIRR Data Commons API for iReceptor,3.0,,iReceptor,http://ireceptor.org,support@ireceptor.org,GNU LGPL V3,AIRR Data Commons API,1.2.0,AIRR Community,https://www.antibodysociety.org/the-airr-community/,join@airr-community.org,Major Version 1 of the Adaptive Immune Receptor Repertoire (AIRR) data repository web service application programming interface (API).,AIRR Schema,Schema definitions for AIRR standards objects,1.4.0,AIRR Community,https://github.com/airr-community
1,,,,,,,/home/ubuntu/ireceptor-monitor/performance_scripts/queries/repertoires/pass-field-organism-id.json,0.5485503673553467,2023-01-08 10:30:23.179884,2023-01-08 02:30:23.179884-08:00,irec,i3 Lab (France),,,,pass-field-organism-id.json,,,,iReceptor Service,AIRR Data Commons API for iReceptor,3.0,,iReceptor,http://ireceptor.org,support@ireceptor.org,GNU LGPL V3,AIRR Data Commons API,1.2.0,AIRR Community,https://www.antibodysociety.org/the-airr-community/,join@airr-community.org,Major Version 1 of the Adaptive Immune Receptor Repertoire (AIRR) data repository web service application programming interface (API).,AIRR Schema,Schema definitions for AIRR standards objects,1.4.0,AIRR Community,https://github.com/airr-community
2,,,,,,,/home/ubuntu/ireceptor-monitor/performance_scripts/queries/repertoires/pass-field-pcr_target_locus.json,0.5141134262084961,2023-01-08 10:30:23.703727,2023-01-08 02:30:23.703727-08:00,irec,i3 Lab (France),,,,pass-field-pcr_target_locus.json,,,,iReceptor Service,AIRR Data Commons API for iReceptor,3.0,,iReceptor,http://ireceptor.org,support@ireceptor.org,GNU LGPL V3,AIRR Data Commons API,1.2.0,AIRR Community,https://www.antibodysociety.org/the-airr-community/,join@airr-community.org,Major Version 1 of the Adaptive Immune Receptor Repertoire (AIRR) data repository web service application programming interface (API).,AIRR Schema,Schema definitions for AIRR standards objects,1.4.0,AIRR Community,https://github.com/airr-community
3,,,,,,,/home/ubuntu/ireceptor-monitor/performance_scripts/queries/repertoires/pass-field-age-range.json,0.5117554664611816,2023-01-08 10:30:24.224901,2023-01-08 02:30:24.224901-08:00,irec,i3 Lab (France),,,,pass-field-age-range.json,,,,iReceptor Service,AIRR Data Commons API for iReceptor,3.0,,iReceptor,http://ireceptor.org,support@ireceptor.org,GNU LGPL V3,AIRR Data Commons API,1.2.0,AIRR Community,https://www.antibodysociety.org/the-airr-community/,join@airr-community.org,Major Version 1 of the Adaptive Immune Receptor Repertoire (AIRR) data repository web service application programming interface (API).,AIRR Schema,Schema definitions for AIRR standards objects,1.4.0,AIRR Community,https://github.com/airr-community
4,,,,,,,/home/ubuntu/ireceptor-monitor/performance_scripts/queries/repertoires/pass-query2_repertoire.json,0.5045921802520752,2023-01-08 10:30:24.739464,2023-01-08 02:30:24.739464-08:00,irec,i3 Lab (France),,,,pass-query2_repertoire.json,,,,iReceptor Service,AIRR Data Commons API for iReceptor,3.0,,iReceptor,http://ireceptor.org,support@ireceptor.org,GNU LGPL V3,AIRR Data Commons API,1.2.0,AIRR Community,https://www.antibodysociety.org/the-airr-community/,join@airr-community.org,Major Version 1 of the Adaptive Immune Receptor Repertoire (AIRR) data repository web service application programming interface (API).,AIRR Schema,Schema definitions for AIRR standards objects,1.4.0,AIRR Community,https://github.com/airr-community
0,,,,,,,/home/ubuntu/ireceptor-monitor/performance_scripts/queries/repertoires/pass-all.json,1.0410962104797363,2023-01-08 14:30:21.700580,2023-01-08 06:30:21.700580-08:00,irec,i3 Lab (France),,,,pass-all.json,,,,iReceptor Service,AIRR Data Commons API for iReceptor,3.0,,iReceptor,http://ireceptor.org,support@ireceptor.org,GNU LGPL V3,AIRR Data Commons API,1.2.0,AIRR Community,https://www.antibodysociety.org/the-airr-community/,join@airr-community.org,Major Version 1 of the Adaptive Immune Receptor Repertoire (AIRR) data repository web service application programming interface (API).,AIRR Schema,Schema definitions for AIRR standards objects,1.4.0,AIRR Community,https://github.com/airr-community
1,,,,,,,/home/ubuntu/ireceptor-monitor/performance_scripts/queries/repertoires/pass-field-organism-id.json,0.5149579048156738,2023-01-08 14:30:22.240076,2023-01-08 06:30:22.240076-08:00,irec,i3 Lab (France),,,,pass-field-organism-id.json,,,,iReceptor Service,AIRR Data Commons API for iReceptor,3.0,,iReceptor,http://ireceptor.org,support@ireceptor.org,GNU LGPL V3,AIRR Data Commons API,1.2.0,AIRR Community,https://www.antibodysociety.org/the-airr-community/,join@airr-community.org,Major Version 1 of the Adaptive Immune Receptor Repertoire (AIRR) data repository web service application programming interface (API).,AIRR Schema,Schema definitions for AIRR standards objects,1.4.0,AIRR Community,https://github.com/airr-community
2,,,,,,,/home/ubuntu/ireceptor-monitor/performance_scripts/queries/repertoires/pass-field-pcr_target_locus.json,0.5488727092742921,2023-01-08 14:30:22.797974,2023-01-08 06:30:22.797974-08:00,irec,i3 Lab (France),,,,pass-field-pcr_target_locus.json,,,,iReceptor Service,AIRR Data Commons API for iReceptor,3.0,,iReceptor,http://ireceptor.org,support@ireceptor.org,GNU LGPL V3,AIRR Data Commons API,1.2.0,AIRR Community,https://www.antibodysociety.org/the-airr-community/,join@airr-community.org,Major Version 1 of the Adaptive Immune Receptor Repertoire (AIRR) data repository web service application programming interface (API).,AIRR Schema,Schema definitions for AIRR standards objects,1.4.0,AIRR Community,https://github.com/airr-community
3,,,,,,,/home/ubuntu/ireceptor-monitor/performance_scripts/queries/repertoires/pass-field-age-range.json,0.5686569213867188,2023-01-08 14:30:23.375552,2023-01-08 06:30:23.375552-08:00,irec,i3 Lab (France),,,,pass-field-age-range.json,,,,iReceptor Service,AIRR Data Commons API for iReceptor,3.0,,iReceptor,http://ireceptor.org,support@ireceptor.org,GNU LGPL V3,AIRR Data Commons API,1.2.0,AIRR Community,https://www.antibodysociety.org/the-airr-community/,join@airr-community.org,Major Version 1 of the Adaptive Immune Receptor Repertoire (AIRR) data repository web service application programming interface (API).,AIRR Schema,Schema definitions for AIRR standards objects,1.4.0,AIRR Community,https://github.com/airr-community
4,,,,,,,/home/ubuntu/ireceptor-monitor/performance_scripts/queries/repertoires/pass-query2_repertoire.json,0.6026442050933838,2023-01-08 14:30:23.987079,2023-01-08 06:30:23.987079-08:00,irec,i3 Lab (France),,,,pass-query2_repertoire.json,,,,iReceptor Service,AIRR Data Commons API for iReceptor,3.0,,iReceptor,http://ireceptor.org,support@ireceptor.org,GNU LGPL V3,AIRR Data Commons API,1.2.0,AIRR Community,https://www.antibodysociety.org/the-airr-community/,join@airr-community.org,Major Version 1 of the Adaptive Immune Receptor Repertoire (AIRR) data repository web service application programming interface (API).,AIRR Schema,Schema definitions for AIRR standards objects,1.4.0,AIRR Community,https://github.com/airr-community
0,,,,,,,/home/ubuntu/ireceptor-monitor/performance_scripts/queries/repertoires/pass-all.json,0.9492037296295166,2023-01-08 18:30:21.793378,2023-01-08 10:30:21.793378-08:00,irec,i3 Lab (France),,,,pass-all.json,,,,iReceptor Service,AIRR Data Commons API for iReceptor,3.0,,iReceptor,http://ireceptor.org,support@ireceptor.org,GNU LGPL V3,AIRR Data Commons API,1.2.0,AIRR Community,https://www.antibodysociety.org/the-airr-community/,join@airr-community.org,Major Version 1 of the Adaptive Immune Receptor Repertoire (AIRR) data repository web service application programming interface (API).,AIRR Schema,Schema definitions for AIRR standards objects,1.4.0,AIRR Community,https://github.com/airr-community
1,,,,,,,/home/ubuntu/ireceptor-monitor/performance_scripts/queries/repertoires/pass-field-organism-id.json,0.560640811920166,2023-01-08 18:30:22.378041,2023-01-08 10:30:22.378041-08:00,irec,i3 Lab (France),,,,pass-field-organism-id.json,,,,iReceptor Service,AIRR Data Commons API for iReceptor,3.0,,iReceptor,http://ireceptor.org,support@ireceptor.org,GNU LGPL V3,AIRR Data Commons API,1.2.0,AIRR Community,https://www.antibodysociety.org/the-airr-community/,join@airr-community.org,Major Version 1 of the Adaptive Immune Receptor Repertoire (AIRR) data repository web service application programming interface (API).,AIRR Schema,Schema definitions for AIRR standards objects,1.4.0,AIRR Community,https://github.com/airr-community
2,,,,,,,/home/ubuntu/ireceptor-monitor/performance_scripts/queries/repertoires/pass-field-pcr_target_locus.json,0.5052340030670166,2023-01-08 18:30:22.891795,2023-01-08 10:30:22.891795-08:00,irec,i3 Lab (France),,,,pass-field-pcr_target_locus.json,,,,iReceptor Service,AIRR Data Commons API for iReceptor,3.0,,iReceptor,http://ireceptor.org,support@ireceptor.org,GNU LGPL V3,AIRR Data Commons API,1.2.0,AIRR Community,https://www.antibodysociety.org/the-airr-community/,join@airr-community.org,Major Version 1 of the Adaptive Immune Receptor Repertoire (AIRR) data repository web service application programming interface (API).,AIRR Schema,Schema definitions for AIRR standards objects,1.4.0,AIRR Community,https://github.com/airr-community
3,,,,,,,/home/ubuntu/ireceptor-monitor/performance_scripts/queries/repertoires/pass-field-age-range.json,0.5372202396392822,2023-01-08 18:30:23.437388,2023-01-08 10:30:23.437388-08:00,irec,i3 Lab (France),,,,pass-field-age-range.json,,,,iReceptor Service,AIRR Data Commons API for iReceptor,3.0,,iReceptor,http://ireceptor.org,support@ireceptor.org,GNU LGPL V3,AIRR Data Commons API,1.2.0,AIRR Community,https://www.antibodysociety.org/the-airr-community/,join@airr-community.org,Major Version 1 of the Adaptive Immune Receptor Repertoire (AIRR) data repository web service application programming interface (API).,AIRR Schema,Schema definitions for AIRR standards objects,1.4.0,AIRR Community,https://github.com/airr-community
4,,,,,,,/home/ubuntu/ireceptor-monitor/performance_scripts/queries/repertoires/pass-query2_repertoire.json,0.5082986354827881,2023-01-08 18:30:23.954308,2023-01-08 10:30:23.954308-08:00,irec,i3 Lab (France),,,,pass-query2_repertoire.json,,,,iReceptor Service,AIRR Data Commons API for iReceptor,3.0,,iReceptor,http://ireceptor.org,support@ireceptor.org,GNU LGPL V3,AIRR Data Commons API,1.2.0,AIRR Community,https://www.antibodysociety.org/the-airr-community/,join@airr-community.org,Major Version 1 of the Adaptive Immune Receptor Repertoire (AIRR) data repository web service application programming interface (API).,AIRR Schema,Schema definitions for AIRR standards objects,1.4.0,AIRR Community,https://github.com/airr-community
0,,,,,,,/home/ubuntu/ireceptor-monitor/performance_scripts/queries/repertoires/pass-all.json,0.9170315265655518,2023-01-08 22:30:22.842775,2023-01-08 14:30:22.842775-08:00,irec,i3 Lab (France),,,,pass-all.json,,,,iReceptor Service,AIRR Data Commons API for iReceptor,3.0,,iReceptor,http://ireceptor.org,support@ireceptor.org,GNU LGPL V3,AIRR Data Commons API,1.2.0,AIRR Community,https://www.antibodysociety.org/the-airr-community/,join@airr-community.org,Major Version 1 of the Adaptive Immune Receptor Repertoire (AIRR) data repository web service application programming interface (API).,AIRR Schema,Schema definitions for AIRR standards objects,1.4.0,AIRR Community,https://github.com/airr-community
1,,,,,,,/home/ubuntu/ireceptor-monitor/performance_scripts/queries/repertoires/pass-field-organism-id.json,0.609431266784668,2023-01-08 22:30:23.477965,2023-01-08 14:30:23.477965-08:00,irec,i3 Lab (France),,,,pass-field-organism-id.json,,,,iReceptor Service,AIRR Data Commons API for iReceptor,3.0,,iReceptor,http://ireceptor.org,support@ireceptor.org,GNU LGPL V3,AIRR Data Commons API,1.2.0,AIRR Community,https://www.antibodysociety.org/the-airr-community/,join@airr-community.org,Major Version 1 of the Adaptive Immune Receptor Repertoire (AIRR) data repository web service application programming interface (API).,AIRR Schema,Schema definitions for AIRR standards objects,1.4.0,AIRR Community,https://github.com/airr-community
2,,,,,,,/home/ubuntu/ireceptor-monitor/performance_scripts/queries/repertoires/pass-field-pcr_target_locus.json,0.5384829044342041,2023-01-08 22:30:24.025033,2023-01-08 14:30:24.025033-08:00,irec,i3 Lab (France),,,,pass-field-pcr_target_locus.json,,,,iReceptor Service,AIRR Data Commons API for iReceptor,3.0,,iReceptor,http://ireceptor.org,support@ireceptor.org,GNU LGPL V3,AIRR Data Commons API,1.2.0,AIRR Community,https://www.antibodysociety.org/the-airr-community/,join@airr-community.org,Major Version 1 of the Adaptive Immune Receptor Repertoire (AIRR) data repository web service application programming interface (API).,AIRR Schema,Schema definitions for AIRR standards objects,1.4.0,AIRR Community,https://github.com/airr-community
3,,,,,,,/home/ubuntu/ireceptor-monitor/performance_scripts/queries/repertoires/pass-field-age-range.json,0.5091156959533691,2023-01-08 22:30:24.542720,2023-01-08 14:30:24.542720-08:00,irec,i3 Lab (France),,,,pass-field-age-range.json,,,,iReceptor Service,AIRR Data Commons API for iReceptor,3.0,,iReceptor,http://ireceptor.org,support@ireceptor.org,GNU LGPL V3,AIRR Data Commons API,1.2.0,AIRR Community,https://www.antibodysociety.org/the-airr-community/,join@airr-community.org,Major Version 1 of the Adaptive Immune Receptor Repertoire (AIRR) data repository web service application programming interface (API).,AIRR Schema,Schema definitions for AIRR standards objects,1.4.0,AIRR Community,https://github.com/airr-community
4,,,,,,,/home/ubuntu/ireceptor-monitor/performance_scripts/queries/repertoires/pass-query2_repertoire.json,0.5397260189056396,2023-01-08 22:30:25.091489,2023-01-08 14:30:25.091489-08:00,irec,i3 Lab (France),,,,pass-query2_repertoire.json,,,,iReceptor Service,AIRR Data Commons API for iReceptor,3.0,,iReceptor,http://ireceptor.org,support@ireceptor.org,GNU LGPL V3,AIRR Data Commons API,1.2.0,AIRR Community,https://www.antibodysociety.org/the-airr-community/,join@airr-community.org,Major Version 1 of the Adaptive Immune Receptor Repertoire (AIRR) data repository web service application programming interface (API).,AIRR Schema,Schema definitions for AIRR standards objects,1.4.0,AIRR Community,https://github.com/airr-community
0,,,,,,,/home/ubuntu/ireceptor-monitor/performance_scripts/queries/repertoires/pass-all.json,0.9273061752319336,2023-01-09 02:30:21.929810,2023-01-08 18:30:21.929810-08:00,irec,i3 Lab (France),,,,pass-all.json,,,,iReceptor Service,AIRR Data Commons API for iReceptor,3.0,,iReceptor,http://ireceptor.org,support@ireceptor.org,GNU LGPL V3,AIRR Data Commons API,1.2.0,AIRR Community,https://www.antibodysociety.org/the-airr-community/,join@airr-community.org,Major Version 1 of the Adaptive Immune Receptor Repertoire (AIRR) data repository web service application programming interface (API).,AIRR Schema,Schema definitions for AIRR standards objects,1.4.0,AIRR Community,https://github.com/airr-community
1,,,,,,,/home/ubuntu/ireceptor-monitor/performance_scripts/queries/repertoires/pass-field-organism-id.json,0.5093791484832764,2023-01-09 02:30:22.462400,2023-01-08 18:30:22.462400-08:00,irec,i3 Lab (France),,,,pass-field-organism-id.json,,,,iReceptor Service,AIRR Data Commons API for iReceptor,3.0,,iReceptor,http://ireceptor.org,support@ireceptor.org,GNU LGPL V3,AIRR Data Commons API,1.2.0,AIRR Community,https://www.antibodysociety.org/the-airr-community/,join@airr-community.org,Major Version 1 of the Adaptive Immune Receptor Repertoire (AIRR) data repository web service application programming interface (API).,AIRR Schema,Schema definitions for AIRR standards objects,1.4.0,AIRR Community,https://github.com/airr-community
2,,,,,,,/home/ubuntu/ireceptor-monitor/performance_scripts/queries/repertoires/pass-field-pcr_target_locus.json,0.5064187049865723,2023-01-09 02:30:22.977037,2023-01-08 18:30:22.977037-08:00,irec,i3 Lab (France),,,,pass-field-pcr_target_locus.json,,,,iReceptor Service,AIRR Data Commons API for iReceptor,3.0,,iReceptor,http://ireceptor.org,support@ireceptor.org,GNU LGPL V3,AIRR Data Commons API,1.2.0,AIRR Community,https://www.antibodysociety.org/the-airr-community/,join@airr-community.org,Major Version 1 of the Adaptive Immune Receptor Repertoire (AIRR) data repository web service application programming interface (API).,AIRR Schema,Schema definitions for AIRR standards objects,1.4.0,AIRR Community,https://github.com/airr-community
3,,,,,,,/home/ubuntu/ireceptor-monitor/performance_scripts/queries/repertoires/pass-field-age-range.json,0.5079917907714844,2023-01-09 02:30:23.493802,2023-01-08 18:30:23.493802-08:00,irec,i3 Lab (France),,,,pass-field-age-range.json,,,,iReceptor Service,AIRR Data Commons API for iReceptor,3.0,,iReceptor,http://ireceptor.org,support@ireceptor.org,GNU LGPL V3,AIRR Data Commons API,1.2.0,AIRR Community,https://www.antibodysociety.org/the-airr-community/,join@airr-community.org,Major Version 1 of the Adaptive Immune Receptor Repertoire (AIRR) data repository web service application programming interface (API).,AIRR Schema,Schema definitions for AIRR standards objects,1.4.0,AIRR Community,https://github.com/airr-community
4,,,,,,,/home/ubuntu/ireceptor-monitor/performance_scripts/queries/repertoires/pass-query2_repertoire.json,0.5059428215026855,2023-01-09 02:30:24.008557,2023-01-08 18:30:24.008557-08:00,irec,i3 Lab (France),,,,pass-query2_repertoire.json,,,,iReceptor Service,AIRR Data Commons API for iReceptor,3.0,,iReceptor,http://ireceptor.org,support@ireceptor.org,GNU LGPL V3,AIRR Data Commons API,1.2.0,AIRR Community,https://www.antibodysociety.org/the-airr-community/,join@airr-community.org,Major Version 1 of the Adaptive Immune Receptor Repertoire (AIRR) data repository web service application programming interface (API).,AIRR Schema,Schema definitions for AIRR standards objects,1.4.0,AIRR Community,https://github.com/airr-community
0,,,,,,,/home/ubuntu/ireceptor-monitor/performance_scripts/queries/repertoires/pass-all.json,0.9591710567474364,2023-01-09 06:30:23.207833,2023-01-08 22:30:23.207833-08:00,irec,i3 Lab (France),,,,pass-all.json,,,,iReceptor Service,AIRR Data Commons API for iReceptor,3.0,,iReceptor,http://ireceptor.org,support@ireceptor.org,GNU LGPL V3,AIRR Data Commons API,1.2.0,AIRR Community,https://www.antibodysociety.org/the-airr-community/,join@airr-community.org,Major Version 1 of the Adaptive Immune Receptor Repertoire (AIRR) data repository web service application programming interface (API).,AIRR Schema,Schema definitions for AIRR standards objects,1.4.0,AIRR Community,https://github.com/airr-community
1,,,,,,,/home/ubuntu/ireceptor-monitor/performance_scripts/queries/repertoires/pass-field-organism-id.json,0.6400508880615234,2023-01-09 06:30:23.873762,2023-01-08 22:30:23.873762-08:00,irec,i3 Lab (France),,,,pass-field-organism-id.json,,,,iReceptor Service,AIRR Data Commons API for iReceptor,3.0,,iReceptor,http://ireceptor.org,support@ireceptor.org,GNU LGPL V3,AIRR Data Commons API,1.2.0,AIRR Community,https://www.antibodysociety.org/the-airr-community/,join@airr-community.org,Major Version 1 of the Adaptive Immune Receptor Repertoire (AIRR) data repository web service application programming interface (API).,AIRR Schema,Schema definitions for AIRR standards objects,1.4.0,AIRR Community,https://github.com/airr-community
2,,,,,,,/home/ubuntu/ireceptor-monitor/performance_scripts/queries/repertoires/pass-field-pcr_target_locus.json,0.5633265972137451,2023-01-09 06:30:24.449853,2023-01-08 22:30:24.449853-08:00,irec,i3 Lab (France),,,,pass-field-pcr_target_locus.json,,,,iReceptor Service,AIRR Data Commons API for iReceptor,3.0,,iReceptor,http://ireceptor.org,support@ireceptor.org,GNU LGPL V3,AIRR Data Commons API,1.2.0,AIRR Community,https://www.antibodysociety.org/the-airr-community/,join@airr-community.org,Major Version 1 of the Adaptive Immune Receptor Repertoire (AIRR) data repository web service application programming interface (API).,AIRR Schema,Schema definitions for AIRR standards objects,1.4.0,AIRR Community,https://github.com/airr-community
3,,,,,,,/home/ubuntu/ireceptor-monitor/performance_scripts/queries/repertoires/pass-field-age-range.json,0.8124098777770996,2023-01-09 06:30:25.276085,2023-01-08 22:30:25.276085-08:00,irec,i3 Lab (France),,,,pass-field-age-range.json,,,,iReceptor Service,AIRR Data Commons API for iReceptor,3.0,,iReceptor,http://ireceptor.org,support@ireceptor.org,GNU LGPL V3,AIRR Data Commons API,1.2.0,AIRR Community,https://www.antibodysociety.org/the-airr-community/,join@airr-community.org,Major Version 1 of the Adaptive Immune Receptor Repertoire (AIRR) data repository web service application programming interface (API).,AIRR Schema,Schema definitions for AIRR standards objects,1.4.0,AIRR Community,https://github.com/airr-community
4,,,,,,,/home/ubuntu/ireceptor-monitor/performance_scripts/queries/repertoires/pass-query2_repertoire.json,0.6125955581665039,2023-01-09 06:30:25.901591,2023-01-08 22:30:25.901591-08:00,irec,i3 Lab (France),,,,pass-query2_repertoire.json,,,,iReceptor Service,AIRR Data Commons API for iReceptor,3.0,,iReceptor,http://ireceptor.org,support@ireceptor.org,GNU LGPL V3,AIRR Data Commons API,1.2.0,AIRR Community,https://www.antibodysociety.org/the-airr-community/,join@airr-community.org,Major Version 1 of the Adaptive Immune Receptor Repertoire (AIRR) data repository web service application programming interface (API).,AIRR Schema,Schema definitions for AIRR standards objects,1.4.0,AIRR Community,https://github.com/airr-community
0,,,,,,,/home/ubuntu/ireceptor-monitor/performance_scripts/queries/repertoires/pass-all.json,0.9185051918029784,2023-01-09 10:30:23.388087,2023-01-09 02:30:23.388087-08:00,irec,i3 Lab (France),,,,pass-all.json,,,,iReceptor Service,AIRR Data Commons API for iReceptor,3.0,,iReceptor,http://ireceptor.org,support@ireceptor.org,GNU LGPL V3,AIRR Data Commons API,1.2.0,AIRR Community,https://www.antibodysociety.org/the-airr-community/,join@airr-community.org,Major Version 1 of the Adaptive Immune Receptor Repertoire (AIRR) data repository web service application programming interface (API).,AIRR Schema,Schema definitions for AIRR standards objects,1.4.0,AIRR Community,https://github.com/airr-community
1,,,,,,,/home/ubuntu/ireceptor-monitor/performance_scripts/queries/repertoires/pass-field-organism-id.json,0.5106818675994873,2023-01-09 10:30:23.924334,2023-01-09 02:30:23.924334-08:00,irec,i3 Lab (France),,,,pass-field-organism-id.json,,,,iReceptor Service,AIRR Data Commons API for iReceptor,3.0,,iReceptor,http://ireceptor.org,support@ireceptor.org,GNU LGPL V3,AIRR Data Commons API,1.2.0,AIRR Community,https://www.antibodysociety.org/the-airr-community/,join@airr-community.org,Major Version 1 of the Adaptive Immune Receptor Repertoire (AIRR) data repository web service application programming interface (API).,AIRR Schema,Schema definitions for AIRR standards objects,1.4.0,AIRR Community,https://github.com/airr-community
2,,,,,,,/home/ubuntu/ireceptor-monitor/performance_scripts/queries/repertoires/pass-field-pcr_target_locus.json,0.5331497192382812,2023-01-09 10:30:24.466236,2023-01-09 02:30:24.466236-08:00,irec,i3 Lab (France),,,,pass-field-pcr_target_locus.json,,,,iReceptor Service,AIRR Data Commons API for iReceptor,3.0,,iReceptor,http://ireceptor.org,support@ireceptor.org,GNU LGPL V3,AIRR Data Commons API,1.2.0,AIRR Community,https://www.antibodysociety.org/the-airr-community/,join@airr-community.org,Major Version 1 of the Adaptive Immune Receptor Repertoire (AIRR) data repository web service application programming interface (API).,AIRR Schema,Schema definitions for AIRR standards objects,1.4.0,AIRR Community,https://github.com/airr-community
3,,,,,,,/home/ubuntu/ireceptor-monitor/performance_scripts/queries/repertoires/pass-field-age-range.json,0.5115983486175537,2023-01-09 10:30:24.986573,2023-01-09 02:30:24.986573-08:00,irec,i3 Lab (France),,,,pass-field-age-range.json,,,,iReceptor Service,AIRR Data Commons API for iReceptor,3.0,,iReceptor,http://ireceptor.org,support@ireceptor.org,GNU LGPL V3,AIRR Data Commons API,1.2.0,AIRR Community,https://www.antibodysociety.org/the-airr-community/,join@airr-community.org,Major Version 1 of the Adaptive Immune Receptor Repertoire (AIRR) data repository web service application programming interface (API).,AIRR Schema,Schema definitions for AIRR standards objects,1.4.0,AIRR Community,https://github.com/airr-community
4,,,,,,,/home/ubuntu/ireceptor-monitor/performance_scripts/queries/repertoires/pass-query2_repertoire.json,0.5109636783599854,2023-01-09 10:30:25.506106,2023-01-09 02:30:25.506106-08:00,irec,i3 Lab (France),,,,pass-query2_repertoire.json,,,,iReceptor Service,AIRR Data Commons API for iReceptor,3.0,,iReceptor,http://ireceptor.org,support@ireceptor.org,GNU LGPL V3,AIRR Data Commons API,1.2.0,AIRR Community,https://www.antibodysociety.org/the-airr-community/,join@airr-community.org,Major Version 1 of the Adaptive Immune Receptor Repertoire (AIRR) data repository web service application programming interface (API).,AIRR Schema,Schema definitions for AIRR standards objects,1.4.0,AIRR Community,https://github.com/airr-community
0,,,,,,,/home/ubuntu/ireceptor-monitor/performance_scripts/queries/repertoires/pass-all.json,0.5336985588073729,2023-01-10 10:30:22.629862,2023-01-10 02:30:22.629862-08:00,irec,i3 Lab (France),,,,pass-all.json,,,,iReceptor Service,AIRR Data Commons API for iReceptor,3.0,,iReceptor,http://ireceptor.org,support@ireceptor.org,GNU LGPL V3,AIRR Data Commons API,1.2.0,AIRR Community,https://www.antibodysociety.org/the-airr-community/,join@airr-community.org,Major Version 1 of the Adaptive Immune Receptor Repertoire (AIRR) data repository web service application programming interface (API).,AIRR Schema,Schema definitions for AIRR standards objects,1.4.0,AIRR Community,https://github.com/airr-community
1,,,,,,,/home/ubuntu/ireceptor-monitor/performance_scripts/queries/repertoires/pass-field-organism-id.json,0.5246949195861816,2023-01-10 10:30:23.181590,2023-01-10 02:30:23.181590-08:00,irec,i3 Lab (France),,,,pass-field-organism-id.json,,,,iReceptor Service,AIRR Data Commons API for iReceptor,3.0,,iReceptor,http://ireceptor.org,support@ireceptor.org,GNU LGPL V3,AIRR Data Commons API,1.2.0,AIRR Community,https://www.antibodysociety.org/the-airr-community/,join@airr-community.org,Major Version 1 of the Adaptive Immune Receptor Repertoire (AIRR) data repository web service application programming interface (API).,AIRR Schema,Schema definitions for AIRR standards objects,1.4.0,AIRR Community,https://github.com/airr-community
2,,,,,,,/home/ubuntu/ireceptor-monitor/performance_scripts/queries/repertoires/pass-field-pcr_target_locus.json,0.5155429840087891,2023-01-10 10:30:23.706374,2023-01-10 02:30:23.706374-08:00,irec,i3 Lab (France),,,,pass-field-pcr_target_locus.json,,,,iReceptor Service,AIRR Data Commons API for iReceptor,3.0,,iReceptor,http://ireceptor.org,support@ireceptor.org,GNU LGPL V3,AIRR Data Commons API,1.2.0,AIRR Community,https://www.antibodysociety.org/the-airr-community/,join@airr-community.org,Major Version 1 of the Adaptive Immune Receptor Repertoire (AIRR) data repository web service application programming interface (API).,AIRR Schema,Schema definitions for AIRR standards objects,1.4.0,AIRR Community,https://github.com/airr-community
3,,,,,,,/home/ubuntu/ireceptor-monitor/performance_scripts/queries/repertoires/pass-field-age-range.json,0.5652608871459961,2023-01-10 10:30:24.280911,2023-01-10 02:30:24.280911-08:00,irec,i3 Lab (France),,,,pass-field-age-range.json,,,,iReceptor Service,AIRR Data Commons API for iReceptor,3.0,,iReceptor,http://ireceptor.org,support@ireceptor.org,GNU LGPL V3,AIRR Data Commons API,1.2.0,AIRR Community,https://www.antibodysociety.org/the-airr-community/,join@airr-community.org,Major Version 1 of the Adaptive Immune Receptor Repertoire (AIRR) data repository web service application programming interface (API).,AIRR Schema,Schema definitions for AIRR standards objects,1.4.0,AIRR Community,https://github.com/airr-community
4,,,,,,,/home/ubuntu/ireceptor-monitor/performance_scripts/queries/repertoires/pass-query2_repertoire.json,0.5166447162628174,2023-01-10 10:30:24.806940,2023-01-10 02:30:24.806940-08:00,irec,i3 Lab (France),,,,pass-query2_repertoire.json,,,,iReceptor Service,AIRR Data Commons API for iReceptor,3.0,,iReceptor,http://ireceptor.org,support@ireceptor.org,GNU LGPL V3,AIRR Data Commons API,1.2.0,AIRR Community,https://www.antibodysociety.org/the-airr-community/,join@airr-community.org,Major Version 1 of the Adaptive Immune Receptor Repertoire (AIRR) data repository web service application programming interface (API).,AIRR Schema,Schema definitions for AIRR standards objects,1.4.0,AIRR Community,https://github.com/airr-community
0,,,,,,,/home/ubuntu/ireceptor-monitor/performance_scripts/queries/repertoires/pass-all.json,0.9305202960968018,2023-01-10 18:30:21.259870,2023-01-10 10:30:21.259870-08:00,irec,i3 Lab (France),,,,pass-all.json,,,,iReceptor Service,AIRR Data Commons API for iReceptor,3.0,,iReceptor,http://ireceptor.org,support@ireceptor.org,GNU LGPL V3,AIRR Data Commons API,1.2.0,AIRR Community,https://www.antibodysociety.org/the-airr-community/,join@airr-community.org,Major Version 1 of the Adaptive Immune Receptor Repertoire (AIRR) data repository web service application programming interface (API).,AIRR Schema,Schema definitions for AIRR standards objects,1.4.0,AIRR Community,https://github.com/airr-community
1,,,,,,,/home/ubuntu/ireceptor-monitor/performance_scripts/queries/repertoires/pass-field-organism-id.json,0.5121476650238037,2023-01-10 18:30:21.796849,2023-01-10 10:30:21.796849-08:00,irec,i3 Lab (France),,,,pass-field-organism-id.json,,,,iReceptor Service,AIRR Data Commons API for iReceptor,3.0,,iReceptor,http://ireceptor.org,support@ireceptor.org,GNU LGPL V3,AIRR Data Commons API,1.2.0,AIRR Community,https://www.antibodysociety.org/the-airr-community/,join@airr-community.org,Major Version 1 of the Adaptive Immune Receptor Repertoire (AIRR) data repository web service application programming interface (API).,AIRR Schema,Schema definitions for AIRR standards objects,1.4.0,AIRR Community,https://github.com/airr-community
2,,,,,,,/home/ubuntu/ireceptor-monitor/performance_scripts/queries/repertoires/pass-field-pcr_target_locus.json,0.5195779800415039,2023-01-10 18:30:22.325171,2023-01-10 10:30:22.325171-08:00,irec,i3 Lab (France),,,,pass-field-pcr_target_locus.json,,,,iReceptor Service,AIRR Data Commons API for iReceptor,3.0,,iReceptor,http://ireceptor.org,support@ireceptor.org,GNU LGPL V3,AIRR Data Commons API,1.2.0,AIRR Community,https://www.antibodysociety.org/the-airr-community/,join@airr-community.org,Major Version 1 of the Adaptive Immune Receptor Repertoire (AIRR) data repository web service application programming interface (API).,AIRR Schema,Schema definitions for AIRR standards objects,1.4.0,AIRR Community,https://github.com/airr-community
3,,,,,,,/home/ubuntu/ireceptor-monitor/performance_scripts/queries/repertoires/pass-field-age-range.json,0.5129857063293457,2023-01-10 18:30:22.846809,2023-01-10 10:30:22.846809-08:00,irec,i3 Lab (France),,,,pass-field-age-range.json,,,,iReceptor Service,AIRR Data Commons API for iReceptor,3.0,,iReceptor,http://ireceptor.org,support@ireceptor.org,GNU LGPL V3,AIRR Data Commons API,1.2.0,AIRR Community,https://www.antibodysociety.org/the-airr-community/,join@airr-community.org,Major Version 1 of the Adaptive Immune Receptor Repertoire (AIRR) data repository web service application programming interface (API).,AIRR Schema,Schema definitions for AIRR standards objects,1.4.0,AIRR Community,https://github.com/airr-community
4,,,,,,,/home/ubuntu/ireceptor-monitor/performance_scripts/queries/repertoires/pass-query2_repertoire.json,0.5063507556915283,2023-01-10 18:30:23.361845,2023-01-10 10:30:23.361845-08:00,irec,i3 Lab (France),,,,pass-query2_repertoire.json,,,,iReceptor Service,AIRR Data Commons API for iReceptor,3.0,,iReceptor,http://ireceptor.org,support@ireceptor.org,GNU LGPL V3,AIRR Data Commons API,1.2.0,AIRR Community,https://www.antibodysociety.org/the-airr-community/,join@airr-community.org,Major Version 1 of the Adaptive Immune Receptor Repertoire (AIRR) data repository web service application programming interface (API).,AIRR Schema,Schema definitions for AIRR standards objects,1.4.0,AIRR Community,https://github.com/airr-community
0,,,,,,,/home/ubuntu/ireceptor-monitor/performance_scripts/queries/repertoires/pass-all.json,0.991518259048462,2023-01-10 22:30:24.049489,2023-01-10 14:30:24.049489-08:00,irec,i3 Lab (France),,,,pass-all.json,,,,iReceptor Service,AIRR Data Commons API for iReceptor,3.0,,iReceptor,http://ireceptor.org,support@ireceptor.org,GNU LGPL V3,AIRR Data Commons API,1.2.0,AIRR Community,https://www.antibodysociety.org/the-airr-community/,join@airr-community.org,Major Version 1 of the Adaptive Immune Receptor Repertoire (AIRR) data repository web service application programming interface (API).,AIRR Schema,Schema definitions for AIRR standards objects,1.4.0,AIRR Community,https://github.com/airr-community
1,,,,,,,/home/ubuntu/ireceptor-monitor/performance_scripts/queries/repertoires/pass-field-organism-id.json,0.5138716697692871,2023-01-10 22:30:24.588791,2023-01-10 14:30:24.588791-08:00,irec,i3 Lab (France),,,,pass-field-organism-id.json,,,,iReceptor Service,AIRR Data Commons API for iReceptor,3.0,,iReceptor,http://ireceptor.org,support@ireceptor.org,GNU LGPL V3,AIRR Data Commons API,1.2.0,AIRR Community,https://www.antibodysociety.org/the-airr-community/,join@airr-community.org,Major Version 1 of the Adaptive Immune Receptor Repertoire (AIRR) data repository web service application programming interface (API).,AIRR Schema,Schema definitions for AIRR standards objects,1.4.0,AIRR Community,https://github.com/airr-community
2,,,,,,,/home/ubuntu/ireceptor-monitor/performance_scripts/queries/repertoires/pass-field-pcr_target_locus.json,0.6035201549530029,2023-01-10 22:30:25.201078,2023-01-10 14:30:25.201078-08:00,irec,i3 Lab (France),,,,pass-field-pcr_target_locus.json,,,,iReceptor Service,AIRR Data Commons API for iReceptor,3.0,,iReceptor,http://ireceptor.org,support@ireceptor.org,GNU LGPL V3,AIRR Data Commons API,1.2.0,AIRR Community,https://www.antibodysociety.org/the-airr-community/,join@airr-community.org,Major Version 1 of the Adaptive Immune Receptor Repertoire (AIRR) data repository web service application programming interface (API).,AIRR Schema,Schema definitions for AIRR standards objects,1.4.0,AIRR Community,https://github.com/airr-community
3,,,,,,,/home/ubuntu/ireceptor-monitor/performance_scripts/queries/repertoires/pass-field-age-range.json,0.5108509063720703,2023-01-10 22:30:25.720519,2023-01-10 14:30:25.720519-08:00,irec,i3 Lab (France),,,,pass-field-age-range.json,,,,iReceptor Service,AIRR Data Commons API for iReceptor,3.0,,iReceptor,http://ireceptor.org,support@ireceptor.org,GNU LGPL V3,AIRR Data Commons API,1.2.0,AIRR Community,https://www.antibodysociety.org/the-airr-community/,join@airr-community.org,Major Version 1 of the Adaptive Immune Receptor Repertoire (AIRR) data repository web service application programming interface (API).,AIRR Schema,Schema definitions for AIRR standards objects,1.4.0,AIRR Community,https://github.com/airr-community
4,,,,,,,/home/ubuntu/ireceptor-monitor/performance_scripts/queries/repertoires/pass-query2_repertoire.json,0.5215423107147217,2023-01-10 22:30:26.250336,2023-01-10 14:30:26.250336-08:00,irec,i3 Lab (France),,,,pass-query2_repertoire.json,,,,iReceptor Service,AIRR Data Commons API for iReceptor,3.0,,iReceptor,http://ireceptor.org,support@ireceptor.org,GNU LGPL V3,AIRR Data Commons API,1.2.0,AIRR Community,https://www.antibodysociety.org/the-airr-community/,join@airr-community.org,Major Version 1 of the Adaptive Immune Receptor Repertoire (AIRR) data repository web service application programming interface (API).,AIRR Schema,Schema definitions for AIRR standards objects,1.4.0,AIRR Community,https://github.com/airr-community
0,,,,,,,/home/ubuntu/ireceptor-monitor/performance_scripts/queries/repertoires/pass-all.json,0.9211487770080566,2023-01-11 02:30:23.048707,2023-01-10 18:30:23.048707-08:00,irec,i3 Lab (France),,,,pass-all.json,,,,iReceptor Service,AIRR Data Commons API for iReceptor,3.0,,iReceptor,http://ireceptor.org,support@ireceptor.org,GNU LGPL V3,AIRR Data Commons API,1.2.0,AIRR Community,https://www.antibodysociety.org/the-airr-community/,join@airr-community.org,Major Version 1 of the Adaptive Immune Receptor Repertoire (AIRR) data repository web service application programming interface (API).,AIRR Schema,Schema definitions for AIRR standards objects,1.4.0,AIRR Community,https://github.com/airr-community
1,,,,,,,/home/ubuntu/ireceptor-monitor/performance_scripts/queries/repertoires/pass-field-organism-id.json,0.5069744586944579,2023-01-11 02:30:23.581644,2023-01-10 18:30:23.581644-08:00,irec,i3 Lab (France),,,,pass-field-organism-id.json,,,,iReceptor Service,AIRR Data Commons API for iReceptor,3.0,,iReceptor,http://ireceptor.org,support@ireceptor.org,GNU LGPL V3,AIRR Data Commons API,1.2.0,AIRR Community,https://www.antibodysociety.org/the-airr-community/,join@airr-community.org,Major Version 1 of the Adaptive Immune Receptor Repertoire (AIRR) data repository web service application programming interface (API).,AIRR Schema,Schema definitions for AIRR standards objects,1.4.0,AIRR Community,https://github.com/airr-community
2,,,,,,,/home/ubuntu/ireceptor-monitor/performance_scripts/queries/repertoires/pass-field-pcr_target_locus.json,0.5390391349792479,2023-01-11 02:30:24.129634,2023-01-10 18:30:24.129634-08:00,irec,i3 Lab (France),,,,pass-field-pcr_target_locus.json,,,,iReceptor Service,AIRR Data Commons API for iReceptor,3.0,,iReceptor,http://ireceptor.org,support@ireceptor.org,GNU LGPL V3,AIRR Data Commons API,1.2.0,AIRR Community,https://www.antibodysociety.org/the-airr-community/,join@airr-community.org,Major Version 1 of the Adaptive Immune Receptor Repertoire (AIRR) data repository web service application programming interface (API).,AIRR Schema,Schema definitions for AIRR standards objects,1.4.0,AIRR Community,https://github.com/airr-community
3,,,,,,,/home/ubuntu/ireceptor-monitor/performance_scripts/queries/repertoires/pass-field-age-range.json,0.7060573101043701,2023-01-11 02:30:24.849135,2023-01-10 18:30:24.849135-08:00,irec,i3 Lab (France),,,,pass-field-age-range.json,,,,iReceptor Service,AIRR Data Commons API for iReceptor,3.0,,iReceptor,http://ireceptor.org,support@ireceptor.org,GNU LGPL V3,AIRR Data Commons API,1.2.0,AIRR Community,https://www.antibodysociety.org/the-airr-community/,join@airr-community.org,Major Version 1 of the Adaptive Immune Receptor Repertoire (AIRR) data repository web service application programming interface (API).,AIRR Schema,Schema definitions for AIRR standards objects,1.4.0,AIRR Community,https://github.com/airr-community
4,,,,,,,/home/ubuntu/ireceptor-monitor/performance_scripts/queries/repertoires/pass-query2_repertoire.json,0.5733153820037842,2023-01-11 02:30:25.434441,2023-01-10 18:30:25.434441-08:00,irec,i3 Lab (France),,,,pass-query2_repertoire.json,,,,iReceptor Service,AIRR Data Commons API for iReceptor,3.0,,iReceptor,http://ireceptor.org,support@ireceptor.org,GNU LGPL V3,AIRR Data Commons API,1.2.0,AIRR Community,https://www.antibodysociety.org/the-airr-community/,join@airr-community.org,Major Version 1 of the Adaptive Immune Receptor Repertoire (AIRR) data repository web service application programming interface (API).,AIRR Schema,Schema definitions for AIRR standards objects,1.4.0,AIRR Community,https://github.com/airr-community
0,,,,,,,/home/ubuntu/ireceptor-monitor/performance_scripts/queries/repertoires/pass-all.json,0.9449687004089355,2023-01-11 06:30:22.514469,2023-01-10 22:30:22.514469-08:00,irec,i3 Lab (France),,,,pass-all.json,,,,iReceptor Service,AIRR Data Commons API for iReceptor,3.0,,iReceptor,http://ireceptor.org,support@ireceptor.org,GNU LGPL V3,AIRR Data Commons API,1.2.0,AIRR Community,https://www.antibodysociety.org/the-airr-community/,join@airr-community.org,Major Version 1 of the Adaptive Immune Receptor Repertoire (AIRR) data repository web service application programming interface (API).,AIRR Schema,Schema definitions for AIRR standards objects,1.4.0,AIRR Community,https://github.com/airr-community
1,,,,,,,/home/ubuntu/ireceptor-monitor/performance_scripts/queries/repertoires/pass-field-organism-id.json,0.5201082229614258,2023-01-11 06:30:23.059849,2023-01-10 22:30:23.059849-08:00,irec,i3 Lab (France),,,,pass-field-organism-id.json,,,,iReceptor Service,AIRR Data Commons API for iReceptor,3.0,,iReceptor,http://ireceptor.org,support@ireceptor.org,GNU LGPL V3,AIRR Data Commons API,1.2.0,AIRR Community,https://www.antibodysociety.org/the-airr-community/,join@airr-community.org,Major Version 1 of the Adaptive Immune Receptor Repertoire (AIRR) data repository web service application programming interface (API).,AIRR Schema,Schema definitions for AIRR standards objects,1.4.0,AIRR Community,https://github.com/airr-community
2,,,,,,,/home/ubuntu/ireceptor-monitor/performance_scripts/queries/repertoires/pass-field-pcr_target_locus.json,0.5197250843048096,2023-01-11 06:30:23.588457,2023-01-10 22:30:23.588457-08:00,irec,i3 Lab (France),,,,pass-field-pcr_target_locus.json,,,,iReceptor Service,AIRR Data Commons API for iReceptor,3.0,,iReceptor,http://ireceptor.org,support@ireceptor.org,GNU LGPL V3,AIRR Data Commons API,1.2.0,AIRR Community,https://www.antibodysociety.org/the-airr-community/,join@airr-community.org,Major Version 1 of the Adaptive Immune Receptor Repertoire (AIRR) data repository web service application programming interface (API).,AIRR Schema,Schema definitions for AIRR standards objects,1.4.0,AIRR Community,https://github.com/airr-community
3,,,,,,,/home/ubuntu/ireceptor-monitor/performance_scripts/queries/repertoires/pass-field-age-range.json,0.5119552612304688,2023-01-11 06:30:24.108977,2023-01-10 22:30:24.108977-08:00,irec,i3 Lab (France),,,,pass-field-age-range.json,,,,iReceptor Service,AIRR Data Commons API for iReceptor,3.0,,iReceptor,http://ireceptor.org,support@ireceptor.org,GNU LGPL V3,AIRR Data Commons API,1.2.0,AIRR Community,https://www.antibodysociety.org/the-airr-community/,join@airr-community.org,Major Version 1 of the Adaptive Immune Receptor Repertoire (AIRR) data repository web service application programming interface (API).,AIRR Schema,Schema definitions for AIRR standards objects,1.4.0,AIRR Community,https://github.com/airr-community
4,,,,,,,/home/ubuntu/ireceptor-monitor/performance_scripts/queries/repertoires/pass-query2_repertoire.json,0.5080957412719727,2023-01-11 06:30:24.625671,2023-01-10 22:30:24.625671-08:00,irec,i3 Lab (France),,,,pass-query2_repertoire.json,,,,iReceptor Service,AIRR Data Commons API for iReceptor,3.0,,iReceptor,http://ireceptor.org,support@ireceptor.org,GNU LGPL V3,AIRR Data Commons API,1.2.0,AIRR Community,https://www.antibodysociety.org/the-airr-community/,join@airr-community.org,Major Version 1 of the Adaptive Immune Receptor Repertoire (AIRR) data repository web service application programming interface (API).,AIRR Schema,Schema definitions for AIRR standards objects,1.4.0,AIRR Community,https://github.com/airr-community
0,,,,,,,/home/ubuntu/ireceptor-monitor/performance_scripts/queries/repertoires/pass-all.json,0.9240334033966064,2023-01-11 10:30:23.848582,2023-01-11 02:30:23.848582-08:00,irec,i3 Lab (France),,,,pass-all.json,,,,iReceptor Service,AIRR Data Commons API for iReceptor,3.0,,iReceptor,http://ireceptor.org,support@ireceptor.org,GNU LGPL V3,AIRR Data Commons API,1.2.0,AIRR Community,https://www.antibodysociety.org/the-airr-community/,join@airr-community.org,Major Version 1 of the Adaptive Immune Receptor Repertoire (AIRR) data repository web service application programming interface (API).,AIRR Schema,Schema definitions for AIRR standards objects,1.4.0,AIRR Community,https://github.com/airr-community
1,,,,,,,/home/ubuntu/ireceptor-monitor/performance_scripts/queries/repertoires/pass-field-organism-id.json,0.5243942737579346,2023-01-11 10:30:24.396681,2023-01-11 02:30:24.396681-08:00,irec,i3 Lab (France),,,,pass-field-organism-id.json,,,,iReceptor Service,AIRR Data Commons API for iReceptor,3.0,,iReceptor,http://ireceptor.org,support@ireceptor.org,GNU LGPL V3,AIRR Data Commons API,1.2.0,AIRR Community,https://www.antibodysociety.org/the-airr-community/,join@airr-community.org,Major Version 1 of the Adaptive Immune Receptor Repertoire (AIRR) data repository web service application programming interface (API).,AIRR Schema,Schema definitions for AIRR standards objects,1.4.0,AIRR Community,https://github.com/airr-community
2,,,,,,,/home/ubuntu/ireceptor-monitor/performance_scripts/queries/repertoires/pass-field-pcr_target_locus.json,0.5152163505554199,2023-01-11 10:30:24.920222,2023-01-11 02:30:24.920222-08:00,irec,i3 Lab (France),,,,pass-field-pcr_target_locus.json,,,,iReceptor Service,AIRR Data Commons API for iReceptor,3.0,,iReceptor,http://ireceptor.org,support@ireceptor.org,GNU LGPL V3,AIRR Data Commons API,1.2.0,AIRR Community,https://www.antibodysociety.org/the-airr-community/,join@airr-community.org,Major Version 1 of the Adaptive Immune Receptor Repertoire (AIRR) data repository web service application programming interface (API).,AIRR Schema,Schema definitions for AIRR standards objects,1.4.0,AIRR Community,https://github.com/airr-community
3,,,,,,,/home/ubuntu/ireceptor-monitor/performance_scripts/queries/repertoires/pass-field-age-range.json,0.5098836421966553,2023-01-11 10:30:25.438267,2023-01-11 02:30:25.438267-08:00,irec,i3 Lab (France),,,,pass-field-age-range.json,,,,iReceptor Service,AIRR Data Commons API for iReceptor,3.0,,iReceptor,http://ireceptor.org,support@ireceptor.org,GNU LGPL V3,AIRR Data Commons API,1.2.0,AIRR Community,https://www.antibodysociety.org/the-airr-community/,join@airr-community.org,Major Version 1 of the Adaptive Immune Receptor Repertoire (AIRR) data repository web service application programming interface (API).,AIRR Schema,Schema definitions for AIRR standards objects,1.4.0,AIRR Community,https://github.com/airr-community
4,,,,,,,/home/ubuntu/ireceptor-monitor/performance_scripts/queries/repertoires/pass-query2_repertoire.json,0.5143129825592041,2023-01-11 10:30:25.961040,2023-01-11 02:30:25.961040-08:00,irec,i3 Lab (France),,,,pass-query2_repertoire.json,,,,iReceptor Service,AIRR Data Commons API for iReceptor,3.0,,iReceptor,http://ireceptor.org,support@ireceptor.org,GNU LGPL V3,AIRR Data Commons API,1.2.0,AIRR Community,https://www.antibodysociety.org/the-airr-community/,join@airr-community.org,Major Version 1 of the Adaptive Immune Receptor Repertoire (AIRR) data repository web service application programming interface (API).,AIRR Schema,Schema definitions for AIRR standards objects,1.4.0,AIRR Community,https://github.com/airr-community
0,,,,,,,/home/ubuntu/ireceptor-monitor/performance_scripts/queries/repertoires/pass-all.json,1.0548117160797121,2023-01-11 14:30:21.912297,2023-01-11 06:30:21.912297-08:00,irec,i3 Lab (France),,,,pass-all.json,,,,iReceptor Service,AIRR Data Commons API for iReceptor,3.0,,iReceptor,http://ireceptor.org,support@ireceptor.org,GNU LGPL V3,AIRR Data Commons API,1.2.0,AIRR Community,https://www.antibodysociety.org/the-airr-community/,join@airr-community.org,Major Version 1 of the Adaptive Immune Receptor Repertoire (AIRR) data repository web service application programming interface (API).,AIRR Schema,Schema definitions for AIRR standards objects,1.4.0,AIRR Community,https://github.com/airr-community
1,,,,,,,/home/ubuntu/ireceptor-monitor/performance_scripts/queries/repertoires/pass-field-organism-id.json,0.5116715431213379,2023-01-11 14:30:22.447976,2023-01-11 06:30:22.447976-08:00,irec,i3 Lab (France),,,,pass-field-organism-id.json,,,,iReceptor Service,AIRR Data Commons API for iReceptor,3.0,,iReceptor,http://ireceptor.org,support@ireceptor.org,GNU LGPL V3,AIRR Data Commons API,1.2.0,AIRR Community,https://www.antibodysociety.org/the-airr-community/,join@airr-community.org,Major Version 1 of the Adaptive Immune Receptor Repertoire (AIRR) data repository web service application programming interface (API).,AIRR Schema,Schema definitions for AIRR standards objects,1.4.0,AIRR Community,https://github.com/airr-community
2,,,,,,,/home/ubuntu/ireceptor-monitor/performance_scripts/queries/repertoires/pass-field-pcr_target_locus.json,0.5206255912780762,2023-01-11 14:30:22.983831,2023-01-11 06:30:22.983831-08:00,irec,i3 Lab (France),,,,pass-field-pcr_target_locus.json,,,,iReceptor Service,AIRR Data Commons API for iReceptor,3.0,,iReceptor,http://ireceptor.org,support@ireceptor.org,GNU LGPL V3,AIRR Data Commons API,1.2.0,AIRR Community,https://www.antibodysociety.org/the-airr-community/,join@airr-community.org,Major Version 1 of the Adaptive Immune Receptor Repertoire (AIRR) data repository web service application programming interface (API).,AIRR Schema,Schema definitions for AIRR standards objects,1.4.0,AIRR Community,https://github.com/airr-community
3,,,,,,,/home/ubuntu/ireceptor-monitor/performance_scripts/queries/repertoires/pass-field-age-range.json,0.513275146484375,2023-01-11 14:30:23.512097,2023-01-11 06:30:23.512097-08:00,irec,i3 Lab (France),,,,pass-field-age-range.json,,,,iReceptor Service,AIRR Data Commons API for iReceptor,3.0,,iReceptor,http://ireceptor.org,support@ireceptor.org,GNU LGPL V3,AIRR Data Commons API,1.2.0,AIRR Community,https://www.antibodysociety.org/the-airr-community/,join@airr-community.org,Major Version 1 of the Adaptive Immune Receptor Repertoire (AIRR) data repository web service application programming interface (API).,AIRR Schema,Schema definitions for AIRR standards objects,1.4.0,AIRR Community,https://github.com/airr-community
4,,,,,,,/home/ubuntu/ireceptor-monitor/performance_scripts/queries/repertoires/pass-query2_repertoire.json,0.5814261436462402,2023-01-11 14:30:24.103307,2023-01-11 06:30:24.103307-08:00,irec,i3 Lab (France),,,,pass-query2_repertoire.json,,,,iReceptor Service,AIRR Data Commons API for iReceptor,3.0,,iReceptor,http://ireceptor.org,support@ireceptor.org,GNU LGPL V3,AIRR Data Commons API,1.2.0,AIRR Community,https://www.antibodysociety.org/the-airr-community/,join@airr-community.org,Major Version 1 of the Adaptive Immune Receptor Repertoire (AIRR) data repository web service application programming interface (API).,AIRR Schema,Schema definitions for AIRR standards objects,1.4.0,AIRR Community,https://github.com/airr-community
0,,,,,,,/home/ubuntu/ireceptor-monitor/performance_scripts/queries/repertoires/pass-all.json,1.0678727626800537,2023-01-13 10:40:56.322757,2023-01-13 02:40:56.322757-08:00,irec,i3 Lab (France),,,,pass-all.json,,,,iReceptor Service,AIRR Data Commons API for iReceptor,3.0,,iReceptor,http://ireceptor.org,support@ireceptor.org,GNU LGPL V3,AIRR Data Commons API,1.2.0,AIRR Community,https://www.antibodysociety.org/the-airr-community/,join@airr-community.org,Major Version 1 of the Adaptive Immune Receptor Repertoire (AIRR) data repository web service application programming interface (API).,AIRR Schema,Schema definitions for AIRR standards objects,1.4.0,AIRR Community,https://github.com/airr-community
1,,,,,,,/home/ubuntu/ireceptor-monitor/performance_scripts/queries/repertoires/pass-field-organism-id.json,1.0171706676483154,2023-01-13 10:40:57.366459,2023-01-13 02:40:57.366459-08:00,irec,i3 Lab (France),,,,pass-field-organism-id.json,,,,iReceptor Service,AIRR Data Commons API for iReceptor,3.0,,iReceptor,http://ireceptor.org,support@ireceptor.org,GNU LGPL V3,AIRR Data Commons API,1.2.0,AIRR Community,https://www.antibodysociety.org/the-airr-community/,join@airr-community.org,Major Version 1 of the Adaptive Immune Receptor Repertoire (AIRR) data repository web service application programming interface (API).,AIRR Schema,Schema definitions for AIRR standards objects,1.4.0,AIRR Community,https://github.com/airr-community
2,,,,,,,/home/ubuntu/ireceptor-monitor/performance_scripts/queries/repertoires/pass-field-pcr_target_locus.json,0.5048682689666748,2023-01-13 10:40:57.879975,2023-01-13 02:40:57.879975-08:00,irec,i3 Lab (France),,,,pass-field-pcr_target_locus.json,,,,iReceptor Service,AIRR Data Commons API for iReceptor,3.0,,iReceptor,http://ireceptor.org,support@ireceptor.org,GNU LGPL V3,AIRR Data Commons API,1.2.0,AIRR Community,https://www.antibodysociety.org/the-airr-community/,join@airr-community.org,Major Version 1 of the Adaptive Immune Receptor Repertoire (AIRR) data repository web service application programming interface (API).,AIRR Schema,Schema definitions for AIRR standards objects,1.4.0,AIRR Community,https://github.com/airr-community
3,,,,,,,/home/ubuntu/ireceptor-monitor/performance_scripts/queries/repertoires/pass-field-age-range.json,0.9213557243347168,2023-01-13 10:40:58.813014,2023-01-13 02:40:58.813014-08:00,irec,i3 Lab (France),,,,pass-field-age-range.json,,,,iReceptor Service,AIRR Data Commons API for iReceptor,3.0,,iReceptor,http://ireceptor.org,support@ireceptor.org,GNU LGPL V3,AIRR Data Commons API,1.2.0,AIRR Community,https://www.antibodysociety.org/the-airr-community/,join@airr-community.org,Major Version 1 of the Adaptive Immune Receptor Repertoire (AIRR) data repository web service application programming interface (API).,AIRR Schema,Schema definitions for AIRR standards objects,1.4.0,AIRR Community,https://github.com/airr-community
4,,,,,,,/home/ubuntu/ireceptor-monitor/performance_scripts/queries/repertoires/pass-query2_repertoire.json,0.5125782489776611,2023-01-13 10:40:59.334656,2023-01-13 02:40:59.334656-08:00,irec,i3 Lab (France),,,,pass-query2_repertoire.json,,,,iReceptor Service,AIRR Data Commons API for iReceptor,3.0,,iReceptor,http://ireceptor.org,support@ireceptor.org,GNU LGPL V3,AIRR Data Commons API,1.2.0,AIRR Community,https://www.antibodysociety.org/the-airr-community/,join@airr-community.org,Major Version 1 of the Adaptive Immune Receptor Repertoire (AIRR) data repository web service application programming interface (API).,AIRR Schema,Schema definitions for AIRR standards objects,1.4.0,AIRR Community,https://github.com/airr-community
